tx_id,persona,item,qty,price,category
student-00000,student,Bun maska,1,30.0,Food & Dining
student-00000,student,Poha,1,35.0,Food & Dining
student-00001,student,Cold coffee,1,50.0,Food & Dining
student-00001,student,Vada pav,2,40.0,Food & Dining
student-00002,student,Poha,1,35.0,Food & Dining
student-00003,student,Poha,1,35.0,Food & Dining
student-00004,student,Chicken biryani,1,280.0,Food & Dining
student-00004,student,Paneer butter masala,1,240.0,Food & Dining
student-00004,student,Veg fried rice,1,190.0,Food & Dining
student-00005,student,Biscuits,1,40.0,Groceries
student-00005,student,Detergent 1kg,1,199.0,Groceries
student-00005,student,Amul milk 1L,1,68.0,Groceries
student-00005,student,Bournvita 500g,1,245.0,Groceries
student-00006,student,Uber Go ride,1,349.0,Travel
student-00007,student,Cutting chai,1,81,Food & Dining
student-00008,student,Bike taxi ride,1,120.0,Travel
student-00009,student,Poha,1,35.0,Food & Dining
student-00010,student,Poha,1,35.0,Food & Dining
student-00010,student,Bun maska,2,60.0,Food & Dining
student-00011,student,Bun maska,1,30.0,Food & Dining
student-00012,student,Prepaid recharge 28 days,1,253.0,Bills & Utilities
student-00013,student,Poha,1,35.0,Food & Dining
student-00013,student,Bun maska,2,60.0,Food & Dining
student-00014,student,Poha,1,35.0,Food & Dining
student-00015,student,PG rent,1,7500.0,Bills & Utilities
student-00016,student,Popcorn combo,1,320.0,Entertainment
student-00016,student,Movie ticket,1,194.0,Entertainment
student-00017,student,Chicken biryani,1,280.0,Food & Dining
student-00017,student,Gulab jamun,2,160.0,Food & Dining
student-00018,student,Samosa,1,20.0,Food & Dining
student-00019,student,Vada pav,1,20.0,Food & Dining
student-00019,student,Cold coffee,1,50.0,Food & Dining
student-00020,student,Samosa,1,20.0,Food & Dining
student-00021,student,Bike taxi ride,1,130.0,Travel
student-00022,student,Poha,1,35.0,Food & Dining
student-00023,student,Vada pav,2,40.0,Food & Dining
student-00024,student,Poha,1,35.0,Food & Dining
student-00025,student,Cold coffee,1,50.0,Food & Dining
student-00026,student,Bike taxi ride,1,78.0,Travel
student-00027,student,Veg fried rice,1,190.0,Food & Dining
student-00027,student,Butter naan,1,45.0,Food & Dining
student-00028,student,Biscuits,1,40.0,Groceries
student-00028,student,Amul milk 1L,1,68.0,Groceries
student-00028,student,Maggi noodles 12-pack,1,168.0,Groceries
student-00028,student,Detergent 1kg,1,199.0,Groceries
student-00029,student,Bread,1,45.0,Groceries
student-00029,student,Detergent 1kg,1,199.0,Groceries
student-00029,student,Bournvita 500g,1,245.0,Groceries
student-00030,student,Hoodie,1,1299.0,Shopping
student-00031,student,Bun maska,1,30.0,Food & Dining
student-00032,student,Poha,2,70.0,Food & Dining
student-00033,student,Veg fried rice,1,190.0,Food & Dining
student-00033,student,Paneer butter masala,1,240.0,Food & Dining
student-00033,student,Gulab jamun,1,80.0,Food & Dining
student-00034,student,Cutting chai,1,15.0,Food & Dining
student-00034,student,Poha,2,70.0,Food & Dining
student-00035,student,Garlic breadsticks,1,129.0,Food & Dining
student-00036,student,Bike taxi ride,1,101.0,Travel
student-00037,student,Veg thali,2,140.0,Food & Dining
student-00038,student,Bun maska,1,30.0,Food & Dining
student-00039,student,Poha,2,70.0,Food & Dining
student-00040,student,Bike taxi ride,1,60.0,Travel
student-00041,student,Printouts,1,102.0,Shopping
student-00042,student,Bike taxi ride,1,61.0,Travel
student-00043,student,Bike taxi ride,1,98.0,Travel
student-00044,student,Movie ticket,1,306.0,Entertainment
student-00044,student,Popcorn combo,1,320.0,Entertainment
student-00045,student,Spotify Premium,1,101.0,Entertainment
student-00046,student,Bun maska,1,30.0,Food & Dining
student-00046,student,Cutting chai,1,15.0,Food & Dining
student-00047,student,Bike taxi ride,1,139.0,Travel
student-00048,student,Butter naan,1,45.0,Food & Dining
student-00048,student,Veg fried rice,1,190.0,Food & Dining
student-00049,student,Uber Go ride,1,224.0,Travel
student-00050,student,Bun maska,1,30.0,Food & Dining
student-00051,student,Bike taxi ride,1,75.0,Travel
student-00052,student,Poha,1,35.0,Food & Dining
student-00052,student,Cutting chai,1,15.0,Food & Dining
student-00053,student,Bike taxi ride,1,46.0,Travel
student-00054,student,Cold coffee,1,50.0,Food & Dining
student-00054,student,Samosa,1,20.0,Food & Dining
student-00055,student,Poha,1,35.0,Food & Dining
student-00056,student,Samosa,1,20.0,Food & Dining
student-00057,student,Vada pav,1,20.0,Food & Dining
student-00058,student,Vada pav,2,40.0,Food & Dining
student-00058,student,Veg thali,1,70.0,Food & Dining
student-00059,student,Gulab jamun,1,80.0,Food & Dining
student-00059,student,Paneer butter masala,2,480.0,Food & Dining
student-00059,student,Veg fried rice,1,190.0,Food & Dining
student-00060,student,Poha,1,35.0,Food & Dining
student-00061,student,Paneer butter masala,1,240.0,Food & Dining
student-00061,student,Butter naan,1,45.0,Food & Dining
student-00062,student,Bun maska,1,30.0,Food & Dining
student-00063,student,Veg fried rice,1,190.0,Food & Dining
student-00064,student,Poha,1,35.0,Food & Dining
student-00064,student,Cutting chai,1,15.0,Food & Dining
student-00065,student,Bike taxi ride,1,53.0,Travel
student-00066,student,Jeans,1,1799.0,Shopping
student-00067,student,Bun maska,1,30.0,Food & Dining
student-00068,student,Samosa,1,20.0,Food & Dining
student-00068,student,Vada pav,2,40.0,Food & Dining
student-00069,student,Bike taxi ride,1,53.0,Travel
student-00070,student,Cutting chai,1,15.0,Food & Dining
student-00071,student,Cutting chai,2,30.0,Food & Dining
student-00072,student,Veg thali,1,70.0,Food & Dining
student-00073,student,Chicken biryani,1,280.0,Food & Dining
student-00073,student,Butter naan,1,45.0,Food & Dining
student-00073,student,Paneer butter masala,1,240.0,Food & Dining
student-00074,student,Bread,1,45.0,Groceries
student-00074,student,Amul milk 1L,1,68.0,Groceries
student-00074,student,Detergent 1kg,1,199.0,Groceries
student-00074,student,Biscuits,1,40.0,Groceries
student-00075,student,Bike taxi ride,1,136.0,Travel
student-00076,student,Bun maska,1,30.0,Food & Dining
student-00077,student,Bike taxi ride,1,68.0,Travel
student-00078,student,Prepaid recharge 28 days,1,253.0,Bills & Utilities
student-00079,student,Bun maska,1,30.0,Food & Dining
student-00080,student,Chicken biryani,2,560.0,Food & Dining
student-00080,student,Gulab jamun,1,80.0,Food & Dining
student-00080,student,Paneer butter masala,1,240.0,Food & Dining
student-00081,student,Poha,1,35.0,Food & Dining
student-00082,student,Pepsi 500ml,1,60.0,Food & Dining
student-00082,student,Farmhouse pizza,1,459.0,Food & Dining
student-00083,student,PG rent,1,7500.0,Bills & Utilities
student-00084,student,Poha,1,35.0,Food & Dining
student-00084,student,Cutting chai,2,30.0,Food & Dining
student-00085,student,Bun maska,1,30.0,Food & Dining
student-00085,student,Poha,1,35.0,Food & Dining
student-00086,student,Cold coffee,1,50.0,Food & Dining
student-00087,student,Bun maska,2,60.0,Food & Dining
student-00087,student,Poha,1,35.0,Food & Dining
student-00088,student,Cold coffee,1,50.0,Food & Dining
student-00088,student,Vada pav,2,40.0,Food & Dining
student-00089,student,Veg thali,1,70.0,Food & Dining
student-00090,student,Butter naan,1,45.0,Food & Dining
student-00090,student,Chicken biryani,1,280.0,Food & Dining
student-00091,student,Poha,1,35.0,Food & Dining
student-00091,student,Bun maska,1,30.0,Food & Dining
student-00092,student,Cutting chai,1,15.0,Food & Dining
student-00093,student,Poha,1,35.0,Food & Dining
student-00094,student,Samosa,1,20.0,Food & Dining
student-00095,student,Veg fried rice,1,190.0,Food & Dining
student-00095,student,Paneer butter masala,2,480.0,Food & Dining
student-00096,student,Pepsi 500ml,1,60.0,Food & Dining
student-00097,student,Uber Go ride,1,365.0,Travel
student-00098,student,Bun maska,1,30.0,Food & Dining
student-00098,student,Cutting chai,1,15.0,Food & Dining
student-00099,student,Chicken biryani,1,280.0,Food & Dining
student-00099,student,Butter naan,2,90.0,Food & Dining
student-00100,student,Popcorn combo,1,320.0,Entertainment
student-00100,student,Movie ticket,1,299.0,Entertainment
student-00101,student,Cutting chai,1,15.0,Food & Dining
student-00101,student,Poha,1,35.0,Food & Dining
student-00102,student,Cold coffee,1,50.0,Food & Dining
student-00103,student,Butter naan,1,45.0,Food & Dining
student-00103,student,Paneer butter masala,1,240.0,Food & Dining
student-00103,student,Chicken biryani,1,280.0,Food & Dining
student-00104,student,Poha,1,35.0,Food & Dining
student-00104,student,Cutting chai,1,15.0,Food & Dining
student-00105,student,Samosa,1,20.0,Food & Dining
student-00106,student,Chicken biryani,1,280.0,Food & Dining
student-00106,student,Gulab jamun,1,80.0,Food & Dining
student-00106,student,Paneer butter masala,1,240.0,Food & Dining
student-00107,student,Cutting chai,1,15.0,Food & Dining
student-00108,student,Bun maska,1,30.0,Food & Dining
student-00108,student,Cutting chai,1,15.0,Food & Dining
student-00109,student,Bun maska,1,30.0,Food & Dining
student-00109,student,Cutting chai,1,15.0,Food & Dining
student-00110,student,Samosa,1,20.0,Food & Dining
student-00111,student,Cutting chai,1,15.0,Food & Dining
student-00111,student,Bun maska,1,30.0,Food & Dining
student-00112,student,Chicken biryani,2,560.0,Food & Dining
student-00112,student,Paneer butter masala,1,240.0,Food & Dining
student-00113,student,Bun maska,1,30.0,Food & Dining
student-00113,student,Cutting chai,2,30.0,Food & Dining
student-00114,student,Samosa,2,40.0,Food & Dining
student-00114,student,Vada pav,1,20.0,Food & Dining
student-00115,student,Spotify Premium,1,101.0,Entertainment
student-00116,student,Cold coffee,2,100.0,Food & Dining
student-00117,student,Bike taxi ride,1,120.0,Travel
student-00118,student,Bun maska,2,60.0,Food & Dining
student-00119,student,Cold coffee,1,50.0,Food & Dining
student-00120,student,Veg fried rice,1,190.0,Food & Dining
student-00121,student,Veg thali,2,140.0,Food & Dining
student-00121,student,Vada pav,1,20.0,Food & Dining
student-00122,student,Bike taxi ride,1,97.0,Travel
student-00123,student,Bike taxi ride,1,93.0,Travel
student-00124,student,Poha,2,70.0,Food & Dining
student-00125,student,Bun maska,2,60.0,Food & Dining
student-00126,student,Samosa,1,20.0,Food & Dining
student-00127,student,Veg thali,1,70.0,Food & Dining
student-00128,student,Amul milk 1L,1,68.0,Groceries
student-00128,student,Bournvita 500g,1,245.0,Groceries
student-00128,student,Bread,1,45.0,Groceries
student-00129,student,Bike taxi ride,1,122.0,Travel
student-00130,student,Uber Go ride,1,162.0,Travel
student-00131,student,Vada pav,2,40.0,Food & Dining
student-00131,student,Cold coffee,1,50.0,Food & Dining
student-00132,student,Bike taxi ride,1,136.0,Travel
student-00133,student,Bun maska,1,30.0,Food & Dining
student-00134,student,Veg fried rice,2,380.0,Food & Dining
student-00134,student,Paneer butter masala,1,240.0,Food & Dining
student-00134,student,Chicken biryani,2,560.0,Food & Dining
student-00135,student,Bike taxi ride,1,110.0,Travel
student-00136,student,Bike taxi ride,1,94.0,Travel
student-00137,student,Vada pav,1,20.0,Food & Dining
student-00137,student,Cold coffee,1,50.0,Food & Dining
student-00138,student,Veg thali,1,70.0,Food & Dining
student-00138,student,Samosa,1,20.0,Food & Dining
student-00139,student,Bun maska,1,30.0,Food & Dining
student-00139,student,Cutting chai,1,15.0,Food & Dining
student-00140,student,Poha,1,35.0,Food & Dining
student-00140,student,Cutting chai,1,15.0,Food & Dining
student-00141,student,Vada pav,1,20.0,Food & Dining
student-00141,student,Samosa,1,20.0,Food & Dining
student-00142,student,Cold coffee,1,50.0,Food & Dining
student-00143,student,Farmhouse pizza,1,459.0,Food & Dining
student-00144,student,Bike taxi ride,1,124.0,Travel
student-00145,student,Prepaid recharge 28 days,1,253.0,Bills & Utilities
student-00146,student,Cutting chai,1,15.0,Food & Dining
student-00147,student,Garlic breadsticks,1,129.0,Food & Dining
student-00147,student,Farmhouse pizza,1,459.0,Food & Dining
student-00147,student,Pepsi 500ml,1,60.0,Food & Dining
student-00148,student,Gold chain,1,45000.0,Shopping
student-00149,student,Bournvita 500g,1,245.0,Groceries
student-00149,student,Bread,1,45.0,Groceries
student-00150,student,Bun maska,1,30.0,Food & Dining
student-00150,student,Poha,1,35.0,Food & Dining
student-00151,student,Bike taxi ride,1,70.0,Travel
student-00152,student,Bike taxi ride,1,70.0,Travel
student-00153,student,Poha,2,70.0,Food & Dining
student-00153,student,Bun maska,1,30.0,Food & Dining
student-00154,student,Bun maska,1,30.0,Food & Dining
student-00154,student,Poha,1,35.0,Food & Dining
student-00155,student,Cutting chai,1,15.0,Food & Dining
student-00155,student,Poha,2,70.0,Food & Dining
student-00156,student,Cold coffee,1,50.0,Food & Dining
student-00157,student,Poha,1,35.0,Food & Dining
student-00158,student,Poha,2,70.0,Food & Dining
student-00159,student,Samosa,1,20.0,Food & Dining
student-00160,student,Vada pav,1,20.0,Food & Dining
student-00160,student,Samosa,1,20.0,Food & Dining
student-00161,student,Maggi noodles 12-pack,1,168.0,Groceries
student-00161,student,Amul milk 1L,1,68.0,Groceries
student-00162,student,PG rent,1,7500.0,Bills & Utilities
student-00163,student,Bun maska,1,30.0,Food & Dining
student-00163,student,Poha,1,35.0,Food & Dining
student-00164,student,Maggi noodles 12-pack,1,710,Groceries
student-00164,student,Bournvita 500g,1,1914,Groceries
student-00164,student,Detergent 1kg,1,1007,Groceries
student-00164,student,Bread,1,339,Groceries
student-00165,student,Bun maska,1,30.0,Food & Dining
student-00166,student,Vada pav,1,20.0,Food & Dining
student-00167,student,Butter naan,1,45.0,Food & Dining
student-00167,student,Paneer butter masala,1,240.0,Food & Dining
student-00167,student,Chicken biryani,1,280.0,Food & Dining
student-00168,student,Farmhouse pizza,1,459.0,Food & Dining
student-00168,student,Garlic breadsticks,1,129.0,Food & Dining
student-00168,student,Pepsi 500ml,1,60.0,Food & Dining
student-00169,student,Bike taxi ride,1,45.0,Travel
student-00170,student,Cutting chai,1,15.0,Food & Dining
student-00170,student,Bun maska,1,30.0,Food & Dining
student-00171,student,Bun maska,2,60.0,Food & Dining
student-00171,student,Poha,1,35.0,Food & Dining
student-00172,student,Vada pav,1,20.0,Food & Dining
student-00172,student,Samosa,2,40.0,Food & Dining
student-00173,student,Bike taxi ride,1,103.0,Travel
student-00174,student,Bike taxi ride,1,122.0,Travel
student-00175,student,Veg thali,1,70.0,Food & Dining
student-00175,student,Cold coffee,2,100.0,Food & Dining
student-00176,student,Hoodie,1,5381,Shopping
student-00177,student,Vada pav,1,20.0,Food & Dining
student-00178,student,Veg thali,1,70.0,Food & Dining
student-00179,student,Biscuits,1,40.0,Groceries
student-00179,student,Maggi noodles 12-pack,1,168.0,Groceries
student-00179,student,Amul milk 1L,1,68.0,Groceries
student-00180,student,Cold coffee,1,50.0,Food & Dining
student-00181,student,Bun maska,1,30.0,Food & Dining
student-00182,student,Poha,2,70.0,Food & Dining
student-00183,student,Bun maska,1,30.0,Food & Dining
student-00183,student,Poha,1,35.0,Food & Dining
student-00184,student,Samosa,1,20.0,Food & Dining
student-00184,student,Vada pav,1,20.0,Food & Dining
student-00185,student,Cold coffee,1,50.0,Food & Dining
student-00185,student,Vada pav,1,20.0,Food & Dining
student-00186,student,Gulab jamun,1,80.0,Food & Dining
student-00186,student,Paneer butter masala,1,240.0,Food & Dining
student-00186,student,Chicken biryani,1,280.0,Food & Dining
student-00187,student,Bun maska,1,30.0,Food & Dining
student-00188,student,Cutting chai,2,30.0,Food & Dining
student-00188,student,Poha,2,70.0,Food & Dining
student-00189,student,Cutting chai,1,15.0,Food & Dining
student-00189,student,Poha,2,70.0,Food & Dining
student-00190,student,Vada pav,2,40.0,Food & Dining
student-00191,student,Uber Go ride,1,1948,Travel
student-00192,student,Samosa,1,20.0,Food & Dining
student-00192,student,Vada pav,1,20.0,Food & Dining
student-00193,student,Paneer butter masala,1,240.0,Food & Dining
student-00194,student,Cutting chai,1,15.0,Food & Dining
student-00194,student,Bun maska,2,60.0,Food & Dining
student-00195,student,Cutting chai,1,15.0,Food & Dining
student-00196,student,Butter naan,1,45.0,Food & Dining
student-00197,student,Sneakers,1,2499.0,Shopping
student-00197,student,Jeans,1,1799.0,Shopping
student-00198,student,Bournvita 500g,1,245.0,Groceries
student-00198,student,Bread,1,45.0,Groceries
student-00198,student,Biscuits,1,40.0,Groceries
student-00198,student,Amul milk 1L,1,68.0,Groceries
student-00199,student,Bike taxi ride,1,83.0,Travel
student-00200,student,Bike taxi ride,1,89.0,Travel
student-00201,student,Samosa,2,40.0,Food & Dining
student-00202,student,Spotify Premium,1,101.0,Entertainment
student-00203,student,Bun maska,1,30.0,Food & Dining
student-00204,student,Veg fried rice,2,380.0,Food & Dining
student-00204,student,Chicken biryani,1,280.0,Food & Dining
student-00205,student,Bun maska,2,60.0,Food & Dining
student-00205,student,Cutting chai,1,15.0,Food & Dining
student-00206,student,Gulab jamun,2,160.0,Food & Dining
student-00207,student,Paneer butter masala,2,480.0,Food & Dining
student-00207,student,Veg fried rice,1,190.0,Food & Dining
student-00207,student,Butter naan,2,90.0,Food & Dining
student-00208,student,Bike taxi ride,1,68.0,Travel
student-00209,student,Bun maska,1,30.0,Food & Dining
student-00209,student,Poha,2,70.0,Food & Dining
student-00210,student,Bread,1,45.0,Groceries
student-00210,student,Biscuits,1,40.0,Groceries
student-00210,student,Detergent 1kg,1,199.0,Groceries
student-00211,student,Bike taxi ride,1,64.0,Travel
student-00212,student,Bike taxi ride,1,136.0,Travel
student-00213,student,Bun maska,1,30.0,Food & Dining
student-00213,student,Cutting chai,1,15.0,Food & Dining
student-00214,student,Samosa,1,20.0,Food & Dining
student-00215,student,Butter naan,1,45.0,Food & Dining
student-00216,student,Uber Go ride,1,318.0,Travel
student-00217,student,Veg thali,2,140.0,Food & Dining
student-00217,student,Vada pav,1,20.0,Food & Dining
student-00218,student,Samosa,1,20.0,Food & Dining
student-00219,student,Bun maska,1,30.0,Food & Dining
student-00220,student,Veg thali,2,140.0,Food & Dining
student-00220,student,Vada pav,1,20.0,Food & Dining
student-00221,student,Prepaid recharge 28 days,1,253.0,Bills & Utilities
student-00222,student,Bike taxi ride,1,128.0,Travel
student-00223,student,Bike taxi ride,1,435,Travel
student-00224,student,Cutting chai,1,15.0,Food & Dining
student-00225,student,Poha,1,35.0,Food & Dining
student-00226,student,Cutting chai,2,30.0,Food & Dining
student-00226,student,Bun maska,1,30.0,Food & Dining
student-00227,student,Vada pav,1,20.0,Food & Dining
student-00227,student,Cold coffee,2,100.0,Food & Dining
student-00228,student,Bun maska,2,60.0,Food & Dining
student-00229,student,Poha,1,35.0,Food & Dining
student-00229,student,Cutting chai,1,15.0,Food & Dining
student-00230,student,Chicken biryani,1,280.0,Food & Dining
student-00230,student,Veg fried rice,1,190.0,Food & Dining
student-00231,student,Garlic breadsticks,1,129.0,Food & Dining
student-00232,student,Bike taxi ride,1,96.0,Travel
student-00233,student,Bike taxi ride,1,134.0,Travel
student-00234,student,Poha,1,35.0,Food & Dining
student-00234,student,Cutting chai,1,15.0,Food & Dining
student-00235,student,Poha,1,35.0,Food & Dining
student-00235,student,Bun maska,1,30.0,Food & Dining
student-00236,student,Vada pav,1,20.0,Food & Dining
student-00237,student,Butter naan,1,45.0,Food & Dining
student-00238,student,Poha,1,35.0,Food & Dining
student-00239,student,Cutting chai,1,15.0,Food & Dining
student-00239,student,Poha,1,35.0,Food & Dining
student-00240,student,Cutting chai,1,15.0,Food & Dining
student-00241,student,Samosa,1,20.0,Food & Dining
student-00242,student,Chicken biryani,1,280.0,Food & Dining
student-00242,student,Butter naan,1,45.0,Food & Dining
student-00242,student,Gulab jamun,1,80.0,Food & Dining
student-00243,student,Uber Go ride,1,299.0,Travel
student-00244,student,PG rent,1,7500.0,Bills & Utilities
student-00245,student,Gold chain,1,45000.0,Shopping
student-00246,student,Cutting chai,2,30.0,Food & Dining
student-00247,student,Cold coffee,1,50.0,Food & Dining
student-00247,student,Samosa,1,20.0,Food & Dining
student-00248,student,Bun maska,1,30.0,Food & Dining
student-00249,student,Poha,1,35.0,Food & Dining
student-00249,student,Bun maska,1,30.0,Food & Dining
student-00250,student,Veg thali,1,70.0,Food & Dining
student-00250,student,Cold coffee,1,50.0,Food & Dining
student-00251,student,Chicken biryani,1,280.0,Food & Dining
student-00251,student,Gulab jamun,1,80.0,Food & Dining
student-00252,student,Vada pav,1,20.0,Food & Dining
student-00253,student,Paneer butter masala,2,480.0,Food & Dining
student-00253,student,Gulab jamun,1,80.0,Food & Dining
student-00254,student,Bike taxi ride,1,72.0,Travel
student-00255,student,Bun maska,1,198,Food & Dining
student-00255,student,Poha,1,178,Food & Dining
student-00256,student,Bun maska,1,30.0,Food & Dining
student-00257,student,Cutting chai,2,30.0,Food & Dining
student-00258,student,Veg fried rice,1,190.0,Food & Dining
student-00258,student,Paneer butter masala,1,240.0,Food & Dining
student-00259,student,Veg fried rice,1,190.0,Food & Dining
student-00259,student,Paneer butter masala,1,240.0,Food & Dining
student-00260,student,Cutting chai,1,15.0,Food & Dining
student-00261,student,Bun maska,1,30.0,Food & Dining
student-00262,student,Poha,2,70.0,Food & Dining
student-00262,student,Bun maska,1,30.0,Food & Dining
student-00263,student,Cold coffee,1,50.0,Food & Dining
student-00264,student,Bike taxi ride,1,57.0,Travel
student-00265,student,Bike taxi ride,1,57.0,Travel
student-00266,student,Cutting chai,1,15.0,Food & Dining
student-00267,student,Cold coffee,1,50.0,Food & Dining
student-00267,student,Samosa,2,40.0,Food & Dining
student-00268,student,Bike taxi ride,1,107.0,Travel
student-00269,student,Bike taxi ride,1,53.0,Travel
student-00270,student,Bun maska,1,30.0,Food & Dining
student-00271,student,Vada pav,1,20.0,Food & Dining
student-00271,student,Veg thali,2,140.0,Food & Dining
student-00272,student,Bun maska,1,30.0,Food & Dining
student-00273,student,Cutting chai,1,15.0,Food & Dining
student-00274,student,Bike taxi ride,1,117.0,Travel
student-00275,student,Bike taxi ride,1,70.0,Travel
student-00276,student,Bun maska,1,30.0,Food & Dining
student-00276,student,Poha,1,35.0,Food & Dining
student-00277,student,Poha,1,35.0,Food & Dining
student-00277,student,Cutting chai,1,15.0,Food & Dining
student-00278,student,Poha,1,35.0,Food & Dining
student-00279,student,Uber Go ride,1,395.0,Travel
student-00280,student,Poha,2,70.0,Food & Dining
student-00281,student,Cold coffee,1,50.0,Food & Dining
student-00282,student,Spotify Premium,1,101.0,Entertainment
student-00283,student,Gulab jamun,1,80.0,Food & Dining
student-00283,student,Paneer butter masala,1,240.0,Food & Dining
student-00284,student,Bournvita 500g,1,245.0,Groceries
student-00284,student,Maggi noodles 12-pack,1,168.0,Groceries
student-00285,student,Uber Go ride,1,201.0,Travel
student-00286,student,Poha,1,35.0,Food & Dining
student-00286,student,Cutting chai,1,15.0,Food & Dining
student-00287,student,Bike taxi ride,1,131.0,Travel
student-00288,student,Bun maska,1,30.0,Food & Dining
student-00289,student,Samosa,1,20.0,Food & Dining
student-00290,student,Samosa,1,20.0,Food & Dining
student-00291,student,Bun maska,2,60.0,Food & Dining
student-00292,student,Samosa,2,40.0,Food & Dining
student-00292,student,Veg thali,1,70.0,Food & Dining
student-00293,student,Paneer butter masala,1,240.0,Food & Dining
student-00293,student,Chicken biryani,1,280.0,Food & Dining
student-00293,student,Butter naan,1,45.0,Food & Dining
student-00294,student,Bun maska,2,60.0,Food & Dining
student-00295,student,Vada pav,1,20.0,Food & Dining
student-00295,student,Samosa,1,20.0,Food & Dining
student-00296,student,Poha,1,35.0,Food & Dining
student-00297,student,Cutting chai,1,15.0,Food & Dining
student-00298,student,Cutting chai,1,15.0,Food & Dining
student-00298,student,Poha,2,70.0,Food & Dining
student-00299,student,Veg thali,1,70.0,Food & Dining
student-00300,student,Samosa,1,20.0,Food & Dining
student-00301,student,Veg thali,1,70.0,Food & Dining
student-00301,student,Samosa,1,20.0,Food & Dining
student-00302,student,Paneer butter masala,1,240.0,Food & Dining
student-00302,student,Gulab jamun,1,80.0,Food & Dining
student-00302,student,Butter naan,2,90.0,Food & Dining
student-00303,student,Prepaid recharge 28 days,1,253.0,Bills & Utilities
student-00304,student,Poha,1,35.0,Food & Dining
student-00304,student,Cutting chai,1,15.0,Food & Dining
student-00305,student,Biscuits,1,40.0,Groceries
student-00305,student,Bread,1,45.0,Groceries
student-00305,student,Maggi noodles 12-pack,1,168.0,Groceries
student-00306,student,Cutting chai,1,15.0,Food & Dining
student-00306,student,Poha,1,35.0,Food & Dining
student-00307,student,Poha,2,70.0,Food & Dining
student-00308,student,Maggi noodles 12-pack,1,168.0,Groceries
student-00308,student,Bread,1,45.0,Groceries
student-00308,student,Amul milk 1L,1,68.0,Groceries
student-00309,student,Notebook,1,60.0,Shopping
student-00309,student,Pens pack,1,50.0,Shopping
student-00310,student,Bun maska,1,30.0,Food & Dining
student-00311,student,Veg thali,1,70.0,Food & Dining
student-00312,student,Veg thali,1,70.0,Food & Dining
student-00313,student,Bun maska,1,30.0,Food & Dining
student-00314,student,Bike taxi ride,1,62.0,Travel
student-00315,student,Bun maska,2,60.0,Food & Dining
student-00315,student,Cutting chai,1,15.0,Food & Dining
student-00316,student,Cold coffee,1,50.0,Food & Dining
student-00316,student,Vada pav,2,40.0,Food & Dining
student-00317,student,Bun maska,1,30.0,Food & Dining
student-00317,student,Cutting chai,2,30.0,Food & Dining
student-00318,student,Poha,1,35.0,Food & Dining
student-00318,student,Bun maska,1,30.0,Food & Dining
student-00319,student,Bike taxi ride,1,101.0,Travel
student-00320,student,Bike taxi ride,1,115.0,Travel
student-00321,student,Gold chain,1,45000.0,Shopping
student-00322,student,Bournvita 500g,1,245.0,Groceries
student-00322,student,Amul milk 1L,1,68.0,Groceries
student-00322,student,Detergent 1kg,1,199.0,Groceries
student-00322,student,Biscuits,1,40.0,Groceries
student-00323,student,Bun maska,1,30.0,Food & Dining
student-00323,student,Poha,1,35.0,Food & Dining
student-00324,student,Vada pav,1,20.0,Food & Dining
student-00324,student,Samosa,1,20.0,Food & Dining
student-00325,student,Gulab jamun,1,80.0,Food & Dining
student-00326,student,Bike taxi ride,1,121.0,Travel
student-00327,student,Cutting chai,1,15.0,Food & Dining
student-00327,student,Poha,1,35.0,Food & Dining
student-00328,student,Paneer butter masala,1,240.0,Food & Dining
student-00328,student,Gulab jamun,2,160.0,Food & Dining
student-00328,student,Chicken biryani,2,560.0,Food & Dining
student-00329,student,PG rent,1,7500.0,Bills & Utilities
student-00330,student,Cutting chai,1,15.0,Food & Dining
student-00331,student,Poha,1,35.0,Food & Dining
student-00332,student,Gulab jamun,1,80.0,Food & Dining
student-00332,student,Veg fried rice,1,190.0,Food & Dining
student-00332,student,Butter naan,2,90.0,Food & Dining
student-00333,student,Chicken biryani,1,280.0,Food & Dining
student-00333,student,Veg fried rice,1,190.0,Food & Dining
student-00333,student,Paneer butter masala,1,240.0,Food & Dining
student-00334,student,Flight Pune-Delhi,1,8400.0,Travel
student-00335,student,Poha,1,35.0,Food & Dining
student-00336,student,Bike taxi ride,1,104.0,Travel
student-00337,student,Poha,1,35.0,Food & Dining
student-00338,student,Bike taxi ride,1,115.0,Travel
student-00339,student,Uber Go ride,1,302.0,Travel
student-00340,student,Cutting chai,1,15.0,Food & Dining
student-00341,student,Chicken biryani,1,280.0,Food & Dining
student-00341,student,Butter naan,1,45.0,Food & Dining
student-00342,student,Popcorn combo,1,320.0,Entertainment
student-00342,student,Movie ticket,1,272.0,Entertainment
student-00343,student,Cutting chai,1,15.0,Food & Dining
student-00343,student,Bun maska,1,30.0,Food & Dining
student-00344,student,Vada pav,1,20.0,Food & Dining
student-00345,student,Bike taxi ride,1,103.0,Travel
student-00346,student,Printouts,1,115.0,Shopping
student-00347,student,Poha,2,70.0,Food & Dining
student-00348,student,Gold chain,1,45000.0,Shopping
student-00349,student,Bun maska,1,30.0,Food & Dining
student-00349,student,Poha,1,35.0,Food & Dining
student-00350,student,Veg thali,1,70.0,Food & Dining
student-00350,student,Vada pav,1,20.0,Food & Dining
student-00351,student,Bun maska,2,60.0,Food & Dining
student-00352,student,Samosa,1,20.0,Food & Dining
student-00352,student,Veg thali,1,70.0,Food & Dining
student-00353,student,Gulab jamun,1,80.0,Food & Dining
student-00353,student,Butter naan,1,45.0,Food & Dining
student-00354,student,Farmhouse pizza,1,459.0,Food & Dining
student-00354,student,Pepsi 500ml,1,60.0,Food & Dining
student-00355,student,Uber Go ride,1,284.0,Travel
student-00356,student,Cutting chai,1,15.0,Food & Dining
student-00356,student,Bun maska,1,30.0,Food & Dining
student-00357,student,Samosa,1,20.0,Food & Dining
student-00358,student,Samosa,1,20.0,Food & Dining
student-00358,student,Cold coffee,1,50.0,Food & Dining
student-00359,student,Cutting chai,1,15.0,Food & Dining
student-00360,student,Bike taxi ride,1,113.0,Travel
student-00361,student,Spotify Premium,1,101.0,Entertainment
student-00362,student,Farmhouse pizza,1,459.0,Food & Dining
student-00362,student,Pepsi 500ml,1,60.0,Food & Dining
student-00362,student,Garlic breadsticks,1,129.0,Food & Dining
student-00363,student,Bun maska,1,30.0,Food & Dining
student-00363,student,Poha,1,35.0,Food & Dining
student-00364,student,Bike taxi ride,1,66.0,Travel
student-00365,student,Sneakers,1,2499.0,Shopping
student-00365,student,Hoodie,1,1299.0,Shopping
student-00366,student,Bun maska,1,30.0,Food & Dining
student-00367,student,Poha,1,35.0,Food & Dining
student-00367,student,Bun maska,1,30.0,Food & Dining
student-00368,student,Prepaid recharge 28 days,1,253.0,Bills & Utilities
student-00369,student,Bike taxi ride,1,46.0,Travel
student-00370,student,Poha,1,35.0,Food & Dining
student-00371,student,Poha,1,35.0,Food & Dining
student-00372,student,Samosa,2,40.0,Food & Dining
student-00372,student,Vada pav,2,40.0,Food & Dining
student-00373,student,Cold coffee,1,50.0,Food & Dining
student-00373,student,Samosa,1,20.0,Food & Dining
student-00374,student,Poha,1,35.0,Food & Dining
student-00375,student,Veg thali,1,70.0,Food & Dining
student-00376,student,Bun maska,1,30.0,Food & Dining
student-00376,student,Poha,2,70.0,Food & Dining
student-00377,student,Vada pav,1,20.0,Food & Dining
student-00378,student,Garlic breadsticks,1,129.0,Food & Dining
student-00379,student,Movie ticket,1,242.0,Entertainment
student-00380,student,Notebook,1,60.0,Shopping
student-00380,student,Printouts,1,52.0,Shopping
student-00381,student,Bun maska,1,30.0,Food & Dining
student-00382,student,Bike taxi ride,1,95.0,Travel
student-00383,student,Cutting chai,1,15.0,Food & Dining
student-00384,student,Cutting chai,1,15.0,Food & Dining
student-00385,student,Cutting chai,1,15.0,Food & Dining
student-00385,student,Poha,1,35.0,Food & Dining
student-00386,student,Samosa,2,40.0,Food & Dining
student-00386,student,Cold coffee,2,100.0,Food & Dining
student-00387,student,Maggi noodles 12-pack,1,168.0,Groceries
student-00387,student,Bread,1,45.0,Groceries
student-00387,student,Bournvita 500g,1,245.0,Groceries
student-00387,student,Amul milk 1L,1,68.0,Groceries
student-00388,student,Uber Go ride,1,415.0,Travel
student-00389,student,Cutting chai,1,15.0,Food & Dining
student-00390,student,Cutting chai,1,15.0,Food & Dining
student-00391,student,Vada pav,1,20.0,Food & Dining
student-00391,student,Veg thali,1,70.0,Food & Dining
student-00392,student,Bike taxi ride,1,45.0,Travel
student-00393,student,Bike taxi ride,1,113.0,Travel
student-00394,student,Bun maska,1,30.0,Food & Dining
student-00395,student,Cold coffee,1,50.0,Food & Dining
student-00396,student,Vada pav,2,40.0,Food & Dining
student-00397,student,Chicken biryani,1,280.0,Food & Dining
student-00398,student,Chicken biryani,1,280.0,Food & Dining
student-00399,student,Bun maska,2,60.0,Food & Dining
student-00400,student,Paneer butter masala,1,240.0,Food & Dining
student-00401,student,Poha,1,35.0,Food & Dining
student-00402,student,Bun maska,1,30.0,Food & Dining
student-00402,student,Cutting chai,1,15.0,Food & Dining
student-00403,student,Vada pav,1,20.0,Food & Dining
student-00403,student,Samosa,1,20.0,Food & Dining
student-00404,student,Uber Go ride,1,384.0,Travel
student-00405,student,Movie ticket,1,184.0,Entertainment
student-00405,student,Popcorn combo,1,320.0,Entertainment
student-00406,student,Printouts,1,58.0,Shopping
student-00406,student,Pens pack,1,50.0,Shopping
student-00407,student,PG rent,1,7500.0,Bills & Utilities
student-00408,student,Poha,1,35.0,Food & Dining
student-00408,student,Cutting chai,1,15.0,Food & Dining
student-00409,student,Poha,1,35.0,Food & Dining
student-00410,student,Cutting chai,1,15.0,Food & Dining
student-00411,student,Vada pav,1,20.0,Food & Dining
student-00412,student,Veg fried rice,1,190.0,Food & Dining
student-00412,student,Chicken biryani,1,280.0,Food & Dining
student-00413,student,Bike taxi ride,1,84.0,Travel
student-00414,student,Butter naan,1,45.0,Food & Dining
student-00415,student,Chicken biryani,2,560.0,Food & Dining
student-00415,student,Paneer butter masala,2,480.0,Food & Dining
student-00416,student,Bike taxi ride,1,120.0,Travel
student-00417,student,Uber Go ride,1,357.0,Travel
student-00418,student,Bun maska,2,60.0,Food & Dining
student-00419,student,Bun maska,1,30.0,Food & Dining
student-00420,student,Veg thali,1,70.0,Food & Dining
student-00421,student,Butter naan,2,90.0,Food & Dining
student-00422,student,Bun maska,1,30.0,Food & Dining
student-00423,student,Biscuits,1,40.0,Groceries
student-00423,student,Maggi noodles 12-pack,1,168.0,Groceries
student-00424,student,Cutting chai,2,30.0,Food & Dining
student-00424,student,Poha,1,35.0,Food & Dining
student-00425,student,Uber Go ride,1,177.0,Travel
student-00426,student,Pens pack,1,50.0,Shopping
student-00426,student,Printouts,1,112.0,Shopping
student-00427,student,Bike taxi ride,1,84.0,Travel
student-00428,student,Poha,1,35.0,Food & Dining
student-00429,student,Butter naan,1,45.0,Food & Dining
student-00429,student,Paneer butter masala,1,240.0,Food & Dining
student-00429,student,Veg fried rice,2,380.0,Food & Dining
student-00430,student,Poha,1,35.0,Food & Dining
student-00430,student,Cutting chai,1,15.0,Food & Dining
student-00431,student,Paneer butter masala,1,240.0,Food & Dining
student-00431,student,Veg fried rice,1,190.0,Food & Dining
student-00432,student,Samosa,1,20.0,Food & Dining
student-00432,student,Veg thali,1,70.0,Food & Dining
student-00433,student,Bike taxi ride,1,89.0,Travel
student-00434,student,Veg fried rice,1,190.0,Food & Dining
student-00435,student,Bike taxi ride,1,92.0,Travel
student-00436,student,Paneer butter masala,2,480.0,Food & Dining
student-00436,student,Veg fried rice,1,190.0,Food & Dining
student-00437,student,Bike taxi ride,1,96.0,Travel
student-00438,student,Spotify Premium,1,101.0,Entertainment
student-00439,student,Bike taxi ride,1,96.0,Travel
student-00440,student,Samosa,1,20.0,Food & Dining
student-00440,student,Vada pav,1,20.0,Food & Dining
student-00441,student,Samosa,1,20.0,Food & Dining
student-00442,student,Pepsi 500ml,1,60.0,Food & Dining
student-00443,student,Prepaid recharge 28 days,1,253.0,Bills & Utilities
student-00444,student,Cutting chai,1,15.0,Food & Dining
student-00444,student,Poha,2,70.0,Food & Dining
student-00445,student,Bournvita 500g,1,245.0,Groceries
student-00445,student,Detergent 1kg,1,199.0,Groceries
student-00445,student,Amul milk 1L,1,68.0,Groceries
student-00446,student,Bread,1,45.0,Groceries
student-00446,student,Maggi noodles 12-pack,1,168.0,Groceries
student-00447,student,Gold chain,1,45000.0,Shopping
student-00448,student,Bun maska,1,30.0,Food & Dining
student-00449,student,Bun maska,1,30.0,Food & Dining
student-00450,student,Samosa,1,20.0,Food & Dining
student-00450,student,Vada pav,1,20.0,Food & Dining
student-00451,student,Veg fried rice,1,190.0,Food & Dining
student-00452,student,Garlic breadsticks,1,129.0,Food & Dining
student-00452,student,Farmhouse pizza,1,459.0,Food & Dining
student-00453,student,Bike taxi ride,1,64.0,Travel
student-00454,student,Bike taxi ride,1,107.0,Travel
student-00455,student,Bike taxi ride,1,61.0,Travel
student-00456,student,Cutting chai,1,15.0,Food & Dining
student-00456,student,Poha,2,70.0,Food & Dining
student-00457,student,Bike taxi ride,1,78.0,Travel
student-00458,student,Bike taxi ride,1,62.0,Travel
student-00459,student,Bike taxi ride,1,119.0,Travel
student-00460,student,Cutting chai,1,15.0,Food & Dining
student-00460,student,Poha,2,70.0,Food & Dining
student-00461,student,Samosa,1,20.0,Food & Dining
student-00461,student,Veg thali,1,70.0,Food & Dining
student-00462,student,Bike taxi ride,1,45.0,Travel
student-00463,student,Bike taxi ride,1,61.0,Travel
student-00464,student,Poha,2,70.0,Food & Dining
student-00465,student,Butter naan,1,45.0,Food & Dining
student-00465,student,Veg fried rice,1,190.0,Food & Dining
student-00465,student,Gulab jamun,1,80.0,Food & Dining
student-00466,student,Popcorn combo,1,320.0,Entertainment
student-00467,student,Bun maska,1,30.0,Food & Dining
student-00467,student,Cutting chai,1,15.0,Food & Dining
student-00468,student,Veg thali,1,70.0,Food & Dining
student-00468,student,Cold coffee,1,50.0,Food & Dining
student-00469,student,Cold coffee,1,50.0,Food & Dining
student-00470,student,Samosa,1,20.0,Food & Dining
student-00470,student,Vada pav,1,20.0,Food & Dining
student-00471,student,Cutting chai,1,15.0,Food & Dining
student-00472,student,Vada pav,1,20.0,Food & Dining
student-00473,student,Cutting chai,1,15.0,Food & Dining
student-00474,student,Bun maska,2,60.0,Food & Dining
student-00474,student,Poha,1,35.0,Food & Dining
student-00475,student,Cold coffee,1,50.0,Food & Dining
student-00476,student,Vada pav,1,20.0,Food & Dining
student-00477,student,Bread,1,45.0,Groceries
student-00477,student,Amul milk 1L,1,68.0,Groceries
student-00477,student,Maggi noodles 12-pack,1,168.0,Groceries
student-00477,student,Biscuits,1,40.0,Groceries
student-00478,student,Bike taxi ride,1,51.0,Travel
student-00479,student,Hoodie,1,1299.0,Shopping
student-00480,student,Hoodie,1,1299.0,Shopping
student-00481,student,Butter naan,1,45.0,Food & Dining
student-00482,student,Bun maska,2,60.0,Food & Dining
student-00482,student,Cutting chai,1,15.0,Food & Dining
student-00483,student,Bun maska,2,60.0,Food & Dining
student-00484,student,Poha,1,35.0,Food & Dining
student-00485,student,Bike taxi ride,1,66.0,Travel
student-00486,student,PG rent,1,7500.0,Bills & Utilities
student-00487,student,iPhone 15,1,62000.0,Shopping
student-00488,student,Gold chain,1,45000.0,Shopping
student-00489,student,Bike taxi ride,1,120.0,Travel
student-00490,student,Bun maska,1,30.0,Food & Dining
student-00490,student,Cutting chai,1,15.0,Food & Dining
student-00491,student,Vada pav,1,20.0,Food & Dining
student-00492,student,Butter naan,1,45.0,Food & Dining
student-00493,student,Bun maska,1,30.0,Food & Dining
student-00494,student,Farmhouse pizza,1,459.0,Food & Dining
student-00495,student,Popcorn combo,1,320.0,Entertainment
student-00495,student,Movie ticket,1,287.0,Entertainment
student-00496,student,Garlic breadsticks,1,129.0,Food & Dining
student-00496,student,Farmhouse pizza,1,459.0,Food & Dining
student-00496,student,Pepsi 500ml,1,60.0,Food & Dining
student-00497,student,T-shirt,1,599.0,Shopping
student-00497,student,Hoodie,1,1299.0,Shopping
student-00498,student,Bun maska,1,30.0,Food & Dining
student-00498,student,Poha,2,70.0,Food & Dining
student-00499,student,Cold coffee,1,50.0,Food & Dining
student-00499,student,Veg thali,1,70.0,Food & Dining
student-00500,student,Paneer butter masala,1,240.0,Food & Dining
student-00500,student,Veg fried rice,2,380.0,Food & Dining
student-00501,student,Bun maska,1,30.0,Food & Dining
student-00501,student,Poha,1,35.0,Food & Dining
student-00502,student,Samosa,1,20.0,Food & Dining
student-00502,student,Veg thali,1,70.0,Food & Dining
student-00503,student,Bun maska,1,30.0,Food & Dining
student-00504,student,Prepaid recharge 28 days,1,253.0,Bills & Utilities
student-00505,student,Chicken biryani,1,280.0,Food & Dining
student-00505,student,Veg fried rice,1,190.0,Food & Dining
student-00505,student,Gulab jamun,1,80.0,Food & Dining
student-00506,student,Spotify Premium,1,101.0,Entertainment
student-00507,student,Poha,1,35.0,Food & Dining
student-00507,student,Cutting chai,1,15.0,Food & Dining
student-00508,student,Poha,1,35.0,Food & Dining
student-00508,student,Bun maska,2,60.0,Food & Dining
student-00509,student,Bun maska,1,30.0,Food & Dining
student-00510,student,Bike taxi ride,1,117.0,Travel
student-00511,student,Bun maska,1,30.0,Food & Dining
student-00511,student,Cutting chai,1,15.0,Food & Dining
student-00512,student,Bun maska,1,30.0,Food & Dining
student-00512,student,Cutting chai,1,15.0,Food & Dining
student-00513,student,Poha,1,35.0,Food & Dining
student-00513,student,Bun maska,1,30.0,Food & Dining
student-00514,student,Paneer butter masala,1,240.0,Food & Dining
student-00514,student,Butter naan,2,90.0,Food & Dining
student-00515,student,Cutting chai,1,15.0,Food & Dining
student-00515,student,Poha,1,35.0,Food & Dining
student-00516,student,Bun maska,1,30.0,Food & Dining
student-00516,student,Cutting chai,1,15.0,Food & Dining
student-00517,student,Cutting chai,2,30.0,Food & Dining
student-00517,student,Poha,1,35.0,Food & Dining
student-00518,student,Cold coffee,1,50.0,Food & Dining
student-00519,student,Bun maska,1,30.0,Food & Dining
student-00519,student,Cutting chai,1,15.0,Food & Dining
student-00520,student,Poha,1,35.0,Food & Dining
student-00521,student,Pepsi 500ml,1,390,Food & Dining
student-00521,student,Garlic breadsticks,1,910,Food & Dining
student-00521,student,Farmhouse pizza,1,1983,Food & Dining
student-00522,student,Poha,1,35.0,Food & Dining
student-00523,student,Bun maska,1,30.0,Food & Dining
student-00524,student,Poha,2,70.0,Food & Dining
student-00525,student,Veg fried rice,2,380.0,Food & Dining
student-00526,student,Poha,1,35.0,Food & Dining
student-00526,student,Cutting chai,1,15.0,Food & Dining
student-00527,student,Cutting chai,1,15.0,Food & Dining
student-00527,student,Bun maska,1,30.0,Food & Dining
student-00528,student,Veg thali,1,70.0,Food & Dining
student-00528,student,Cold coffee,2,100.0,Food & Dining
student-00529,student,Poha,1,35.0,Food & Dining
student-00530,student,Cutting chai,1,15.0,Food & Dining
student-00530,student,Bun maska,1,30.0,Food & Dining
student-00531,student,Bun maska,1,30.0,Food & Dining
student-00531,student,Poha,1,35.0,Food & Dining
student-00532,student,Bun maska,1,30.0,Food & Dining
student-00532,student,Cutting chai,1,15.0,Food & Dining
student-00533,student,Bun maska,1,30.0,Food & Dining
student-00534,student,Cutting chai,2,30.0,Food & Dining
student-00535,student,Poha,1,35.0,Food & Dining
student-00535,student,Cutting chai,1,15.0,Food & Dining
student-00536,student,Bun maska,1,30.0,Food & Dining
student-00537,student,Cutting chai,2,30.0,Food & Dining
student-00538,student,Chicken biryani,1,280.0,Food & Dining
student-00538,student,Gulab jamun,2,160.0,Food & Dining
student-00539,student,Bike taxi ride,1,134.0,Travel
student-00540,student,Cutting chai,1,15.0,Food & Dining
student-00541,student,Poha,1,35.0,Food & Dining
student-00541,student,Cutting chai,2,30.0,Food & Dining
student-00542,student,Samosa,1,20.0,Food & Dining
student-00542,student,Veg thali,1,70.0,Food & Dining
student-00543,student,Veg thali,1,70.0,Food & Dining
student-00543,student,Cold coffee,2,100.0,Food & Dining
student-00544,student,Samosa,1,20.0,Food & Dining
student-00545,student,Uber Go ride,1,275.0,Travel
student-00546,student,PG rent,1,7500.0,Bills & Utilities
student-00547,student,Bun maska,1,232,Food & Dining
student-00547,student,Poha,2,463,Food & Dining
student-00548,student,Notebook,1,60.0,Shopping
student-00548,student,Printouts,1,39.0,Shopping
student-00549,student,Cutting chai,1,15.0,Food & Dining
student-00549,student,Bun maska,1,30.0,Food & Dining
student-00550,student,Poha,1,35.0,Food & Dining
student-00551,student,Veg thali,2,140.0,Food & Dining
student-00551,student,Cold coffee,1,50.0,Food & Dining
student-00552,student,Bike taxi ride,1,86.0,Travel
student-00553,student,Paneer butter masala,1,240.0,Food & Dining
student-00553,student,Veg fried rice,1,190.0,Food & Dining
student-00553,student,Butter naan,1,45.0,Food & Dining
student-00554,student,Garlic breadsticks,1,129.0,Food & Dining
student-00555,student,Cutting chai,1,15.0,Food & Dining
student-00555,student,Bun maska,1,30.0,Food & Dining
student-00556,student,Bike taxi ride,1,130.0,Travel
student-00557,student,Bun maska,2,60.0,Food & Dining
student-00558,student,Cold coffee,1,50.0,Food & Dining
student-00559,student,Bike taxi ride,1,98.0,Travel
student-00560,student,Cutting chai,1,15.0,Food & Dining
student-00561,student,Poha,1,35.0,Food & Dining
student-00561,student,Bun maska,1,30.0,Food & Dining
student-00562,student,Poha,1,35.0,Food & Dining
student-00562,student,Bun maska,1,30.0,Food & Dining
student-00563,student,Cutting chai,1,15.0,Food & Dining
student-00563,student,Bun maska,1,30.0,Food & Dining
student-00564,student,Bun maska,1,30.0,Food & Dining
student-00564,student,Cutting chai,1,15.0,Food & Dining
student-00565,student,Paneer butter masala,1,240.0,Food & Dining
student-00565,student,Gulab jamun,1,80.0,Food & Dining
student-00565,student,Veg fried rice,1,190.0,Food & Dining
student-00566,student,Bike taxi ride,1,72.0,Travel
student-00567,student,Prepaid recharge 28 days,1,253.0,Bills & Utilities
student-00568,student,Veg fried rice,1,190.0,Food & Dining
student-00569,student,Bike taxi ride,1,90.0,Travel
student-00570,student,Bun maska,1,30.0,Food & Dining
student-00570,student,Poha,1,35.0,Food & Dining
student-00571,student,Vada pav,1,20.0,Food & Dining
student-00572,student,Paneer butter masala,1,240.0,Food & Dining
student-00572,student,Gulab jamun,1,80.0,Food & Dining
student-00573,student,Uber Go ride,1,236.0,Travel
student-00574,student,Spotify Premium,1,101.0,Entertainment
student-00575,student,Paneer butter masala,1,240.0,Food & Dining
student-00575,student,Gulab jamun,1,80.0,Food & Dining
student-00575,student,Chicken biryani,1,280.0,Food & Dining
student-00576,student,Bike taxi ride,1,127.0,Travel
student-00577,student,Poha,1,35.0,Food & Dining
student-00578,student,Cutting chai,1,15.0,Food & Dining
student-00579,student,Bun maska,1,30.0,Food & Dining
student-00579,student,Cutting chai,1,15.0,Food & Dining
student-00580,student,Veg fried rice,1,190.0,Food & Dining
student-00580,student,Butter naan,1,45.0,Food & Dining
student-00581,student,Maggi noodles 12-pack,1,168.0,Groceries
student-00581,student,Amul milk 1L,1,68.0,Groceries
student-00582,student,Cutting chai,1,15.0,Food & Dining
student-00582,student,Bun maska,1,30.0,Food & Dining
student-00583,student,Cutting chai,2,30.0,Food & Dining
student-00584,student,Vada pav,1,20.0,Food & Dining
student-00585,student,Poha,1,35.0,Food & Dining
student-00586,student,Gulab jamun,1,80.0,Food & Dining
student-00586,student,Paneer butter masala,1,240.0,Food & Dining
student-00586,student,Veg fried rice,1,190.0,Food & Dining
student-00587,student,Poha,1,35.0,Food & Dining
student-00588,student,Bun maska,2,60.0,Food & Dining
student-00589,student,Cold coffee,1,50.0,Food & Dining
student-00589,student,Samosa,1,20.0,Food & Dining
student-00590,student,Pepsi 500ml,1,60.0,Food & Dining
student-00591,student,Poha,1,35.0,Food & Dining
student-00591,student,Cutting chai,1,15.0,Food & Dining
student-00592,student,Bun maska,1,30.0,Food & Dining
student-00592,student,Poha,1,35.0,Food & Dining
student-00593,student,Bike taxi ride,1,97.0,Travel
student-00594,student,Bike taxi ride,1,987,Travel
student-00595,student,Bike taxi ride,1,90.0,Travel
student-00596,student,Poha,1,35.0,Food & Dining
student-00596,student,Cutting chai,1,15.0,Food & Dining
student-00597,student,Bun maska,1,30.0,Food & Dining
student-00598,student,Cutting chai,1,15.0,Food & Dining
student-00598,student,Poha,1,35.0,Food & Dining
student-00599,student,Bike taxi ride,1,113.0,Travel
student-00600,student,Bike taxi ride,1,106.0,Travel
student-00601,student,Uber Go ride,1,313.0,Travel
student-00602,student,Poha,1,35.0,Food & Dining
student-00602,student,Bun maska,1,30.0,Food & Dining
student-00603,student,Samosa,2,40.0,Food & Dining
student-00604,student,Poha,2,70.0,Food & Dining
student-00605,student,Bun maska,1,30.0,Food & Dining
student-00606,student,Bun maska,1,30.0,Food & Dining
student-00607,student,Cutting chai,1,15.0,Food & Dining
student-00607,student,Bun maska,1,30.0,Food & Dining
student-00608,student,Farmhouse pizza,2,918.0,Food & Dining
student-00609,student,Bun maska,2,60.0,Food & Dining
student-00610,student,Paneer butter masala,1,240.0,Food & Dining
student-00611,student,Bike taxi ride,1,59.0,Travel
student-00612,student,PG rent,1,7500.0,Bills & Utilities
student-00613,student,Cutting chai,1,15.0,Food & Dining
student-00614,student,Detergent 1kg,1,199.0,Groceries
student-00614,student,Bournvita 500g,1,245.0,Groceries
student-00614,student,Maggi noodles 12-pack,1,168.0,Groceries
student-00614,student,Amul milk 1L,1,68.0,Groceries
student-00615,student,Bike taxi ride,1,67.0,Travel
student-00616,student,Poha,1,35.0,Food & Dining
student-00617,student,Bun maska,1,30.0,Food & Dining
student-00618,student,Bun maska,1,30.0,Food & Dining
student-00618,student,Poha,2,70.0,Food & Dining
student-00619,student,Veg thali,1,70.0,Food & Dining
student-00620,student,Maggi noodles 12-pack,1,168.0,Groceries
student-00620,student,Detergent 1kg,1,199.0,Groceries
student-00620,student,Biscuits,1,40.0,Groceries
student-00621,student,Uber Go ride,1,286.0,Travel
student-00622,student,Veg thali,2,140.0,Food & Dining
student-00623,student,Vada pav,1,20.0,Food & Dining
student-00624,student,Bike taxi ride,1,50.0,Travel
student-00625,student,Prepaid recharge 28 days,1,253.0,Bills & Utilities
student-00626,student,Poha,1,35.0,Food & Dining
student-00627,student,Paneer butter masala,1,240.0,Food & Dining
student-00627,student,Butter naan,1,45.0,Food & Dining
student-00628,student,Paneer butter masala,1,240.0,Food & Dining
student-00628,student,Veg fried rice,1,190.0,Food & Dining
student-00628,student,Chicken biryani,1,280.0,Food & Dining
student-00629,student,Poha,1,35.0,Food & Dining
student-00630,student,Poha,1,35.0,Food & Dining
student-00631,student,Bun maska,1,30.0,Food & Dining
student-00632,student,Samosa,1,20.0,Food & Dining
student-00632,student,Vada pav,1,20.0,Food & Dining
student-00633,student,Bun maska,1,30.0,Food & Dining
student-00633,student,Cutting chai,1,15.0,Food & Dining
student-00634,student,Cutting chai,1,15.0,Food & Dining
student-00635,student,Cutting chai,1,65,Food & Dining
student-00635,student,Poha,1,164,Food & Dining
student-00636,student,Cutting chai,1,15.0,Food & Dining
student-00637,student,Cold coffee,1,50.0,Food & Dining
student-00637,student,Veg thali,1,70.0,Food & Dining
student-00638,student,Spotify Premium,1,101.0,Entertainment
student-00639,student,Laptop,1,54990.0,Shopping
student-00640,student,Cutting chai,1,15.0,Food & Dining
student-00640,student,Poha,1,35.0,Food & Dining
student-00641,student,Pepsi 500ml,1,60.0,Food & Dining
student-00641,student,Garlic breadsticks,1,129.0,Food & Dining
student-00642,student,Bun maska,2,60.0,Food & Dining
student-00642,student,Poha,1,35.0,Food & Dining
student-00643,student,Bun maska,1,30.0,Food & Dining
student-00644,student,Butter naan,1,45.0,Food & Dining
student-00644,student,Paneer butter masala,1,240.0,Food & Dining
student-00644,student,Veg fried rice,2,380.0,Food & Dining
student-00645,student,Butter naan,1,45.0,Food & Dining
student-00645,student,Paneer butter masala,2,480.0,Food & Dining
student-00646,student,Farmhouse pizza,2,918.0,Food & Dining
student-00646,student,Pepsi 500ml,1,60.0,Food & Dining
student-00647,student,Bun maska,1,30.0,Food & Dining
student-00648,student,Poha,1,35.0,Food & Dining
student-00649,student,Samosa,1,20.0,Food & Dining
student-00649,student,Veg thali,1,70.0,Food & Dining
student-00650,student,Samosa,1,20.0,Food & Dining
student-00651,student,Samosa,1,20.0,Food & Dining
student-00651,student,Veg thali,1,70.0,Food & Dining
student-00652,student,Bun maska,2,60.0,Food & Dining
student-00653,student,Bun maska,2,60.0,Food & Dining
student-00654,student,Cutting chai,1,15.0,Food & Dining
student-00654,student,Bun maska,1,30.0,Food & Dining
student-00655,student,Veg thali,1,70.0,Food & Dining
student-00655,student,Samosa,1,20.0,Food & Dining
student-00656,student,Poha,1,35.0,Food & Dining
student-00657,student,Samosa,1,20.0,Food & Dining
student-00658,student,Bun maska,1,30.0,Food & Dining
student-00659,student,Butter naan,1,45.0,Food & Dining
student-00659,student,Veg fried rice,1,190.0,Food & Dining
student-00659,student,Chicken biryani,1,280.0,Food & Dining
student-00660,student,Bike taxi ride,1,115.0,Travel
student-00661,student,Poha,2,70.0,Food & Dining
student-00661,student,Cutting chai,1,15.0,Food & Dining
student-00662,student,Pepsi 500ml,1,60.0,Food & Dining
student-00663,student,Samosa,2,40.0,Food & Dining
student-00664,student,Bike taxi ride,1,91.0,Travel
student-00665,student,Pens pack,1,50.0,Shopping
student-00666,student,Poha,1,35.0,Food & Dining
student-00666,student,Cutting chai,1,15.0,Food & Dining
student-00667,student,Poha,1,35.0,Food & Dining
student-00668,student,Gulab jamun,2,160.0,Food & Dining
student-00668,student,Paneer butter masala,1,240.0,Food & Dining
student-00668,student,Chicken biryani,1,280.0,Food & Dining
student-00669,student,Cutting chai,2,30.0,Food & Dining
student-00670,student,Poha,1,212,Food & Dining
student-00671,student,Bun maska,1,30.0,Food & Dining
student-00671,student,Cutting chai,2,30.0,Food & Dining
student-00672,student,Butter naan,1,45.0,Food & Dining
student-00673,student,Garlic breadsticks,1,129.0,Food & Dining
student-00673,student,Pepsi 500ml,1,60.0,Food & Dining
student-00673,student,Farmhouse pizza,1,459.0,Food & Dining
student-00674,student,Bike taxi ride,1,121.0,Travel
student-00675,student,Flight Pune-Delhi,1,8400.0,Travel
student-00676,student,Amul milk 1L,1,68.0,Groceries
student-00676,student,Bread,1,45.0,Groceries
student-00677,student,PG rent,1,7500.0,Bills & Utilities
student-00678,student,Vada pav,1,20.0,Food & Dining
student-00678,student,Cold coffee,1,50.0,Food & Dining
student-00679,student,Poha,1,35.0,Food & Dining
student-00679,student,Cutting chai,1,15.0,Food & Dining
student-00680,student,Butter naan,1,45.0,Food & Dining
student-00680,student,Gulab jamun,1,80.0,Food & Dining
student-00681,student,Jeans,1,1799.0,Shopping
student-00681,student,Hoodie,1,1299.0,Shopping
student-00682,student,Bike taxi ride,1,117.0,Travel
student-00683,student,Prepaid recharge 28 days,1,253.0,Bills & Utilities
student-00684,student,Bike taxi ride,1,80.0,Travel
student-00685,student,Bun maska,1,30.0,Food & Dining
student-00685,student,Cutting chai,1,15.0,Food & Dining
student-00686,student,Garlic breadsticks,1,129.0,Food & Dining
student-00686,student,Pepsi 500ml,1,60.0,Food & Dining
student-00686,student,Farmhouse pizza,1,459.0,Food & Dining
student-00687,student,Bun maska,1,30.0,Food & Dining
student-00688,student,Poha,1,35.0,Food & Dining
student-00688,student,Bun maska,1,30.0,Food & Dining
student-00689,student,Cold coffee,1,50.0,Food & Dining
student-00689,student,Samosa,1,20.0,Food & Dining
student-00690,student,Cold coffee,2,100.0,Food & Dining
student-00691,student,Cold coffee,1,50.0,Food & Dining
student-00691,student,Veg thali,1,70.0,Food & Dining
student-00692,student,Veg fried rice,1,190.0,Food & Dining
student-00693,student,Bun maska,1,30.0,Food & Dining
student-00694,student,Cutting chai,2,30.0,Food & Dining
student-00694,student,Bun maska,2,60.0,Food & Dining
student-00695,student,Cutting chai,1,15.0,Food & Dining
student-00696,student,Veg thali,1,70.0,Food & Dining
student-00696,student,Vada pav,1,20.0,Food & Dining
student-00697,student,Bike taxi ride,1,103.0,Travel
student-00698,student,Cutting chai,1,15.0,Food & Dining
student-00699,student,Veg thali,1,70.0,Food & Dining
student-00699,student,Cold coffee,1,50.0,Food & Dining
student-00700,student,Uber Go ride,1,269.0,Travel
student-00701,student,Laptop,1,54990.0,Shopping
student-00702,student,Poha,1,35.0,Food & Dining
student-00702,student,Bun maska,1,30.0,Food & Dining
student-00703,student,Cutting chai,1,15.0,Food & Dining
student-00704,student,Maggi noodles 12-pack,1,168.0,Groceries
student-00704,student,Bournvita 500g,1,245.0,Groceries
student-00704,student,Detergent 1kg,1,199.0,Groceries
student-00704,student,Bread,1,45.0,Groceries
student-00705,student,Poha,1,35.0,Food & Dining
student-00706,student,Paneer butter masala,1,240.0,Food & Dining
student-00707,student,Spotify Premium,1,101.0,Entertainment
student-00708,student,Poha,2,70.0,Food & Dining
student-00709,student,Samosa,1,20.0,Food & Dining
student-00710,student,Bike taxi ride,1,133.0,Travel
student-00711,student,Movie ticket,1,317.0,Entertainment
student-00712,student,Cutting chai,1,15.0,Food & Dining
student-00713,student,Bournvita 500g,1,245.0,Groceries
student-00713,student,Maggi noodles 12-pack,1,168.0,Groceries
student-00713,student,Detergent 1kg,1,199.0,Groceries
student-00713,student,Biscuits,1,40.0,Groceries
student-00714,student,Bike taxi ride,1,110.0,Travel
student-00715,student,Cutting chai,2,30.0,Food & Dining
student-00715,student,Bun maska,1,30.0,Food & Dining
student-00716,student,Bun maska,1,30.0,Food & Dining
student-00717,student,Poha,1,35.0,Food & Dining
student-00717,student,Cutting chai,2,30.0,Food & Dining
student-00718,student,Poha,1,35.0,Food & Dining
student-00718,student,Cutting chai,1,15.0,Food & Dining
student-00719,student,Bike taxi ride,1,58.0,Travel
student-00720,student,Samosa,1,20.0,Food & Dining
student-00721,student,Gold chain,1,45000.0,Shopping
student-00722,student,Cold coffee,1,50.0,Food & Dining
student-00722,student,Vada pav,1,20.0,Food & Dining
student-00723,student,Cold coffee,1,50.0,Food & Dining
student-00724,student,Poha,1,35.0,Food & Dining
student-00724,student,Cutting chai,1,15.0,Food & Dining
student-00725,student,Uber Go ride,1,286.0,Travel
student-00726,student,Bun maska,1,30.0,Food & Dining
student-00727,student,Veg fried rice,1,190.0,Food & Dining
student-00727,student,Gulab jamun,2,160.0,Food & Dining
student-00728,student,Cutting chai,1,15.0,Food & Dining
student-00729,student,Poha,1,35.0,Food & Dining
student-00730,student,Bun maska,1,30.0,Food & Dining
student-00730,student,Cutting chai,1,15.0,Food & Dining
student-00731,student,Maggi noodles 12-pack,1,168.0,Groceries
student-00731,student,Bournvita 500g,1,245.0,Groceries
student-00731,student,Biscuits,1,40.0,Groceries
student-00731,student,Detergent 1kg,1,199.0,Groceries
student-00732,student,Bun maska,1,30.0,Food & Dining
student-00732,student,Cutting chai,2,30.0,Food & Dining
student-00733,student,Veg thali,2,680,Food & Dining
student-00734,student,Veg thali,1,70.0,Food & Dining
student-00734,student,Cold coffee,1,50.0,Food & Dining
student-00735,student,Poha,1,35.0,Food & Dining
student-00735,student,Bun maska,2,60.0,Food & Dining
student-00736,student,Poha,1,35.0,Food & Dining
student-00737,student,Cutting chai,2,30.0,Food & Dining
student-00737,student,Bun maska,1,30.0,Food & Dining
student-00738,student,Paneer butter masala,1,240.0,Food & Dining
student-00738,student,Chicken biryani,1,280.0,Food & Dining
student-00739,student,Bike taxi ride,1,107.0,Travel
student-00740,student,Poha,1,35.0,Food & Dining
student-00740,student,Cutting chai,1,15.0,Food & Dining
student-00741,student,Bike taxi ride,1,61.0,Travel
student-00742,student,Samosa,1,20.0,Food & Dining
student-00742,student,Cold coffee,2,100.0,Food & Dining
student-00743,student,Vada pav,2,40.0,Food & Dining
student-00744,student,Cutting chai,1,15.0,Food & Dining
student-00744,student,Poha,1,35.0,Food & Dining
student-00745,student,Bun maska,1,30.0,Food & Dining
student-00746,student,Vada pav,1,20.0,Food & Dining
student-00747,student,Detergent 1kg,1,199.0,Groceries
student-00747,student,Bread,1,45.0,Groceries
student-00747,student,Maggi noodles 12-pack,1,168.0,Groceries
student-00747,student,Biscuits,1,40.0,Groceries
student-00748,student,PG rent,1,7500.0,Bills & Utilities
student-00749,student,Bun maska,1,30.0,Food & Dining
student-00750,student,Garlic breadsticks,1,129.0,Food & Dining
student-00751,student,Prepaid recharge 28 days,1,253.0,Bills & Utilities
student-00752,student,Cutting chai,1,15.0,Food & Dining
student-00753,student,Detergent 1kg,1,199.0,Groceries
student-00753,student,Bread,1,45.0,Groceries
student-00753,student,Amul milk 1L,1,68.0,Groceries
student-00754,student,Bread,1,45.0,Groceries
student-00754,student,Bournvita 500g,1,245.0,Groceries
student-00754,student,Maggi noodles 12-pack,1,168.0,Groceries
student-00754,student,Detergent 1kg,1,199.0,Groceries
student-00755,student,Bun maska,1,30.0,Food & Dining
student-00756,student,Bun maska,2,60.0,Food & Dining
student-00757,student,Veg fried rice,2,380.0,Food & Dining
student-00757,student,Paneer butter masala,1,240.0,Food & Dining
student-00757,student,Chicken biryani,1,280.0,Food & Dining
student-00758,student,Veg thali,1,70.0,Food & Dining
student-00759,student,Bun maska,1,30.0,Food & Dining
student-00759,student,Cutting chai,2,30.0,Food & Dining
student-00760,student,Poha,1,35.0,Food & Dining
student-00761,student,Poha,1,35.0,Food & Dining
student-00762,student,Cutting chai,1,15.0,Food & Dining
student-00762,student,Poha,1,35.0,Food & Dining
student-00763,student,Cold coffee,1,50.0,Food & Dining
student-00763,student,Vada pav,1,20.0,Food & Dining
student-00764,student,Poha,1,35.0,Food & Dining
student-00765,student,Veg thali,2,140.0,Food & Dining
student-00766,student,Cutting chai,1,15.0,Food & Dining
student-00767,student,Poha,1,35.0,Food & Dining
student-00767,student,Bun maska,1,30.0,Food & Dining
student-00768,student,Cold coffee,1,50.0,Food & Dining
student-00768,student,Veg thali,1,70.0,Food & Dining
student-00769,student,Bike taxi ride,1,49.0,Travel
student-00770,student,Veg thali,1,70.0,Food & Dining
student-00770,student,Cold coffee,1,50.0,Food & Dining
student-00771,student,Poha,1,35.0,Food & Dining
student-00771,student,Cutting chai,1,15.0,Food & Dining
student-00772,student,Cutting chai,1,15.0,Food & Dining
student-00773,student,Vada pav,1,20.0,Food & Dining
student-00773,student,Samosa,1,20.0,Food & Dining
student-00774,student,Veg fried rice,1,190.0,Food & Dining
student-00775,student,Veg fried rice,1,190.0,Food & Dining
student-00776,student,Bike taxi ride,1,119.0,Travel
student-00777,student,Amul milk 1L,1,68.0,Groceries
student-00777,student,Bread,1,45.0,Groceries
student-00778,student,Maggi noodles 12-pack,1,168.0,Groceries
student-00778,student,Bread,1,45.0,Groceries
student-00778,student,Bournvita 500g,1,245.0,Groceries
student-00778,student,Biscuits,1,40.0,Groceries
student-00779,student,Bike taxi ride,1,95.0,Travel
student-00780,student,Cutting chai,2,30.0,Food & Dining
student-00780,student,Bun maska,1,30.0,Food & Dining
student-00781,student,Bun maska,2,60.0,Food & Dining
student-00781,student,Poha,1,35.0,Food & Dining
student-00782,student,Spotify Premium,1,101.0,Entertainment
student-00783,student,Bun maska,1,30.0,Food & Dining
student-00783,student,Cutting chai,1,15.0,Food & Dining
student-00784,student,Cutting chai,1,15.0,Food & Dining
student-00785,student,Cold coffee,1,50.0,Food & Dining
student-00785,student,Samosa,1,20.0,Food & Dining
student-00786,student,Cold coffee,1,50.0,Food & Dining
student-00787,student,Bike taxi ride,1,131.0,Travel
student-00788,student,Detergent 1kg,1,199.0,Groceries
student-00788,student,Maggi noodles 12-pack,1,168.0,Groceries
student-00789,student,Uber Go ride,1,285.0,Travel
student-00790,student,Bun maska,1,30.0,Food & Dining
student-00790,student,Poha,1,35.0,Food & Dining
student-00791,student,Bun maska,1,30.0,Food & Dining
student-00792,student,Gulab jamun,1,80.0,Food & Dining
student-00793,student,Veg fried rice,1,190.0,Food & Dining
student-00793,student,Gulab jamun,1,80.0,Food & Dining
student-00794,student,Bun maska,1,30.0,Food & Dining
student-00794,student,Poha,2,70.0,Food & Dining
student-00795,student,Cold coffee,1,50.0,Food & Dining
student-00795,student,Veg thali,1,70.0,Food & Dining
student-00796,student,Cold coffee,1,50.0,Food & Dining
student-00797,student,Cutting chai,1,15.0,Food & Dining
student-00798,student,Bun maska,2,60.0,Food & Dining
student-00799,student,Bun maska,1,30.0,Food & Dining
student-00800,student,Poha,1,35.0,Food & Dining
student-00801,student,Gulab jamun,1,80.0,Food & Dining
student-00801,student,Butter naan,1,45.0,Food & Dining
student-00802,student,Bike taxi ride,1,126.0,Travel
student-00803,student,Cutting chai,1,15.0,Food & Dining
student-00803,student,Bun maska,1,30.0,Food & Dining
student-00804,student,Cutting chai,1,15.0,Food & Dining
student-00804,student,Poha,1,35.0,Food & Dining
student-00805,student,Garlic breadsticks,1,129.0,Food & Dining
student-00806,student,Farmhouse pizza,1,459.0,Food & Dining
student-00807,student,Biscuits,1,40.0,Groceries
student-00807,student,Bread,1,45.0,Groceries
student-00807,student,Maggi noodles 12-pack,1,168.0,Groceries
student-00808,student,Uber Go ride,1,313.0,Travel
student-00809,student,Poha,1,35.0,Food & Dining
student-00810,student,Cutting chai,1,15.0,Food & Dining
student-00810,student,Poha,1,35.0,Food & Dining
student-00811,student,Poha,1,35.0,Food & Dining
student-00811,student,Cutting chai,2,30.0,Food & Dining
student-00812,student,Poha,1,35.0,Food & Dining
student-00813,student,Chicken biryani,1,280.0,Food & Dining
student-00813,student,Paneer butter masala,1,240.0,Food & Dining
student-00814,student,Bike taxi ride,1,124.0,Travel
student-00815,student,Bun maska,1,30.0,Food & Dining
student-00816,student,Poha,1,35.0,Food & Dining
student-00816,student,Bun maska,1,30.0,Food & Dining
student-00817,student,Maggi noodles 12-pack,1,168.0,Groceries
student-00817,student,Bread,1,45.0,Groceries
student-00818,student,Pens pack,1,50.0,Shopping
student-00818,student,Notebook,1,60.0,Shopping
student-00819,student,Samosa,1,20.0,Food & Dining
student-00819,student,Cold coffee,1,50.0,Food & Dining
student-00820,student,Samosa,1,20.0,Food & Dining
student-00820,student,Veg thali,1,70.0,Food & Dining
student-00821,student,Cutting chai,1,15.0,Food & Dining
student-00821,student,Bun maska,1,30.0,Food & Dining
student-00822,student,PG rent,1,7500.0,Bills & Utilities
student-00823,student,Poha,1,35.0,Food & Dining
student-00824,student,Veg thali,1,70.0,Food & Dining
student-00825,student,Veg thali,2,140.0,Food & Dining
student-00826,student,Cold coffee,2,100.0,Food & Dining
student-00826,student,Veg thali,1,70.0,Food & Dining
student-00827,student,Veg thali,2,140.0,Food & Dining
student-00828,student,Veg fried rice,2,380.0,Food & Dining
student-00829,student,Butter naan,2,90.0,Food & Dining
student-00829,student,Gulab jamun,2,160.0,Food & Dining
student-00830,student,Prepaid recharge 28 days,1,253.0,Bills & Utilities
student-00831,student,Samosa,1,20.0,Food & Dining
student-00831,student,Veg thali,1,70.0,Food & Dining
student-00832,student,Bike taxi ride,1,101.0,Travel
student-00833,student,Cutting chai,1,15.0,Food & Dining
student-00834,student,Gulab jamun,1,80.0,Food & Dining
student-00835,student,Bun maska,2,60.0,Food & Dining
student-00836,student,Poha,2,70.0,Food & Dining
student-00837,student,Cold coffee,1,50.0,Food & Dining
student-00838,student,Farmhouse pizza,1,459.0,Food & Dining
student-00838,student,Pepsi 500ml,1,60.0,Food & Dining
student-00838,student,Garlic breadsticks,1,129.0,Food & Dining
student-00839,student,Bun maska,1,30.0,Food & Dining
student-00840,student,Bun maska,2,60.0,Food & Dining
student-00841,student,Flight Pune-Delhi,1,8400.0,Travel
student-00842,student,Samosa,1,20.0,Food & Dining
student-00842,student,Cold coffee,1,50.0,Food & Dining
student-00843,student,Vada pav,1,20.0,Food & Dining
student-00844,student,Chicken biryani,1,280.0,Food & Dining
student-00844,student,Paneer butter masala,1,240.0,Food & Dining
student-00845,student,Poha,1,35.0,Food & Dining
student-00845,student,Bun maska,1,30.0,Food & Dining
student-00846,student,Farmhouse pizza,1,459.0,Food & Dining
student-00847,student,Cutting chai,1,15.0,Food & Dining
student-00848,student,Samosa,1,20.0,Food & Dining
student-00849,student,Bun maska,1,30.0,Food & Dining
student-00849,student,Cutting chai,2,30.0,Food & Dining
student-00850,student,Veg thali,2,140.0,Food & Dining
student-00851,student,Samosa,1,20.0,Food & Dining
student-00852,student,Farmhouse pizza,1,459.0,Food & Dining
student-00853,student,Bun maska,1,30.0,Food & Dining
student-00854,student,Veg thali,1,70.0,Food & Dining
student-00854,student,Vada pav,1,20.0,Food & Dining
student-00855,student,Butter naan,2,90.0,Food & Dining
student-00856,student,Bun maska,1,30.0,Food & Dining
student-00857,student,Bun maska,1,30.0,Food & Dining
student-00857,student,Cutting chai,1,15.0,Food & Dining
student-00858,student,Spotify Premium,1,101.0,Entertainment
student-00859,student,Bun maska,1,30.0,Food & Dining
student-00860,student,Amul milk 1L,1,68.0,Groceries
student-00860,student,Detergent 1kg,1,199.0,Groceries
student-00860,student,Bournvita 500g,1,245.0,Groceries
student-00860,student,Bread,1,45.0,Groceries
student-00861,student,Bun maska,2,60.0,Food & Dining
student-00861,student,Poha,1,35.0,Food & Dining
student-00862,student,Bun maska,1,30.0,Food & Dining
student-00863,student,Bun maska,2,60.0,Food & Dining
student-00864,student,Bike taxi ride,1,93.0,Travel
student-00865,student,Poha,2,70.0,Food & Dining
student-00866,student,Bike taxi ride,1,89.0,Travel
student-00867,student,Bun maska,1,30.0,Food & Dining
student-00867,student,Cutting chai,1,15.0,Food & Dining
student-00868,student,Cold coffee,2,100.0,Food & Dining
student-00869,student,Samosa,1,20.0,Food & Dining
student-00869,student,Cold coffee,1,50.0,Food & Dining
student-00870,student,Cutting chai,1,15.0,Food & Dining
student-00870,student,Poha,1,35.0,Food & Dining
student-00871,student,Poha,2,70.0,Food & Dining
student-00872,student,Uber Go ride,1,278.0,Travel
student-00873,student,Poha,2,70.0,Food & Dining
student-00873,student,Bun maska,1,30.0,Food & Dining
student-00874,student,Bun maska,1,30.0,Food & Dining
student-00875,student,Cutting chai,1,15.0,Food & Dining
student-00875,student,Poha,1,35.0,Food & Dining
student-00876,student,Bun maska,1,30.0,Food & Dining
student-00877,student,Poha,1,35.0,Food & Dining
student-00877,student,Bun maska,1,30.0,Food & Dining
student-00878,student,Bike taxi ride,1,96.0,Travel
student-00879,student,Poha,1,35.0,Food & Dining
student-00879,student,Bun maska,1,30.0,Food & Dining
student-00880,student,Butter naan,1,45.0,Food & Dining
student-00880,student,Chicken biryani,1,280.0,Food & Dining
student-00880,student,Paneer butter masala,2,480.0,Food & Dining
student-00881,student,Gulab jamun,1,80.0,Food & Dining
student-00881,student,Paneer butter masala,1,240.0,Food & Dining
student-00882,student,Bike taxi ride,1,113.0,Travel
student-00883,student,Gulab jamun,1,80.0,Food & Dining
student-00883,student,Chicken biryani,2,560.0,Food & Dining
student-00883,student,Veg fried rice,1,190.0,Food & Dining
student-00884,student,Veg fried rice,1,190.0,Food & Dining
student-00885,student,Bun maska,1,30.0,Food & Dining
student-00885,student,Cutting chai,2,30.0,Food & Dining
student-00886,student,Gulab jamun,1,80.0,Food & Dining
student-00886,student,Butter naan,1,45.0,Food & Dining
student-00886,student,Chicken biryani,1,280.0,Food & Dining
student-00887,student,Bun maska,1,30.0,Food & Dining
student-00888,student,Cold coffee,1,50.0,Food & Dining
student-00888,student,Vada pav,1,20.0,Food & Dining
student-00889,student,Veg fried rice,1,190.0,Food & Dining
student-00889,student,Chicken biryani,1,280.0,Food & Dining
student-00890,student,Bike taxi ride,1,134.0,Travel
student-00891,student,Bike taxi ride,1,77.0,Travel
student-00892,student,Prepaid recharge 28 days,1,253.0,Bills & Utilities
student-00893,student,Veg thali,2,140.0,Food & Dining
student-00893,student,Vada pav,1,20.0,Food & Dining
student-00894,student,Butter naan,1,45.0,Food & Dining
student-00895,student,Paneer butter masala,1,240.0,Food & Dining
student-00895,student,Gulab jamun,1,80.0,Food & Dining
student-00896,student,Vada pav,1,20.0,Food & Dining
student-00896,student,Samosa,1,20.0,Food & Dining
student-00897,student,Bike taxi ride,1,89.0,Travel
student-00898,student,PG rent,1,7500.0,Bills & Utilities
student-00899,student,Samosa,1,20.0,Food & Dining
student-00899,student,Cold coffee,1,50.0,Food & Dining
student-00900,student,Cold coffee,1,50.0,Food & Dining
student-00901,student,Bike taxi ride,1,133.0,Travel
student-00902,student,Samosa,1,20.0,Food & Dining
student-00902,student,Cold coffee,1,50.0,Food & Dining
student-00903,student,Cold coffee,1,50.0,Food & Dining
student-00903,student,Vada pav,2,40.0,Food & Dining
student-00904,student,Bun maska,1,30.0,Food & Dining
student-00904,student,Poha,1,35.0,Food & Dining
student-00905,student,Biscuits,1,40.0,Groceries
student-00905,student,Maggi noodles 12-pack,1,168.0,Groceries
student-00905,student,Bournvita 500g,1,245.0,Groceries
student-00906,student,Bun maska,1,30.0,Food & Dining
student-00906,student,Poha,1,35.0,Food & Dining
student-00907,student,Bun maska,2,60.0,Food & Dining
student-00908,student,Cutting chai,1,15.0,Food & Dining
student-00909,student,Veg fried rice,1,190.0,Food & Dining
student-00910,student,Bun maska,2,60.0,Food & Dining
student-00911,student,Gulab jamun,1,80.0,Food & Dining
student-00912,student,Bun maska,1,30.0,Food & Dining
student-00913,student,Poha,2,70.0,Food & Dining
student-00913,student,Cutting chai,2,30.0,Food & Dining
student-00914,student,Cutting chai,1,15.0,Food & Dining
student-00914,student,Bun maska,1,30.0,Food & Dining
student-00915,student,Butter naan,1,45.0,Food & Dining
student-00915,student,Chicken biryani,1,280.0,Food & Dining
student-00916,student,Bike taxi ride,1,83.0,Travel
student-00917,student,Bun maska,1,30.0,Food & Dining
student-00917,student,Cutting chai,2,30.0,Food & Dining
student-00918,student,Cutting chai,2,30.0,Food & Dining
student-00918,student,Poha,2,70.0,Food & Dining
student-00919,student,Veg thali,1,70.0,Food & Dining
student-00920,student,Cold coffee,1,50.0,Food & Dining
student-00921,student,Veg thali,1,70.0,Food & Dining
student-00921,student,Vada pav,1,20.0,Food & Dining
student-00922,student,Bun maska,1,30.0,Food & Dining
student-00923,student,Butter naan,1,45.0,Food & Dining
student-00923,student,Gulab jamun,1,80.0,Food & Dining
student-00924,student,Gulab jamun,1,80.0,Food & Dining
student-00925,student,Pepsi 500ml,2,120.0,Food & Dining
student-00925,student,Garlic breadsticks,1,129.0,Food & Dining
student-00926,student,Poha,1,35.0,Food & Dining
student-00927,student,Cutting chai,2,30.0,Food & Dining
student-00927,student,Bun maska,2,60.0,Food & Dining
student-00928,student,Samosa,1,20.0,Food & Dining
student-00928,student,Vada pav,1,20.0,Food & Dining
student-00929,student,Bike taxi ride,1,89.0,Travel
student-00930,student,Uber Go ride,1,150.0,Travel
student-00931,student,Spotify Premium,1,101.0,Entertainment
student-00932,student,Cutting chai,1,15.0,Food & Dining
student-00933,student,Laptop,1,54990.0,Shopping
student-00934,student,Poha,2,70.0,Food & Dining
student-00935,student,Cutting chai,2,30.0,Food & Dining
student-00936,student,Samosa,1,20.0,Food & Dining
student-00937,student,Bun maska,1,30.0,Food & Dining
student-00938,student,Cutting chai,1,105,Food & Dining
student-00939,student,Cutting chai,1,15.0,Food & Dining
student-00939,student,Poha,1,35.0,Food & Dining
student-00940,student,Bun maska,1,30.0,Food & Dining
student-00941,student,Vada pav,1,20.0,Food & Dining
student-00941,student,Veg thali,2,140.0,Food & Dining
student-00942,student,Bournvita 500g,1,245.0,Groceries
student-00942,student,Biscuits,1,40.0,Groceries
student-00943,student,Bike taxi ride,1,125.0,Travel
student-00944,student,Samosa,1,20.0,Food & Dining
student-00945,student,Bike taxi ride,1,57.0,Travel
student-00946,student,Samosa,1,20.0,Food & Dining
student-00947,student,Paneer butter masala,1,240.0,Food & Dining
student-00947,student,Butter naan,1,45.0,Food & Dining
student-00948,student,Poha,1,35.0,Food & Dining
student-00949,student,Samosa,1,20.0,Food & Dining
student-00950,student,Notebook,1,60.0,Shopping
student-00950,student,Printouts,1,69.0,Shopping
student-00951,student,Prepaid recharge 28 days,1,253.0,Bills & Utilities
student-00952,student,Bun maska,1,30.0,Food & Dining
student-00953,student,Cold coffee,1,50.0,Food & Dining
student-00953,student,Vada pav,1,20.0,Food & Dining
student-00954,student,Bun maska,1,30.0,Food & Dining
student-00955,student,Poha,1,35.0,Food & Dining
student-00955,student,Bun maska,1,30.0,Food & Dining
student-00956,student,Farmhouse pizza,2,918.0,Food & Dining
student-00956,student,Pepsi 500ml,1,60.0,Food & Dining
student-00956,student,Garlic breadsticks,2,258.0,Food & Dining
student-00957,student,Detergent 1kg,1,199.0,Groceries
student-00957,student,Bread,1,45.0,Groceries
student-00958,student,Uber Go ride,1,179.0,Travel
student-00959,student,Vada pav,1,20.0,Food & Dining
student-00960,student,Samosa,1,20.0,Food & Dining
student-00960,student,Vada pav,2,40.0,Food & Dining
student-00961,student,Cutting chai,1,15.0,Food & Dining
student-00962,student,Poha,1,35.0,Food & Dining
student-00963,student,Samosa,1,20.0,Food & Dining
student-00963,student,Cold coffee,1,50.0,Food & Dining
student-00964,student,Gulab jamun,2,160.0,Food & Dining
student-00965,student,PG rent,1,7500.0,Bills & Utilities
student-00966,student,Cutting chai,1,15.0,Food & Dining
student-00967,student,Bun maska,1,30.0,Food & Dining
student-00968,student,Farmhouse pizza,1,459.0,Food & Dining
student-00968,student,Garlic breadsticks,1,129.0,Food & Dining
student-00969,student,Farmhouse pizza,1,459.0,Food & Dining
student-00969,student,Garlic breadsticks,1,129.0,Food & Dining
student-00970,student,Gold chain,1,45000.0,Shopping
student-00971,student,Bun maska,1,30.0,Food & Dining
student-00971,student,Cutting chai,1,15.0,Food & Dining
student-00972,student,Vada pav,1,20.0,Food & Dining
student-00972,student,Veg thali,2,140.0,Food & Dining
student-00973,student,Cutting chai,1,15.0,Food & Dining
student-00973,student,Poha,1,35.0,Food & Dining
student-00974,student,Bike taxi ride,1,80.0,Travel
student-00975,student,Veg fried rice,2,380.0,Food & Dining
student-00976,student,Uber Go ride,1,174.0,Travel
student-00977,student,Cutting chai,1,15.0,Food & Dining
student-00978,student,Detergent 1kg,1,199.0,Groceries
student-00978,student,Bournvita 500g,1,245.0,Groceries
student-00979,student,Bun maska,2,60.0,Food & Dining
student-00980,student,Bun maska,1,30.0,Food & Dining
student-00981,student,Notebook,1,60.0,Shopping
student-00981,student,Printouts,1,103.0,Shopping
student-00982,student,Cold coffee,1,50.0,Food & Dining
student-00983,student,Bike taxi ride,1,46.0,Travel
student-00984,student,Bike taxi ride,1,85.0,Travel
student-00985,student,Samosa,1,20.0,Food & Dining
student-00985,student,Cold coffee,1,50.0,Food & Dining
student-00986,student,Samosa,1,20.0,Food & Dining
student-00986,student,Cold coffee,1,50.0,Food & Dining
student-00987,student,Poha,2,70.0,Food & Dining
student-00987,student,Cutting chai,2,30.0,Food & Dining
student-00988,student,Bike taxi ride,1,130.0,Travel
student-00989,student,Veg fried rice,1,190.0,Food & Dining
student-00989,student,Chicken biryani,1,280.0,Food & Dining
student-00989,student,Butter naan,1,45.0,Food & Dining
student-00990,student,Garlic breadsticks,1,129.0,Food & Dining
student-00990,student,Pepsi 500ml,1,60.0,Food & Dining
student-00990,student,Farmhouse pizza,1,459.0,Food & Dining
student-00991,student,Uber Go ride,1,357.0,Travel
student-00992,student,Vada pav,2,40.0,Food & Dining
student-00993,student,Vada pav,1,20.0,Food & Dining
student-00993,student,Samosa,2,40.0,Food & Dining
student-00994,student,Uber Go ride,1,306.0,Travel
student-00995,student,Spotify Premium,1,101.0,Entertainment
student-00996,student,Bun maska,1,30.0,Food & Dining
student-00997,student,Veg thali,1,70.0,Food & Dining
student-00998,student,Paneer butter masala,1,240.0,Food & Dining
student-00998,student,Veg fried rice,1,190.0,Food & Dining
student-00999,student,Detergent 1kg,1,199.0,Groceries
student-00999,student,Biscuits,1,40.0,Groceries
student-01000,student,Flight Pune-Delhi,1,8400.0,Travel
student-01001,student,Bun maska,1,30.0,Food & Dining
student-01001,student,Cutting chai,1,15.0,Food & Dining
student-01002,student,Bun maska,1,30.0,Food & Dining
student-01003,student,Vada pav,1,20.0,Food & Dining
student-01004,student,Vada pav,2,40.0,Food & Dining
student-01004,student,Cold coffee,2,100.0,Food & Dining
student-01005,student,Pepsi 500ml,1,60.0,Food & Dining
student-01005,student,Garlic breadsticks,1,129.0,Food & Dining
student-01005,student,Farmhouse pizza,2,918.0,Food & Dining
student-01006,student,Bike taxi ride,1,120.0,Travel
student-01007,student,Samosa,1,20.0,Food & Dining
student-01008,student,Bun maska,1,30.0,Food & Dining
student-01008,student,Cutting chai,2,30.0,Food & Dining
student-01009,student,Bun maska,1,30.0,Food & Dining
student-01009,student,Cutting chai,1,15.0,Food & Dining
student-01010,student,Poha,1,35.0,Food & Dining
student-01011,student,Poha,1,35.0,Food & Dining
student-01011,student,Cutting chai,1,15.0,Food & Dining
student-01012,student,Veg thali,1,70.0,Food & Dining
student-01013,student,Bike taxi ride,1,45.0,Travel
student-01014,student,Samosa,1,20.0,Food & Dining
student-01014,student,Cold coffee,1,50.0,Food & Dining
student-01015,student,Poha,1,35.0,Food & Dining
student-01016,student,Poha,1,35.0,Food & Dining
student-01016,student,Bun maska,1,30.0,Food & Dining
student-01017,student,Cutting chai,1,15.0,Food & Dining
student-01017,student,Poha,1,35.0,Food & Dining
student-01018,student,Farmhouse pizza,1,459.0,Food & Dining
student-01018,student,Pepsi 500ml,2,120.0,Food & Dining
student-01019,student,Bike taxi ride,1,58.0,Travel
student-01020,student,Bike taxi ride,1,52.0,Travel
student-01021,student,Cutting chai,1,15.0,Food & Dining
student-01021,student,Bun maska,1,30.0,Food & Dining
student-01022,student,Chicken biryani,1,280.0,Food & Dining
student-01023,student,Poha,1,35.0,Food & Dining
student-01024,student,Vada pav,1,20.0,Food & Dining
student-01025,student,Prepaid recharge 28 days,1,253.0,Bills & Utilities
student-01026,student,Bun maska,1,30.0,Food & Dining
student-01026,student,Cutting chai,1,15.0,Food & Dining
student-01027,student,Bun maska,2,60.0,Food & Dining
student-01028,student,Samosa,1,20.0,Food & Dining
student-01029,student,Chicken biryani,1,280.0,Food & Dining
student-01030,student,Butter naan,1,45.0,Food & Dining
student-01031,student,Poha,1,35.0,Food & Dining
student-01031,student,Cutting chai,1,15.0,Food & Dining
student-01032,student,Uber Go ride,1,404.0,Travel
student-01033,student,Cutting chai,1,15.0,Food & Dining
student-01033,student,Poha,1,35.0,Food & Dining
student-01034,student,Bike taxi ride,1,95.0,Travel
student-01035,student,Bike taxi ride,1,75.0,Travel
student-01036,student,Poha,1,35.0,Food & Dining
student-01037,student,Vada pav,1,20.0,Food & Dining
student-01038,student,Bike taxi ride,1,528,Travel
student-01039,student,Cutting chai,1,15.0,Food & Dining
student-01040,student,Cutting chai,2,30.0,Food & Dining
student-01041,student,Cold coffee,1,50.0,Food & Dining
student-01041,student,Veg thali,1,70.0,Food & Dining
student-01042,student,Gulab jamun,1,80.0,Food & Dining
student-01042,student,Butter naan,1,45.0,Food & Dining
student-01042,student,Chicken biryani,1,280.0,Food & Dining
student-01043,student,Gulab jamun,2,160.0,Food & Dining
student-01043,student,Butter naan,1,45.0,Food & Dining
student-01044,student,Bike taxi ride,1,75.0,Travel
student-01045,student,Notebook,1,60.0,Shopping
student-01046,student,Poha,2,70.0,Food & Dining
student-01046,student,Cutting chai,1,15.0,Food & Dining
student-01047,student,PG rent,1,7500.0,Bills & Utilities
student-01048,student,Cutting chai,1,15.0,Food & Dining
student-01049,student,Paneer butter masala,2,480.0,Food & Dining
student-01049,student,Chicken biryani,1,280.0,Food & Dining
student-01049,student,Butter naan,2,90.0,Food & Dining
student-01050,student,Garlic breadsticks,1,129.0,Food & Dining
student-01050,student,Pepsi 500ml,1,60.0,Food & Dining
student-01050,student,Farmhouse pizza,1,459.0,Food & Dining
student-01051,student,Bun maska,1,30.0,Food & Dining
student-01052,student,Chicken biryani,1,280.0,Food & Dining
student-01052,student,Gulab jamun,1,80.0,Food & Dining
student-01052,student,Veg fried rice,2,380.0,Food & Dining
student-01053,student,Veg fried rice,1,190.0,Food & Dining
student-01054,student,Bike taxi ride,1,73.0,Travel
student-01055,student,Bun maska,2,60.0,Food & Dining
student-01055,student,Poha,1,35.0,Food & Dining
student-01056,student,Veg thali,1,70.0,Food & Dining
student-01057,student,Veg thali,1,70.0,Food & Dining
student-01058,student,Gulab jamun,2,160.0,Food & Dining
student-01058,student,Veg fried rice,2,380.0,Food & Dining
student-01059,student,Samosa,2,40.0,Food & Dining
student-01060,student,Vada pav,1,20.0,Food & Dining
student-01060,student,Cold coffee,1,50.0,Food & Dining
student-01061,student,Poha,1,35.0,Food & Dining
student-01062,student,Bun maska,1,30.0,Food & Dining
student-01062,student,Poha,1,35.0,Food & Dining
student-01063,student,Bike taxi ride,1,129.0,Travel
student-01064,student,Vada pav,1,20.0,Food & Dining
student-01064,student,Cold coffee,1,50.0,Food & Dining
student-01065,student,Cutting chai,2,30.0,Food & Dining
student-01065,student,Poha,1,35.0,Food & Dining
student-01066,student,Cutting chai,2,30.0,Food & Dining
student-01067,student,Cold coffee,1,50.0,Food & Dining
student-01068,student,Bike taxi ride,1,74.0,Travel
student-01069,student,Cutting chai,1,15.0,Food & Dining
student-01069,student,Poha,2,70.0,Food & Dining
student-01070,student,Vada pav,1,20.0,Food & Dining
student-01070,student,Cold coffee,2,100.0,Food & Dining
student-01071,student,Gulab jamun,1,80.0,Food & Dining
student-01071,student,Veg fried rice,1,190.0,Food & Dining
student-01071,student,Butter naan,1,45.0,Food & Dining
student-01072,student,Cutting chai,1,15.0,Food & Dining
student-01072,student,Bun maska,1,30.0,Food & Dining
student-01073,student,Paneer butter masala,1,240.0,Food & Dining
student-01074,student,Spotify Premium,1,101.0,Entertainment
student-01075,student,Bike taxi ride,1,136.0,Travel
student-01076,student,Hoodie,1,1299.0,Shopping
student-01077,student,Flight Pune-Delhi,1,8400.0,Travel
student-01078,student,Poha,1,35.0,Food & Dining
student-01079,student,Butter naan,1,45.0,Food & Dining
student-01080,student,Maggi noodles 12-pack,1,168.0,Groceries
student-01080,student,Biscuits,1,40.0,Groceries
student-01081,student,Detergent 1kg,1,199.0,Groceries
student-01081,student,Amul milk 1L,1,68.0,Groceries
student-01082,student,Cutting chai,1,15.0,Food & Dining
student-01083,student,Gulab jamun,1,80.0,Food & Dining
student-01083,student,Veg fried rice,1,190.0,Food & Dining
student-01084,student,Uber Go ride,1,307.0,Travel
student-01085,student,Cutting chai,1,15.0,Food & Dining
student-01086,student,Bun maska,1,30.0,Food & Dining
student-01087,student,Uber Go ride,1,202.0,Travel
student-01088,student,Cutting chai,1,15.0,Food & Dining
student-01089,student,Poha,1,35.0,Food & Dining
student-01090,student,Chicken biryani,1,1570,Food & Dining
student-01090,student,Paneer butter masala,1,1011,Food & Dining
student-01091,student,Bike taxi ride,1,120.0,Travel
student-01092,student,Prepaid recharge 28 days,1,253.0,Bills & Utilities
student-01093,student,Vada pav,1,20.0,Food & Dining
student-01094,student,Bike taxi ride,1,95.0,Travel
student-01095,student,Bike taxi ride,1,49.0,Travel
student-01096,student,Bike taxi ride,1,123.0,Travel
student-01097,student,Cutting chai,1,15.0,Food & Dining
student-01097,student,Poha,1,35.0,Food & Dining
student-01098,student,Pens pack,1,50.0,Shopping
student-01099,student,Poha,1,35.0,Food & Dining
student-01100,student,Veg fried rice,1,190.0,Food & Dining
student-01100,student,Butter naan,1,45.0,Food & Dining
student-01101,student,Bike taxi ride,1,72.0,Travel
student-01102,student,Poha,1,35.0,Food & Dining
student-01103,student,Samosa,1,20.0,Food & Dining
student-01103,student,Veg thali,1,70.0,Food & Dining
student-01104,student,Veg thali,2,140.0,Food & Dining
student-01105,student,Vada pav,1,20.0,Food & Dining
student-01106,student,Cutting chai,1,15.0,Food & Dining
student-01107,student,Bike taxi ride,1,53.0,Travel
student-01108,student,Cutting chai,1,15.0,Food & Dining
student-01109,student,Bun maska,1,30.0,Food & Dining
student-01109,student,Cutting chai,2,30.0,Food & Dining
student-01110,student,Detergent 1kg,1,199.0,Groceries
student-01110,student,Maggi noodles 12-pack,1,168.0,Groceries
student-01110,student,Bread,1,45.0,Groceries
student-01110,student,Biscuits,1,40.0,Groceries
student-01111,student,Bournvita 500g,1,245.0,Groceries
student-01111,student,Detergent 1kg,1,199.0,Groceries
student-01111,student,Bread,1,45.0,Groceries
student-01111,student,Biscuits,1,40.0,Groceries
student-01112,student,PG rent,1,7500.0,Bills & Utilities
student-01113,student,Cutting chai,1,15.0,Food & Dining
student-01113,student,Poha,2,70.0,Food & Dining
student-01114,student,Gulab jamun,1,80.0,Food & Dining
student-01114,student,Butter naan,1,45.0,Food & Dining
student-01114,student,Chicken biryani,1,280.0,Food & Dining
student-01115,student,Bun maska,1,30.0,Food & Dining
student-01115,student,Cutting chai,1,15.0,Food & Dining
student-01116,student,Vada pav,2,40.0,Food & Dining
student-01116,student,Cold coffee,2,100.0,Food & Dining
student-01117,student,Bun maska,1,30.0,Food & Dining
student-01117,student,Poha,2,70.0,Food & Dining
student-01118,student,Pepsi 500ml,1,60.0,Food & Dining
student-01118,student,Farmhouse pizza,1,459.0,Food & Dining
student-01118,student,Garlic breadsticks,1,129.0,Food & Dining
student-01119,student,Bike taxi ride,1,122.0,Travel
student-01120,student,Vada pav,1,20.0,Food & Dining
student-01121,student,Vada pav,1,20.0,Food & Dining
student-01121,student,Cold coffee,1,50.0,Food & Dining
student-01122,student,Veg fried rice,1,190.0,Food & Dining
student-01123,student,Cutting chai,1,15.0,Food & Dining
student-01124,student,Bun maska,1,30.0,Food & Dining
student-01125,student,Cold coffee,2,100.0,Food & Dining
student-01125,student,Veg thali,1,70.0,Food & Dining
student-01126,student,Gulab jamun,1,80.0,Food & Dining
student-01126,student,Chicken biryani,1,280.0,Food & Dining
student-01126,student,Veg fried rice,1,190.0,Food & Dining
student-01127,student,Butter naan,1,45.0,Food & Dining
student-01127,student,Paneer butter masala,1,240.0,Food & Dining
student-01128,student,Bike taxi ride,1,102.0,Travel
student-01129,student,Flight Pune-Delhi,1,8400.0,Travel
student-01130,student,Cutting chai,1,15.0,Food & Dining
student-01130,student,Poha,1,35.0,Food & Dining
student-01131,student,Bike taxi ride,1,84.0,Travel
student-01132,student,Bun maska,1,30.0,Food & Dining
student-01132,student,Cutting chai,2,30.0,Food & Dining
student-01133,student,Samosa,1,20.0,Food & Dining
student-01133,student,Vada pav,1,20.0,Food & Dining
student-01134,student,Bun maska,2,60.0,Food & Dining
student-01135,student,Poha,1,35.0,Food & Dining
student-01135,student,Cutting chai,1,15.0,Food & Dining
student-01136,student,Cold coffee,1,50.0,Food & Dining
student-01136,student,Samosa,1,20.0,Food & Dining
student-01137,student,Vada pav,1,20.0,Food & Dining
student-01137,student,Samosa,1,20.0,Food & Dining
student-01138,student,Cutting chai,1,15.0,Food & Dining
student-01139,student,Spotify Premium,1,101.0,Entertainment
student-01140,student,Cutting chai,1,15.0,Food & Dining
student-01141,student,Garlic breadsticks,2,258.0,Food & Dining
student-01142,student,Cutting chai,2,30.0,Food & Dining
student-01143,student,Veg thali,1,70.0,Food & Dining
student-01143,student,Samosa,1,20.0,Food & Dining
student-01144,student,Paneer butter masala,1,240.0,Food & Dining
student-01144,student,Gulab jamun,1,80.0,Food & Dining
student-01144,student,Butter naan,1,45.0,Food & Dining
student-01145,student,Bike taxi ride,1,122.0,Travel
student-01146,student,Printouts,1,112.0,Shopping
student-01146,student,Pens pack,1,50.0,Shopping
student-01147,student,Veg thali,1,70.0,Food & Dining
student-01148,student,Bun maska,1,30.0,Food & Dining
student-01149,student,Poha,2,70.0,Food & Dining
student-01149,student,Bun maska,1,30.0,Food & Dining
student-01150,student,Garlic breadsticks,2,1152,Food & Dining
student-01151,student,Bike taxi ride,1,78.0,Travel
student-01152,student,Bun maska,1,30.0,Food & Dining
student-01153,student,Prepaid recharge 28 days,1,253.0,Bills & Utilities
student-01154,student,Bun maska,1,30.0,Food & Dining
student-01155,student,Veg thali,2,140.0,Food & Dining
student-01156,student,Uber Go ride,1,341.0,Travel
student-01157,student,Popcorn combo,1,320.0,Entertainment
student-01158,student,Poha,1,35.0,Food & Dining
student-01159,student,Maggi noodles 12-pack,1,168.0,Groceries
student-01159,student,Bournvita 500g,1,245.0,Groceries
student-01160,student,Bike taxi ride,1,88.0,Travel
student-01161,student,Bun maska,1,30.0,Food & Dining
student-01162,student,Garlic breadsticks,1,129.0,Food & Dining
student-01162,student,Farmhouse pizza,1,459.0,Food & Dining
student-01163,student,Paneer butter masala,1,240.0,Food & Dining
student-01163,student,Chicken biryani,1,280.0,Food & Dining
student-01164,student,Bun maska,2,60.0,Food & Dining
student-01165,student,Poha,1,35.0,Food & Dining
student-01165,student,Cutting chai,1,15.0,Food & Dining
student-01166,student,Bun maska,1,30.0,Food & Dining
student-01166,student,Cutting chai,1,15.0,Food & Dining
student-01167,student,Veg thali,1,70.0,Food & Dining
student-01168,student,Veg fried rice,2,380.0,Food & Dining
student-01168,student,Gulab jamun,1,80.0,Food & Dining
student-01168,student,Butter naan,2,90.0,Food & Dining
student-01169,student,Bike taxi ride,1,99.0,Travel
student-01170,student,Uber Go ride,1,318.0,Travel
student-01171,student,Bun maska,1,30.0,Food & Dining
student-01172,student,Pepsi 500ml,1,60.0,Food & Dining
student-01173,student,Bike taxi ride,1,111.0,Travel
student-01174,student,Poha,1,35.0,Food & Dining
student-01174,student,Cutting chai,1,15.0,Food & Dining
student-01175,student,Bun maska,2,60.0,Food & Dining
student-01175,student,Cutting chai,2,30.0,Food & Dining
student-01176,student,Veg thali,2,140.0,Food & Dining
student-01177,student,Sneakers,1,2499.0,Shopping
student-01178,student,PG rent,1,7500.0,Bills & Utilities
student-01179,student,Poha,1,35.0,Food & Dining
student-01179,student,Bun maska,1,30.0,Food & Dining
student-01180,student,Bun maska,1,30.0,Food & Dining
student-01181,student,Cutting chai,2,30.0,Food & Dining
student-01181,student,Bun maska,2,60.0,Food & Dining
student-01182,student,Poha,1,35.0,Food & Dining
student-01183,student,Cutting chai,1,15.0,Food & Dining
student-01184,student,Poha,2,70.0,Food & Dining
student-01185,student,Vada pav,1,20.0,Food & Dining
student-01186,student,Butter naan,1,45.0,Food & Dining
student-01187,student,Cutting chai,1,105,Food & Dining
student-01187,student,Poha,1,158,Food & Dining
student-01188,student,Veg fried rice,1,190.0,Food & Dining
student-01188,student,Chicken biryani,1,280.0,Food & Dining
student-01189,student,Cutting chai,2,30.0,Food & Dining
student-01190,student,Bun maska,1,30.0,Food & Dining
student-01191,student,Samosa,1,20.0,Food & Dining
student-01191,student,Veg thali,1,70.0,Food & Dining
student-01192,student,Bun maska,1,30.0,Food & Dining
student-01192,student,Cutting chai,1,15.0,Food & Dining
student-01193,student,Bun maska,2,60.0,Food & Dining
student-01194,student,Cold coffee,1,50.0,Food & Dining
student-01195,student,Farmhouse pizza,1,459.0,Food & Dining
student-01195,student,Garlic breadsticks,1,129.0,Food & Dining
student-01195,student,Pepsi 500ml,1,60.0,Food & Dining
student-01196,student,Bike taxi ride,1,52.0,Travel
student-01197,student,Uber Go ride,1,394.0,Travel
student-01198,student,Veg fried rice,1,190.0,Food & Dining
student-01198,student,Chicken biryani,1,280.0,Food & Dining
student-01198,student,Gulab jamun,1,80.0,Food & Dining
student-01199,student,Notebook,1,60.0,Shopping
student-01199,student,Pens pack,1,50.0,Shopping
student-01200,student,Cutting chai,1,15.0,Food & Dining
student-01201,student,Bun maska,2,60.0,Food & Dining
student-01202,student,Bun maska,1,30.0,Food & Dining
student-01202,student,Poha,1,35.0,Food & Dining
student-01203,student,Poha,1,35.0,Food & Dining
student-01204,student,Gulab jamun,1,80.0,Food & Dining
student-01204,student,Veg fried rice,1,190.0,Food & Dining
student-01204,student,Butter naan,1,45.0,Food & Dining
student-01205,student,Bike taxi ride,1,573,Travel
student-01206,student,Cutting chai,1,15.0,Food & Dining
student-01206,student,Bun maska,1,30.0,Food & Dining
student-01207,student,Bun maska,1,30.0,Food & Dining
student-01207,student,Poha,1,35.0,Food & Dining
student-01208,student,Vada pav,1,20.0,Food & Dining
student-01208,student,Veg thali,2,140.0,Food & Dining
student-01209,student,Pepsi 500ml,1,60.0,Food & Dining
student-01209,student,Farmhouse pizza,1,459.0,Food & Dining
student-01210,student,Spotify Premium,1,101.0,Entertainment
student-01211,student,Cold coffee,1,50.0,Food & Dining
student-01211,student,Vada pav,1,20.0,Food & Dining
student-01212,student,Butter naan,1,45.0,Food & Dining
student-01212,student,Paneer butter masala,2,480.0,Food & Dining
student-01212,student,Gulab jamun,2,160.0,Food & Dining
student-01213,student,Poha,2,70.0,Food & Dining
student-01214,student,Bike taxi ride,1,139.0,Travel
student-01215,student,Uber Go ride,1,214.0,Travel
student-01216,student,Poha,1,35.0,Food & Dining
student-01216,student,Bun maska,1,30.0,Food & Dining
student-01217,student,Bike taxi ride,1,57.0,Travel
student-01218,student,Prepaid recharge 28 days,1,253.0,Bills & Utilities
student-01219,student,Bun maska,1,30.0,Food & Dining
student-01219,student,Cutting chai,1,15.0,Food & Dining
student-01220,student,Veg thali,1,70.0,Food & Dining
student-01221,student,Uber Go ride,1,251.0,Travel
student-01222,student,Cutting chai,1,15.0,Food & Dining
student-01222,student,Bun maska,2,60.0,Food & Dining
student-01223,student,Gulab jamun,2,160.0,Food & Dining
student-01223,student,Paneer butter masala,1,240.0,Food & Dining
student-01223,student,Butter naan,1,45.0,Food & Dining
student-01224,student,Samosa,1,20.0,Food & Dining
student-01224,student,Veg thali,1,70.0,Food & Dining
student-01225,student,Samosa,1,20.0,Food & Dining
student-01225,student,Vada pav,1,20.0,Food & Dining
student-01226,student,Poha,1,35.0,Food & Dining
student-01226,student,Cutting chai,1,15.0,Food & Dining
student-01227,student,Vada pav,1,20.0,Food & Dining
student-01227,student,Cold coffee,1,50.0,Food & Dining
student-01228,student,Bike taxi ride,1,129.0,Travel
student-01229,student,Bun maska,1,30.0,Food & Dining
student-01229,student,Cutting chai,1,15.0,Food & Dining
student-01230,student,Cutting chai,1,15.0,Food & Dining
student-01231,student,Bike taxi ride,1,79.0,Travel
student-01232,student,Bun maska,1,30.0,Food & Dining
student-01232,student,Cutting chai,1,15.0,Food & Dining
student-01233,student,Poha,2,70.0,Food & Dining
student-01233,student,Bun maska,2,60.0,Food & Dining
student-01234,student,Samosa,1,20.0,Food & Dining
student-01235,student,Notebook,1,60.0,Shopping
student-01236,student,Bun maska,1,30.0,Food & Dining
student-01236,student,Cutting chai,1,15.0,Food & Dining
student-01237,student,Poha,1,35.0,Food & Dining
student-01237,student,Bun maska,1,30.0,Food & Dining
student-01238,student,Bike taxi ride,1,140.0,Travel
student-01239,student,Uber Go ride,1,219.0,Travel
student-01240,student,Bread,1,45.0,Groceries
student-01240,student,Amul milk 1L,1,68.0,Groceries
student-01240,student,Maggi noodles 12-pack,1,168.0,Groceries
student-01240,student,Bournvita 500g,1,245.0,Groceries
student-01241,student,Bike taxi ride,1,116.0,Travel
student-01242,student,Bournvita 500g,1,245.0,Groceries
student-01242,student,Maggi noodles 12-pack,1,168.0,Groceries
student-01242,student,Bread,1,45.0,Groceries
student-01242,student,Amul milk 1L,1,68.0,Groceries
student-01243,student,Bike taxi ride,1,122.0,Travel
student-01244,student,Poha,1,35.0,Food & Dining
student-01245,student,Vada pav,1,20.0,Food & Dining
student-01246,student,Veg thali,1,70.0,Food & Dining
student-01247,student,Poha,1,35.0,Food & Dining
student-01247,student,Cutting chai,1,15.0,Food & Dining
student-01248,student,Vada pav,1,20.0,Food & Dining
student-01248,student,Cold coffee,1,50.0,Food & Dining
student-01249,student,Cold coffee,2,100.0,Food & Dining
student-01250,student,Vada pav,2,40.0,Food & Dining
student-01251,student,Cutting chai,1,15.0,Food & Dining
student-01252,student,Cutting chai,1,15.0,Food & Dining
student-01253,student,Samosa,1,20.0,Food & Dining
student-01253,student,Cold coffee,1,50.0,Food & Dining
student-01254,student,Poha,2,70.0,Food & Dining
student-01254,student,Cutting chai,1,15.0,Food & Dining
student-01255,student,Cold coffee,1,50.0,Food & Dining
student-01256,student,Chicken biryani,1,280.0,Food & Dining
student-01256,student,Butter naan,1,45.0,Food & Dining
student-01256,student,Gulab jamun,1,80.0,Food & Dining
student-01257,student,Veg fried rice,2,380.0,Food & Dining
student-01258,student,Chicken biryani,1,280.0,Food & Dining
student-01258,student,Paneer butter masala,1,240.0,Food & Dining
student-01259,student,PG rent,1,7500.0,Bills & Utilities
student-01260,student,Bun maska,1,30.0,Food & Dining
student-01260,student,Poha,1,35.0,Food & Dining
student-01261,student,Cutting chai,1,15.0,Food & Dining
student-01262,student,Biscuits,1,40.0,Groceries
student-01262,student,Bread,1,45.0,Groceries
student-01262,student,Bournvita 500g,1,245.0,Groceries
student-01263,student,Bike taxi ride,1,101.0,Travel
student-01264,student,Bike taxi ride,1,47.0,Travel
student-01265,student,Bun maska,1,30.0,Food & Dining
student-01266,student,Bun maska,2,60.0,Food & Dining
student-01266,student,Poha,1,35.0,Food & Dining
student-01267,student,Bun maska,1,30.0,Food & Dining
student-01267,student,Poha,1,35.0,Food & Dining
student-01268,student,Amul milk 1L,1,68.0,Groceries
student-01268,student,Detergent 1kg,1,199.0,Groceries
student-01268,student,Bread,1,45.0,Groceries
student-01269,student,Bun maska,2,60.0,Food & Dining
student-01269,student,Poha,1,35.0,Food & Dining
student-01270,student,Cutting chai,1,15.0,Food & Dining
student-01271,student,Veg fried rice,2,380.0,Food & Dining
student-01271,student,Paneer butter masala,1,240.0,Food & Dining
student-01271,student,Butter naan,1,45.0,Food & Dining
student-01272,student,Pepsi 500ml,1,60.0,Food & Dining
student-01273,student,Gulab jamun,2,160.0,Food & Dining
student-01273,student,Paneer butter masala,1,240.0,Food & Dining
student-01274,student,Cutting chai,1,15.0,Food & Dining
student-01274,student,Poha,2,70.0,Food & Dining
student-01275,student,Vada pav,1,20.0,Food & Dining
student-01275,student,Cold coffee,1,50.0,Food & Dining
student-01276,student,Paneer butter masala,1,240.0,Food & Dining
student-01277,student,Cutting chai,1,15.0,Food & Dining
student-01277,student,Poha,1,35.0,Food & Dining
student-01278,student,Cutting chai,1,15.0,Food & Dining
student-01278,student,Poha,1,35.0,Food & Dining
student-01279,student,Chicken biryani,1,280.0,Food & Dining
student-01279,student,Paneer butter masala,1,240.0,Food & Dining
student-01280,student,Butter naan,1,45.0,Food & Dining
student-01281,student,Vada pav,1,20.0,Food & Dining
student-01281,student,Samosa,1,20.0,Food & Dining
student-01282,student,Prepaid recharge 28 days,1,253.0,Bills & Utilities
student-01283,student,Spotify Premium,1,101.0,Entertainment
student-01284,student,Veg fried rice,1,190.0,Food & Dining
student-01285,student,Veg fried rice,1,190.0,Food & Dining
student-01285,student,Chicken biryani,1,280.0,Food & Dining
student-01286,student,Uber Go ride,1,185.0,Travel
student-01287,student,Veg fried rice,1,190.0,Food & Dining
student-01288,student,Gulab jamun,1,80.0,Food & Dining
student-01288,student,Chicken biryani,2,560.0,Food & Dining
student-01289,student,Bun maska,1,30.0,Food & Dining
student-01289,student,Poha,1,35.0,Food & Dining
student-01290,student,Bun maska,1,30.0,Food & Dining
student-01290,student,Poha,1,35.0,Food & Dining
student-01291,student,Poha,1,35.0,Food & Dining
student-01292,student,Bun maska,1,30.0,Food & Dining
student-01293,student,Cold coffee,1,50.0,Food & Dining
student-01293,student,Veg thali,2,140.0,Food & Dining
student-01294,student,Cutting chai,1,15.0,Food & Dining
student-01295,student,Bun maska,1,30.0,Food & Dining
student-01296,student,Cutting chai,1,15.0,Food & Dining
student-01297,student,Bike taxi ride,1,132.0,Travel
student-01298,student,Poha,1,35.0,Food & Dining
student-01298,student,Cutting chai,1,15.0,Food & Dining
student-01299,student,Bun maska,2,60.0,Food & Dining
student-01300,student,Pens pack,1,50.0,Shopping
student-01300,student,Notebook,1,60.0,Shopping
professional-00000,professional,Cold brew,1,290.0,Food & Dining
professional-00000,professional,Croissant,2,500.0,Food & Dining
professional-00001,professional,Gym membership,1,1695.0,Health
professional-00002,professional,House rent,1,22000.0,Bills & Utilities
professional-00003,professional,Uber Go ride,1,361.0,Travel
professional-00004,professional,Uber Go ride,1,371.0,Travel
professional-00005,professional,Croissant,1,250.0,Food & Dining
professional-00006,professional,Cold brew,1,290.0,Food & Dining
professional-00006,professional,Croissant,1,250.0,Food & Dining
professional-00007,professional,Ramen,1,450.0,Food & Dining
professional-00007,professional,Cheesecake,1,260.0,Food & Dining
professional-00008,professional,Chicken biryani,1,320.0,Food & Dining
professional-00008,professional,Caesar salad,2,760.0,Food & Dining
professional-00008,professional,Pad thai,1,420.0,Food & Dining
professional-00009,professional,Ramen,1,450.0,Food & Dining
professional-00010,professional,Uber Go ride,1,479.0,Travel
professional-00011,professional,T-shirt,1,1290.0,Shopping
professional-00011,professional,Trousers,1,3290.0,Shopping
professional-00012,professional,Chicken biryani,1,320.0,Food & Dining
professional-00012,professional,Caesar salad,1,380.0,Food & Dining
professional-00012,professional,Pad thai,1,420.0,Food & Dining
professional-00013,professional,Caesar salad,1,380.0,Food & Dining
professional-00013,professional,Pad thai,1,420.0,Food & Dining
professional-00014,professional,Cheesecake,1,260.0,Food & Dining
professional-00014,professional,Ramen,1,450.0,Food & Dining
professional-00014,professional,Chicken biryani,1,320.0,Food & Dining
professional-00015,professional,Broadband 100 Mbps,1,847.0,Bills & Utilities
professional-00016,professional,Flight BLR-DEL,1,10381.0,Travel
professional-00017,professional,Caesar salad,1,380.0,Food & Dining
professional-00018,professional,Uber Go ride,1,401.0,Travel
professional-00019,professional,Blueberry muffin,2,420.0,Food & Dining
professional-00020,professional,Milkshake,1,220.0,Food & Dining
professional-00020,professional,Pasta,1,390.0,Food & Dining
professional-00020,professional,Fries,1,180.0,Food & Dining
professional-00021,professional,Hair spa,1,1800.0,Health
professional-00022,professional,Ramen,1,450.0,Food & Dining
professional-00022,professional,Chicken biryani,1,320.0,Food & Dining
professional-00023,professional,Uber Go ride,1,507.0,Travel
professional-00024,professional,Netflix Premium,1,550.0,Entertainment
professional-00025,professional,Pasta,1,390.0,Food & Dining
professional-00025,professional,Fries,2,360.0,Food & Dining
professional-00025,professional,Milkshake,1,220.0,Food & Dining
professional-00026,professional,Vegetables box,1,450.0,Groceries
professional-00026,professional,Eggs 12,1,108.0,Groceries
professional-00026,professional,Avocado x2,1,260.0,Groceries
professional-00027,professional,Vegetables box,1,450.0,Groceries
professional-00027,professional,Eggs 12,1,108.0,Groceries
professional-00027,professional,Avocado x2,1,260.0,Groceries
professional-00027,professional,Olive oil 1L,1,899.0,Groceries
professional-00028,professional,Uber Go ride,1,431.0,Travel
professional-00029,professional,Pad thai,2,840.0,Food & Dining
professional-00029,professional,Caesar salad,1,380.0,Food & Dining
professional-00029,professional,Ramen,1,450.0,Food & Dining
professional-00030,professional,Cough syrup,1,120.0,Health
professional-00030,professional,Paracetamol strip,1,35.0,Health
professional-00031,professional,Electricity bill,1,1749.0,Bills & Utilities
professional-00032,professional,Uber Go ride,1,466.0,Travel
professional-00033,professional,Uber Go ride,1,226.0,Travel
professional-00034,professional,Cheesecake,1,260.0,Food & Dining
professional-00034,professional,Pad thai,2,840.0,Food & Dining
professional-00034,professional,Chicken biryani,1,320.0,Food & Dining
professional-00035,professional,Pad thai,1,420.0,Food & Dining
professional-00035,professional,Chicken biryani,1,320.0,Food & Dining
professional-00036,professional,Uber Go ride,1,451.0,Travel
professional-00037,professional,Uber Go ride,1,451.0,Travel
professional-00038,professional,Vegetables box,1,450.0,Groceries
professional-00038,professional,Greek yogurt,1,120.0,Groceries
professional-00038,professional,Avocado x2,1,260.0,Groceries
professional-00038,professional,Olive oil 1L,1,899.0,Groceries
professional-00039,professional,Movie ticket,1,425.0,Entertainment
professional-00040,professional,Ramen,1,450.0,Food & Dining
professional-00040,professional,Caesar salad,1,380.0,Food & Dining
professional-00041,professional,Olive oil 1L,1,899.0,Groceries
professional-00041,professional,Vegetables box,1,450.0,Groceries
professional-00041,professional,Greek yogurt,1,120.0,Groceries
professional-00042,professional,Cold brew,1,290.0,Food & Dining
professional-00043,professional,Uber Go ride,1,406.0,Travel
professional-00044,professional,Pad thai,1,420.0,Food & Dining
professional-00045,professional,Croissant,1,250.0,Food & Dining
professional-00045,professional,Caffe latte,1,320.0,Food & Dining
professional-00046,professional,Caesar salad,1,380.0,Food & Dining
professional-00046,professional,Pad thai,1,420.0,Food & Dining
professional-00046,professional,Cheesecake,1,260.0,Food & Dining
professional-00047,professional,Pad thai,1,420.0,Food & Dining
professional-00048,professional,Uber Go ride,1,320.0,Travel
professional-00049,professional,Uber Go ride,1,273.0,Travel
professional-00050,professional,Cough syrup,1,120.0,Health
professional-00050,professional,Paracetamol strip,1,35.0,Health
professional-00051,professional,Chicken biryani,1,320.0,Food & Dining
professional-00051,professional,Cheesecake,1,260.0,Food & Dining
professional-00051,professional,Pad thai,2,840.0,Food & Dining
professional-00052,professional,Uber Go ride,1,203.0,Travel
professional-00053,professional,Paracetamol strip,1,35.0,Health
professional-00054,professional,Cheesecake,1,260.0,Food & Dining
professional-00055,professional,Blueberry muffin,1,210.0,Food & Dining
professional-00056,professional,Uber Go ride,1,506.0,Travel
professional-00057,professional,Blueberry muffin,2,420.0,Food & Dining
professional-00057,professional,Caffe latte,1,320.0,Food & Dining
professional-00058,professional,Caesar salad,2,760.0,Food & Dining
professional-00058,professional,Cheesecake,2,520.0,Food & Dining
professional-00059,professional,Fries,1,180.0,Food & Dining
professional-00059,professional,Milkshake,1,220.0,Food & Dining
professional-00060,professional,Uber Go ride,1,331.0,Travel
professional-00061,professional,Phone charger,1,1299.0,Shopping
professional-00062,professional,Ramen,1,450.0,Food & Dining
professional-00062,professional,Pad thai,1,420.0,Food & Dining
professional-00063,professional,Gym membership,1,1695.0,Health
professional-00064,professional,Chicken biryani,1,320.0,Food & Dining
professional-00064,professional,Cheesecake,1,260.0,Food & Dining
professional-00065,professional,Olive oil 1L,1,899.0,Groceries
professional-00065,professional,Vegetables box,1,450.0,Groceries
professional-00065,professional,Eggs 12,1,108.0,Groceries
professional-00065,professional,Almond milk 1L,1,299.0,Groceries
professional-00065,professional,Greek yogurt,1,120.0,Groceries
professional-00066,professional,Uber Go ride,1,481.0,Travel
professional-00067,professional,House rent,1,22000.0,Bills & Utilities
professional-00068,professional,Ramen,1,450.0,Food & Dining
professional-00069,professional,Chicken biryani,1,320.0,Food & Dining
professional-00070,professional,Chicken biryani,1,320.0,Food & Dining
professional-00070,professional,Pad thai,1,420.0,Food & Dining
professional-00070,professional,Caesar salad,2,760.0,Food & Dining
professional-00071,professional,Milkshake,2,440.0,Food & Dining
professional-00071,professional,Fries,2,360.0,Food & Dining
professional-00072,professional,Eggs 12,1,108.0,Groceries
professional-00072,professional,Avocado x2,1,260.0,Groceries
professional-00072,professional,Olive oil 1L,1,899.0,Groceries
professional-00072,professional,Almond milk 1L,1,299.0,Groceries
professional-00072,professional,Vegetables box,1,450.0,Groceries
professional-00073,professional,Uber Go ride,1,221.0,Travel
professional-00074,professional,Uber Go ride,1,305.0,Travel
professional-00075,professional,Ramen,2,900.0,Food & Dining
professional-00076,professional,Pasta,1,390.0,Food & Dining
professional-00076,professional,Burger,2,700.0,Food & Dining
professional-00076,professional,Milkshake,1,220.0,Food & Dining
professional-00076,professional,Fries,1,180.0,Food & Dining
professional-00077,professional,Uber Go ride,1,446.0,Travel
professional-00078,professional,Cold brew,1,290.0,Food & Dining
professional-00079,professional,Blueberry muffin,1,210.0,Food & Dining
professional-00079,professional,Croissant,1,250.0,Food & Dining
professional-00080,professional,Croissant,1,250.0,Food & Dining
professional-00081,professional,Fries,1,180.0,Food & Dining
professional-00081,professional,Pasta,1,390.0,Food & Dining
professional-00081,professional,Milkshake,1,220.0,Food & Dining
professional-00081,professional,Burger,2,700.0,Food & Dining
professional-00082,professional,Vegetables box,1,450.0,Groceries
professional-00082,professional,Greek yogurt,1,120.0,Groceries
professional-00082,professional,Avocado x2,1,260.0,Groceries
professional-00082,professional,Olive oil 1L,1,899.0,Groceries
professional-00082,professional,Almond milk 1L,1,299.0,Groceries
professional-00083,professional,Caffe latte,1,320.0,Food & Dining
professional-00084,professional,Broadband 100 Mbps,1,847.0,Bills & Utilities
professional-00085,professional,Cheesecake,1,260.0,Food & Dining
professional-00086,professional,Olive oil 1L,1,899.0,Groceries
professional-00086,professional,Greek yogurt,1,120.0,Groceries
professional-00086,professional,Eggs 12,1,108.0,Groceries
professional-00086,professional,Vegetables box,1,450.0,Groceries
professional-00086,professional,Avocado x2,1,260.0,Groceries
professional-00087,professional,Uber Go ride,1,201.0,Travel
professional-00088,professional,Bluetooth earbuds,1,2999.0,Shopping
professional-00089,professional,Flight BLR-Dubai,1,42000.0,Travel
professional-00090,professional,Chicken biryani,1,320.0,Food & Dining
professional-00090,professional,Ramen,2,900.0,Food & Dining
professional-00091,professional,Caesar salad,1,380.0,Food & Dining
professional-00092,professional,Movie ticket,1,403.0,Entertainment
professional-00092,professional,Nachos combo,1,380.0,Entertainment
professional-00093,professional,Caesar salad,2,760.0,Food & Dining
professional-00094,professional,Uber Go ride,1,493.0,Travel
professional-00095,professional,Netflix Premium,1,550.0,Entertainment
professional-00096,professional,Almond milk 1L,1,299.0,Groceries
professional-00096,professional,Vegetables box,1,450.0,Groceries
professional-00096,professional,Eggs 12,1,108.0,Groceries
professional-00097,professional,Pad thai,1,420.0,Food & Dining
professional-00098,professional,Uber Go ride,1,203.0,Travel
professional-00099,professional,Linen shirt,1,2990.0,Shopping
professional-00099,professional,Dress,1,3990.0,Shopping
professional-00100,professional,Electricity bill,1,1192.0,Bills & Utilities
professional-00101,professional,Olive oil 1L,1,899.0,Groceries
professional-00101,professional,Greek yogurt,1,120.0,Groceries
professional-00101,professional,Avocado x2,1,260.0,Groceries
professional-00101,professional,Almond milk 1L,1,299.0,Groceries
professional-00102,professional,Caesar salad,1,380.0,Food & Dining
professional-00102,professional,Pad thai,1,420.0,Food & Dining
professional-00103,professional,Milkshake,1,220.0,Food & Dining
professional-00103,professional,Pasta,1,390.0,Food & Dining
professional-00103,professional,Burger,1,350.0,Food & Dining
professional-00103,professional,Fries,1,180.0,Food & Dining
professional-00104,professional,Croissant,1,250.0,Food & Dining
professional-00105,professional,Cold brew,2,580.0,Food & Dining
professional-00106,professional,Caesar salad,1,380.0,Food & Dining
professional-00106,professional,Cheesecake,2,520.0,Food & Dining
professional-00106,professional,Ramen,1,450.0,Food & Dining
professional-00107,professional,Croissant,1,1377,Food & Dining
professional-00107,professional,Blueberry muffin,1,992,Food & Dining
professional-00108,professional,Croissant,1,250.0,Food & Dining
professional-00109,professional,Cold brew,1,290.0,Food & Dining
professional-00110,professional,Cheesecake,2,520.0,Food & Dining
professional-00110,professional,Caesar salad,1,380.0,Food & Dining
professional-00110,professional,Pad thai,2,840.0,Food & Dining
professional-00111,professional,Chicken biryani,1,320.0,Food & Dining
professional-00112,professional,Uber Go ride,1,408.0,Travel
professional-00113,professional,Chicken biryani,1,320.0,Food & Dining
professional-00113,professional,Cheesecake,1,260.0,Food & Dining
professional-00113,professional,Ramen,1,450.0,Food & Dining
professional-00114,professional,Avocado x2,1,260.0,Groceries
professional-00114,professional,Greek yogurt,1,120.0,Groceries
professional-00115,professional,Uber Go ride,1,440.0,Travel
professional-00116,professional,Croissant,1,250.0,Food & Dining
professional-00117,professional,Ramen,1,450.0,Food & Dining
professional-00117,professional,Caesar salad,1,380.0,Food & Dining
professional-00117,professional,Pad thai,1,420.0,Food & Dining
professional-00118,professional,Pad thai,1,420.0,Food & Dining
professional-00118,professional,Caesar salad,1,380.0,Food & Dining
professional-00119,professional,Almond milk 1L,1,299.0,Groceries
professional-00119,professional,Avocado x2,1,260.0,Groceries
professional-00119,professional,Olive oil 1L,1,899.0,Groceries
professional-00119,professional,Greek yogurt,1,120.0,Groceries
professional-00119,professional,Vegetables box,1,450.0,Groceries
professional-00120,professional,Uber Go ride,1,425.0,Travel
professional-00121,professional,Fries,2,360.0,Food & Dining
professional-00121,professional,Pasta,1,390.0,Food & Dining
professional-00121,professional,Burger,1,350.0,Food & Dining
professional-00122,professional,Uber Go ride,1,298.0,Travel
professional-00123,professional,Chicken biryani,1,320.0,Food & Dining
professional-00123,professional,Pad thai,2,840.0,Food & Dining
professional-00123,professional,Caesar salad,1,380.0,Food & Dining
professional-00124,professional,Uber Go ride,1,187.0,Travel
professional-00125,professional,Uber Go ride,1,257.0,Travel
professional-00126,professional,Cold brew,1,290.0,Food & Dining
professional-00126,professional,Caffe latte,2,640.0,Food & Dining
professional-00127,professional,Uber Go ride,1,487.0,Travel
professional-00128,professional,Nachos combo,1,380.0,Entertainment
professional-00129,professional,Pad thai,1,420.0,Food & Dining
professional-00129,professional,Caesar salad,1,380.0,Food & Dining
professional-00129,professional,Ramen,1,450.0,Food & Dining
professional-00130,professional,Pad thai,1,420.0,Food & Dining
professional-00130,professional,Caesar salad,1,380.0,Food & Dining
professional-00131,professional,Uber Go ride,1,180.0,Travel
professional-00132,professional,Uber Go ride,1,351.0,Travel
professional-00133,professional,Cheesecake,1,260.0,Food & Dining
professional-00133,professional,Chicken biryani,1,320.0,Food & Dining
professional-00134,professional,Chicken biryani,1,320.0,Food & Dining
professional-00134,professional,Pad thai,2,840.0,Food & Dining
professional-00135,professional,Uber Go ride,1,371.0,Travel
professional-00136,professional,Uber Go ride,1,337.0,Travel
professional-00137,professional,Fries,1,180.0,Food & Dining
professional-00137,professional,Milkshake,2,440.0,Food & Dining
professional-00137,professional,Pasta,2,780.0,Food & Dining
professional-00137,professional,Burger,1,350.0,Food & Dining
professional-00138,professional,Uber Go ride,1,274.0,Travel
professional-00139,professional,Blueberry muffin,1,210.0,Food & Dining
professional-00139,professional,Croissant,2,500.0,Food & Dining
professional-00140,professional,Caffe latte,1,320.0,Food & Dining
professional-00140,professional,Blueberry muffin,1,210.0,Food & Dining
professional-00141,professional,Cheesecake,2,520.0,Food & Dining
professional-00141,professional,Pad thai,1,420.0,Food & Dining
professional-00142,professional,Olive oil 1L,1,899.0,Groceries
professional-00142,professional,Eggs 12,1,108.0,Groceries
professional-00143,professional,Uber Go ride,1,1489,Travel
professional-00144,professional,Uber Go ride,1,402.0,Travel
professional-00145,professional,Gym membership,1,1695.0,Health
professional-00146,professional,Uber Go ride,1,205.0,Travel
professional-00147,professional,House rent,1,22000.0,Bills & Utilities
professional-00148,professional,Cold brew,1,290.0,Food & Dining
professional-00148,professional,Caffe latte,1,320.0,Food & Dining
professional-00149,professional,Uber Go ride,1,278.0,Travel
professional-00150,professional,Uber Go ride,1,499.0,Travel
professional-00151,professional,Uber Go ride,1,278.0,Travel
professional-00152,professional,Ramen,1,450.0,Food & Dining
professional-00153,professional,Uber Go ride,1,193.0,Travel
professional-00154,professional,Uber Go ride,1,235.0,Travel
professional-00155,professional,Ramen,1,450.0,Food & Dining
professional-00155,professional,Pad thai,1,420.0,Food & Dining
professional-00156,professional,Movie ticket,1,286.0,Entertainment
professional-00156,professional,Nachos combo,1,380.0,Entertainment
professional-00157,professional,Broadband 100 Mbps,1,847.0,Bills & Utilities
professional-00158,professional,Pad thai,1,420.0,Food & Dining
professional-00159,professional,Croissant,1,250.0,Food & Dining
professional-00159,professional,Caffe latte,2,640.0,Food & Dining
professional-00160,professional,Cheesecake,1,260.0,Food & Dining
professional-00161,professional,Uber Go ride,1,454.0,Travel
professional-00162,professional,Netflix Premium,1,550.0,Entertainment
professional-00163,professional,Ramen,1,450.0,Food & Dining
professional-00163,professional,Caesar salad,1,380.0,Food & Dining
professional-00163,professional,Cheesecake,1,260.0,Food & Dining
professional-00164,professional,Milkshake,1,220.0,Food & Dining
professional-00164,professional,Fries,1,180.0,Food & Dining
professional-00164,professional,Burger,2,700.0,Food & Dining
professional-00165,professional,Uber Go ride,1,221.0,Travel
professional-00166,professional,Uber Go ride,1,464.0,Travel
professional-00167,professional,Milkshake,1,220.0,Food & Dining
professional-00167,professional,Fries,1,180.0,Food & Dining
professional-00167,professional,Burger,2,700.0,Food & Dining
professional-00168,professional,Burger,1,350.0,Food & Dining
professional-00168,professional,Pasta,1,390.0,Food & Dining
professional-00169,professional,Burger,1,350.0,Food & Dining
professional-00169,professional,Fries,1,180.0,Food & Dining
professional-00170,professional,Uber Go ride,1,357.0,Travel
professional-00171,professional,Uber Go ride,1,283.0,Travel
professional-00172,professional,Nachos combo,1,380.0,Entertainment
professional-00173,professional,Nachos combo,1,380.0,Entertainment
professional-00173,professional,Movie ticket,1,259.0,Entertainment
professional-00174,professional,Electricity bill,1,1672.0,Bills & Utilities
professional-00175,professional,Uber Go ride,1,320.0,Travel
professional-00176,professional,Smartwatch,1,4999.0,Shopping
professional-00177,professional,Caffe latte,1,320.0,Food & Dining
professional-00177,professional,Blueberry muffin,2,420.0,Food & Dining
professional-00178,professional,Chicken biryani,1,320.0,Food & Dining
professional-00178,professional,Ramen,1,450.0,Food & Dining
professional-00178,professional,Cheesecake,1,260.0,Food & Dining
professional-00179,professional,Uber Go ride,1,264.0,Travel
professional-00180,professional,Avocado x2,1,260.0,Groceries
professional-00180,professional,Vegetables box,1,450.0,Groceries
professional-00180,professional,Eggs 12,1,108.0,Groceries
professional-00180,professional,Olive oil 1L,1,899.0,Groceries
professional-00181,professional,Uber Go ride,1,399.0,Travel
professional-00182,professional,Uber Go ride,1,399.0,Travel
professional-00183,professional,Chicken biryani,1,320.0,Food & Dining
professional-00183,professional,Cheesecake,1,260.0,Food & Dining
professional-00183,professional,Caesar salad,1,380.0,Food & Dining
professional-00184,professional,Uber Go ride,1,320.0,Travel
professional-00185,professional,Ramen,1,450.0,Food & Dining
professional-00186,professional,Chicken biryani,1,320.0,Food & Dining
professional-00186,professional,Pad thai,1,420.0,Food & Dining
professional-00187,professional,Uber Go ride,1,439.0,Travel
professional-00188,professional,Nachos combo,1,380.0,Entertainment
professional-00188,professional,Movie ticket,1,285.0,Entertainment
professional-00189,professional,Ramen,1,450.0,Food & Dining
professional-00189,professional,Caesar salad,2,760.0,Food & Dining
professional-00190,professional,Uber Go ride,1,398.0,Travel
professional-00191,professional,Uber Go ride,1,324.0,Travel
professional-00192,professional,Uber Go ride,1,186.0,Travel
professional-00193,professional,Uber Go ride,1,307.0,Travel
professional-00194,professional,Pad thai,1,420.0,Food & Dining
professional-00195,professional,Ramen,1,450.0,Food & Dining
professional-00195,professional,Cheesecake,1,260.0,Food & Dining
professional-00195,professional,Chicken biryani,2,640.0,Food & Dining
professional-00196,professional,Uber Go ride,1,180.0,Travel
professional-00197,professional,Chicken biryani,1,320.0,Food & Dining
professional-00197,professional,Ramen,1,450.0,Food & Dining
professional-00197,professional,Caesar salad,1,380.0,Food & Dining
professional-00198,professional,Uber Go ride,1,1581,Travel
professional-00199,professional,Fries,1,180.0,Food & Dining
professional-00199,professional,Milkshake,2,440.0,Food & Dining
professional-00199,professional,Burger,1,350.0,Food & Dining
professional-00199,professional,Pasta,2,780.0,Food & Dining
professional-00200,professional,Flight BLR-DEL,1,9591.0,Travel
professional-00201,professional,Avocado x2,1,260.0,Groceries
professional-00201,professional,Greek yogurt,1,120.0,Groceries
professional-00201,professional,Olive oil 1L,1,899.0,Groceries
professional-00201,professional,Almond milk 1L,1,299.0,Groceries
professional-00202,professional,Uber Go ride,1,277.0,Travel
professional-00203,professional,Uber Go ride,1,512.0,Travel
professional-00204,professional,Uber Go ride,1,515.0,Travel
professional-00205,professional,Gym membership,1,1695.0,Health
professional-00206,professional,House rent,1,22000.0,Bills & Utilities
professional-00207,professional,Haircut,1,900.0,Health
professional-00208,professional,Milkshake,1,220.0,Food & Dining
professional-00208,professional,Fries,1,180.0,Food & Dining
professional-00209,professional,Olive oil 1L,1,899.0,Groceries
professional-00209,professional,Greek yogurt,1,120.0,Groceries
professional-00209,professional,Avocado x2,1,260.0,Groceries
professional-00209,professional,Almond milk 1L,1,299.0,Groceries
professional-00209,professional,Eggs 12,1,108.0,Groceries
professional-00210,professional,Uber Go ride,1,447.0,Travel
professional-00211,professional,Dress,1,3990.0,Shopping
professional-00212,professional,Olive oil 1L,1,899.0,Groceries
professional-00212,professional,Greek yogurt,1,120.0,Groceries
professional-00212,professional,Avocado x2,1,260.0,Groceries
professional-00212,professional,Almond milk 1L,1,299.0,Groceries
professional-00212,professional,Eggs 12,1,108.0,Groceries
professional-00213,professional,Pad thai,2,840.0,Food & Dining
professional-00214,professional,Caffe latte,2,640.0,Food & Dining
professional-00214,professional,Croissant,1,250.0,Food & Dining
professional-00215,professional,Olive oil 1L,1,899.0,Groceries
professional-00215,professional,Vegetables box,1,450.0,Groceries
professional-00215,professional,Avocado x2,1,260.0,Groceries
professional-00215,professional,Greek yogurt,1,120.0,Groceries
professional-00215,professional,Eggs 12,1,108.0,Groceries
professional-00216,professional,Broadband 100 Mbps,1,847.0,Bills & Utilities
professional-00217,professional,Caesar salad,1,380.0,Food & Dining
professional-00217,professional,Ramen,1,450.0,Food & Dining
professional-00218,professional,Ramen,1,450.0,Food & Dining
professional-00218,professional,Chicken biryani,1,320.0,Food & Dining
professional-00219,professional,Eggs 12,1,108.0,Groceries
professional-00219,professional,Avocado x2,1,260.0,Groceries
professional-00219,professional,Greek yogurt,1,120.0,Groceries
professional-00219,professional,Almond milk 1L,1,299.0,Groceries
professional-00219,professional,Olive oil 1L,1,899.0,Groceries
professional-00220,professional,Uber Go ride,1,445.0,Travel
professional-00221,professional,Caffe latte,1,320.0,Food & Dining
professional-00221,professional,Blueberry muffin,1,210.0,Food & Dining
professional-00222,professional,Blueberry muffin,1,210.0,Food & Dining
professional-00223,professional,Olive oil 1L,1,899.0,Groceries
professional-00223,professional,Eggs 12,1,108.0,Groceries
professional-00224,professional,Pad thai,1,420.0,Food & Dining
professional-00224,professional,Caesar salad,1,380.0,Food & Dining
professional-00224,professional,Chicken biryani,1,320.0,Food & Dining
professional-00225,professional,Uber Go ride,1,425.0,Travel
professional-00226,professional,Uber Go ride,1,400.0,Travel
professional-00227,professional,Cheesecake,1,260.0,Food & Dining
professional-00228,professional,Avocado x2,1,260.0,Groceries
professional-00228,professional,Eggs 12,1,108.0,Groceries
professional-00228,professional,Greek yogurt,1,120.0,Groceries
professional-00228,professional,Olive oil 1L,1,899.0,Groceries
professional-00228,professional,Vegetables box,1,450.0,Groceries
professional-00229,professional,Uber Go ride,1,250.0,Travel
professional-00230,professional,Trousers,1,3290.0,Shopping
professional-00231,professional,Netflix Premium,1,550.0,Entertainment
professional-00232,professional,Avocado x2,1,260.0,Groceries
professional-00232,professional,Eggs 12,1,108.0,Groceries
professional-00232,professional,Vegetables box,1,450.0,Groceries
professional-00233,professional,Uber Go ride,1,413.0,Travel
professional-00234,professional,Chicken biryani,1,320.0,Food & Dining
professional-00235,professional,Cheesecake,1,260.0,Food & Dining
professional-00236,professional,Uber Go ride,1,436.0,Travel
professional-00237,professional,Uber Go ride,1,334.0,Travel
professional-00238,professional,Electricity bill,1,1660.0,Bills & Utilities
professional-00239,professional,MacBook Air,1,99900.0,Shopping
professional-00240,professional,Blueberry muffin,1,210.0,Food & Dining
professional-00240,professional,Croissant,1,250.0,Food & Dining
professional-00241,professional,Caesar salad,1,380.0,Food & Dining
professional-00241,professional,Chicken biryani,1,320.0,Food & Dining
professional-00241,professional,Pad thai,1,420.0,Food & Dining
professional-00242,professional,Ramen,1,450.0,Food & Dining
professional-00242,professional,Chicken biryani,2,640.0,Food & Dining
professional-00242,professional,Cheesecake,1,260.0,Food & Dining
professional-00243,professional,MacBook Air,1,99900.0,Shopping
professional-00244,professional,Pad thai,1,420.0,Food & Dining
professional-00244,professional,Caesar salad,1,380.0,Food & Dining
professional-00244,professional,Cheesecake,1,260.0,Food & Dining
professional-00245,professional,Chicken biryani,1,320.0,Food & Dining
professional-00245,professional,Cheesecake,1,260.0,Food & Dining
professional-00245,professional,Ramen,1,450.0,Food & Dining
professional-00246,professional,Handbag,1,145000.0,Shopping
professional-00247,professional,Cheesecake,1,260.0,Food & Dining
professional-00247,professional,Pad thai,1,420.0,Food & Dining
professional-00247,professional,Ramen,1,450.0,Food & Dining
professional-00248,professional,Chicken biryani,1,320.0,Food & Dining
professional-00248,professional,Pad thai,2,840.0,Food & Dining
professional-00249,professional,Caesar salad,1,380.0,Food & Dining
professional-00249,professional,Pad thai,1,420.0,Food & Dining
professional-00249,professional,Chicken biryani,1,320.0,Food & Dining
professional-00250,professional,Olive oil 1L,1,899.0,Groceries
professional-00250,professional,Avocado x2,1,260.0,Groceries
professional-00251,professional,Flight BLR-DEL,1,7581.0,Travel
professional-00252,professional,Uber Go ride,1,369.0,Travel
professional-00253,professional,Greek yogurt,1,120.0,Groceries
professional-00253,professional,Avocado x2,1,260.0,Groceries
professional-00254,professional,Uber Go ride,1,399.0,Travel
professional-00255,professional,Uber Go ride,1,259.0,Travel
professional-00256,professional,Cold brew,1,290.0,Food & Dining
professional-00256,professional,Caffe latte,1,320.0,Food & Dining
professional-00257,professional,Uber Go ride,1,331.0,Travel
professional-00258,professional,Uber Go ride,1,457.0,Travel
professional-00259,professional,Uber Go ride,1,360.0,Travel
professional-00260,professional,Movie ticket,1,257.0,Entertainment
professional-00260,professional,Nachos combo,1,380.0,Entertainment
professional-00261,professional,Chicken biryani,1,320.0,Food & Dining
professional-00262,professional,Chicken biryani,1,320.0,Food & Dining
professional-00262,professional,Ramen,2,900.0,Food & Dining
professional-00263,professional,Cheesecake,1,260.0,Food & Dining
professional-00263,professional,Caesar salad,1,380.0,Food & Dining
professional-00264,professional,Cold brew,1,290.0,Food & Dining
professional-00264,professional,Caffe latte,2,640.0,Food & Dining
professional-00265,professional,Blueberry muffin,1,210.0,Food & Dining
professional-00265,professional,Cold brew,1,290.0,Food & Dining
professional-00266,professional,Vitamin D3,1,310.0,Health
professional-00266,professional,Cough syrup,1,120.0,Health
professional-00267,professional,Croissant,1,250.0,Food & Dining
professional-00267,professional,Blueberry muffin,1,210.0,Food & Dining
professional-00268,professional,Burger,2,700.0,Food & Dining
professional-00268,professional,Pasta,1,390.0,Food & Dining
professional-00269,professional,Haircut,1,900.0,Health
professional-00270,professional,Burger,2,700.0,Food & Dining
professional-00270,professional,Pasta,1,390.0,Food & Dining
professional-00271,professional,Uber Go ride,1,313.0,Travel
professional-00272,professional,Uber Go ride,1,1584,Travel
professional-00273,professional,Pasta,1,390.0,Food & Dining
professional-00273,professional,Milkshake,1,220.0,Food & Dining
professional-00273,professional,Burger,1,350.0,Food & Dining
professional-00273,professional,Fries,1,180.0,Food & Dining
professional-00274,professional,Uber Go ride,1,307.0,Travel
professional-00275,professional,Uber Go ride,1,440.0,Travel
professional-00276,professional,Gym membership,1,1695.0,Health
professional-00277,professional,Pad thai,1,420.0,Food & Dining
professional-00277,professional,Cheesecake,1,260.0,Food & Dining
professional-00277,professional,Ramen,1,450.0,Food & Dining
professional-00278,professional,Caesar salad,1,380.0,Food & Dining
professional-00279,professional,House rent,1,22000.0,Bills & Utilities
professional-00280,professional,Croissant,1,250.0,Food & Dining
professional-00280,professional,Cold brew,1,290.0,Food & Dining
professional-00281,professional,Chicken biryani,1,320.0,Food & Dining
professional-00282,professional,Olive oil 1L,1,899.0,Groceries
professional-00282,professional,Avocado x2,1,260.0,Groceries
professional-00282,professional,Eggs 12,1,108.0,Groceries
professional-00282,professional,Vegetables box,1,450.0,Groceries
professional-00283,professional,Uber Go ride,1,430.0,Travel
professional-00284,professional,Uber Go ride,1,309.0,Travel
professional-00285,professional,Uber Go ride,1,496.0,Travel
professional-00286,professional,Blueberry muffin,1,210.0,Food & Dining
professional-00287,professional,Caffe latte,1,320.0,Food & Dining
professional-00288,professional,Milkshake,1,220.0,Food & Dining
professional-00288,professional,Fries,2,360.0,Food & Dining
professional-00289,professional,Uber Go ride,1,252.0,Travel
professional-00290,professional,T-shirt,1,1290.0,Shopping
professional-00291,professional,Broadband 100 Mbps,1,847.0,Bills & Utilities
professional-00292,professional,Caesar salad,1,380.0,Food & Dining
professional-00293,professional,Caesar salad,2,760.0,Food & Dining
professional-00293,professional,Ramen,1,450.0,Food & Dining
professional-00294,professional,Pad thai,1,420.0,Food & Dining
professional-00294,professional,Caesar salad,1,380.0,Food & Dining
professional-00294,professional,Ramen,1,450.0,Food & Dining
professional-00295,professional,Fries,1,180.0,Food & Dining
professional-00295,professional,Milkshake,1,220.0,Food & Dining
professional-00296,professional,Vegetables box,1,450.0,Groceries
professional-00296,professional,Olive oil 1L,1,899.0,Groceries
professional-00296,professional,Almond milk 1L,1,299.0,Groceries
professional-00296,professional,Eggs 12,1,108.0,Groceries
professional-00297,professional,Uber Go ride,1,233.0,Travel
professional-00298,professional,Uber Go ride,1,1699,Travel
professional-00299,professional,Uber Go ride,1,458.0,Travel
professional-00300,professional,Movie ticket,1,259.0,Entertainment
professional-00301,professional,Netflix Premium,1,550.0,Entertainment
professional-00302,professional,MacBook Air,1,99900.0,Shopping
professional-00303,professional,Chicken biryani,1,320.0,Food & Dining
professional-00303,professional,Cheesecake,1,260.0,Food & Dining
professional-00303,professional,Pad thai,1,420.0,Food & Dining
professional-00304,professional,Uber Go ride,1,372.0,Travel
professional-00305,professional,Uber Go ride,1,286.0,Travel
professional-00306,professional,Blueberry muffin,1,210.0,Food & Dining
professional-00306,professional,Caffe latte,2,640.0,Food & Dining
professional-00307,professional,Uber Go ride,1,337.0,Travel
professional-00308,professional,Nachos combo,1,380.0,Entertainment
professional-00309,professional,Croissant,2,500.0,Food & Dining
professional-00310,professional,Uber Go ride,1,212.0,Travel
professional-00311,professional,Electricity bill,1,2171.0,Bills & Utilities
professional-00312,professional,Pasta,1,390.0,Food & Dining
professional-00312,professional,Burger,1,350.0,Food & Dining
professional-00313,professional,Greek yogurt,1,120.0,Groceries
professional-00313,professional,Olive oil 1L,1,899.0,Groceries
professional-00313,professional,Vegetables box,1,450.0,Groceries
professional-00313,professional,Almond milk 1L,1,299.0,Groceries
professional-00313,professional,Avocado x2,1,260.0,Groceries
professional-00314,professional,Cheesecake,1,260.0,Food & Dining
professional-00315,professional,Uber Go ride,1,479.0,Travel
professional-00316,professional,Bluetooth earbuds,1,2999.0,Shopping
professional-00317,professional,Pad thai,1,420.0,Food & Dining
professional-00317,professional,Ramen,1,450.0,Food & Dining
professional-00318,professional,Uber Go ride,1,267.0,Travel
professional-00319,professional,Uber Go ride,1,422.0,Travel
professional-00320,professional,Movie ticket,1,312.0,Entertainment
professional-00320,professional,Nachos combo,1,380.0,Entertainment
professional-00321,professional,Ramen,1,450.0,Food & Dining
professional-00322,professional,Eggs 12,1,108.0,Groceries
professional-00322,professional,Greek yogurt,1,120.0,Groceries
professional-00322,professional,Olive oil 1L,1,899.0,Groceries
professional-00322,professional,Almond milk 1L,1,299.0,Groceries
professional-00323,professional,Ramen,1,450.0,Food & Dining
professional-00323,professional,Caesar salad,1,380.0,Food & Dining
professional-00323,professional,Chicken biryani,1,320.0,Food & Dining
professional-00324,professional,Cheesecake,1,260.0,Food & Dining
professional-00324,professional,Chicken biryani,1,320.0,Food & Dining
professional-00324,professional,Pad thai,2,840.0,Food & Dining
professional-00325,professional,Greek yogurt,1,120.0,Groceries
professional-00325,professional,Eggs 12,1,108.0,Groceries
professional-00326,professional,Avocado x2,1,260.0,Groceries
professional-00326,professional,Eggs 12,1,108.0,Groceries
professional-00327,professional,Caffe latte,1,320.0,Food & Dining
professional-00328,professional,Ramen,1,450.0,Food & Dining
professional-00328,professional,Pad thai,2,840.0,Food & Dining
professional-00328,professional,Caesar salad,2,760.0,Food & Dining
professional-00329,professional,Uber Go ride,1,380.0,Travel
professional-00330,professional,Croissant,1,250.0,Food & Dining
professional-00331,professional,Pasta,2,780.0,Food & Dining
professional-00331,professional,Fries,1,180.0,Food & Dining
professional-00331,professional,Milkshake,1,220.0,Food & Dining
professional-00331,professional,Burger,1,350.0,Food & Dining
professional-00332,professional,Avocado x2,1,260.0,Groceries
professional-00332,professional,Almond milk 1L,1,299.0,Groceries
professional-00333,professional,Avocado x2,1,260.0,Groceries
professional-00333,professional,Almond milk 1L,1,299.0,Groceries
professional-00334,professional,Movie ticket,1,396.0,Entertainment
professional-00335,professional,Trousers,1,3290.0,Shopping
professional-00335,professional,T-shirt,1,1290.0,Shopping
professional-00336,professional,Caffe latte,1,320.0,Food & Dining
professional-00336,professional,Croissant,1,250.0,Food & Dining
professional-00337,professional,Cold brew,1,290.0,Food & Dining
professional-00338,professional,Caesar salad,1,380.0,Food & Dining
professional-00338,professional,Pad thai,1,420.0,Food & Dining
professional-00338,professional,Cheesecake,1,260.0,Food & Dining
professional-00339,professional,Pad thai,2,840.0,Food & Dining
professional-00340,professional,Uber Go ride,1,407.0,Travel
professional-00341,professional,Uber Go ride,1,183.0,Travel
professional-00342,professional,Uber Go ride,1,429.0,Travel
professional-00343,professional,Gym membership,1,1695.0,Health
professional-00344,professional,Uber Go ride,1,513.0,Travel
professional-00345,professional,House rent,1,22000.0,Bills & Utilities
professional-00346,professional,Blueberry muffin,1,210.0,Food & Dining
professional-00346,professional,Caffe latte,1,320.0,Food & Dining
professional-00347,professional,Blueberry muffin,2,420.0,Food & Dining
professional-00347,professional,Croissant,1,250.0,Food & Dining
professional-00348,professional,Cough syrup,1,120.0,Health
professional-00348,professional,Vitamin D3,1,310.0,Health
professional-00349,professional,Blueberry muffin,2,420.0,Food & Dining
professional-00349,professional,Croissant,1,250.0,Food & Dining
professional-00350,professional,Pad thai,2,840.0,Food & Dining
professional-00350,professional,Ramen,1,450.0,Food & Dining
professional-00350,professional,Caesar salad,1,380.0,Food & Dining
professional-00351,professional,Haircut,1,900.0,Health
professional-00352,professional,Croissant,1,250.0,Food & Dining
professional-00353,professional,Croissant,1,250.0,Food & Dining
professional-00354,professional,Uber Go ride,1,231.0,Travel
professional-00355,professional,Uber Go ride,1,250.0,Travel
professional-00356,professional,Greek yogurt,1,120.0,Groceries
professional-00356,professional,Avocado x2,1,260.0,Groceries
professional-00357,professional,Uber Go ride,1,249.0,Travel
professional-00358,professional,Nachos combo,1,380.0,Entertainment
professional-00358,professional,Movie ticket,1,399.0,Entertainment
professional-00359,professional,Nachos combo,1,380.0,Entertainment
professional-00360,professional,Croissant,1,250.0,Food & Dining
professional-00361,professional,Eggs 12,1,108.0,Groceries
professional-00361,professional,Olive oil 1L,1,899.0,Groceries
professional-00361,professional,Almond milk 1L,1,299.0,Groceries
professional-00361,professional,Greek yogurt,1,120.0,Groceries
professional-00361,professional,Vegetables box,1,450.0,Groceries
professional-00362,professional,Uber Go ride,1,496.0,Travel
professional-00363,professional,Broadband 100 Mbps,1,847.0,Bills & Utilities
professional-00364,professional,Movie ticket,1,265.0,Entertainment
professional-00364,professional,Nachos combo,1,380.0,Entertainment
professional-00365,professional,Eggs 12,1,108.0,Groceries
professional-00365,professional,Avocado x2,1,260.0,Groceries
professional-00365,professional,Greek yogurt,1,120.0,Groceries
professional-00366,professional,Smartwatch,1,4999.0,Shopping
professional-00367,professional,Cold brew,1,290.0,Food & Dining
professional-00368,professional,Netflix Premium,1,550.0,Entertainment
professional-00369,professional,Pad thai,1,420.0,Food & Dining
professional-00369,professional,Cheesecake,1,260.0,Food & Dining
professional-00370,professional,Chicken biryani,1,320.0,Food & Dining
professional-00371,professional,Olive oil 1L,1,899.0,Groceries
professional-00371,professional,Eggs 12,1,108.0,Groceries
professional-00371,professional,Vegetables box,1,450.0,Groceries
professional-00371,professional,Almond milk 1L,1,299.0,Groceries
professional-00371,professional,Avocado x2,1,260.0,Groceries
professional-00372,professional,Uber Go ride,1,429.0,Travel
professional-00373,professional,Caesar salad,2,760.0,Food & Dining
professional-00374,professional,Almond milk 1L,1,299.0,Groceries
professional-00374,professional,Eggs 12,1,108.0,Groceries
professional-00374,professional,Vegetables box,1,450.0,Groceries
professional-00375,professional,Uber Go ride,1,205.0,Travel
professional-00376,professional,Blueberry muffin,2,420.0,Food & Dining
professional-00376,professional,Caffe latte,2,640.0,Food & Dining
professional-00377,professional,Electricity bill,1,1475.0,Bills & Utilities
professional-00378,professional,Cold brew,2,580.0,Food & Dining
professional-00379,professional,Chicken biryani,2,640.0,Food & Dining
professional-00379,professional,Cheesecake,1,260.0,Food & Dining
professional-00379,professional,Ramen,1,450.0,Food & Dining
professional-00380,professional,Fries,1,180.0,Food & Dining
professional-00380,professional,Pasta,1,390.0,Food & Dining
professional-00380,professional,Burger,1,350.0,Food & Dining
professional-00380,professional,Milkshake,1,220.0,Food & Dining
professional-00381,professional,Uber Go ride,1,486.0,Travel
professional-00382,professional,Nachos combo,1,380.0,Entertainment
professional-00382,professional,Movie ticket,1,392.0,Entertainment
professional-00383,professional,Croissant,1,250.0,Food & Dining
professional-00384,professional,Caffe latte,1,320.0,Food & Dining
professional-00384,professional,Cold brew,1,290.0,Food & Dining
professional-00385,professional,Chicken biryani,1,320.0,Food & Dining
professional-00385,professional,Pad thai,2,840.0,Food & Dining
professional-00385,professional,Cheesecake,1,260.0,Food & Dining
professional-00386,professional,Uber Go ride,1,281.0,Travel
professional-00387,professional,Pasta,2,780.0,Food & Dining
professional-00387,professional,Fries,1,180.0,Food & Dining
professional-00387,professional,Burger,1,350.0,Food & Dining
professional-00387,professional,Milkshake,1,220.0,Food & Dining
professional-00388,professional,Uber Go ride,1,377.0,Travel
professional-00389,professional,Uber Go ride,1,477.0,Travel
professional-00390,professional,Uber Go ride,1,422.0,Travel
professional-00391,professional,Uber Go ride,1,206.0,Travel
professional-00392,professional,Cold brew,1,290.0,Food & Dining
professional-00392,professional,Croissant,1,250.0,Food & Dining
professional-00393,professional,Cheesecake,1,260.0,Food & Dining
professional-00394,professional,Cheesecake,1,260.0,Food & Dining
professional-00394,professional,Ramen,1,450.0,Food & Dining
professional-00394,professional,Caesar salad,1,380.0,Food & Dining
professional-00395,professional,Uber Go ride,1,357.0,Travel
professional-00396,professional,Uber Go ride,1,370.0,Travel
professional-00397,professional,Nachos combo,1,380.0,Entertainment
professional-00398,professional,Uber Go ride,1,469.0,Travel
professional-00399,professional,Uber Go ride,1,302.0,Travel
professional-00400,professional,Dress,1,3990.0,Shopping
professional-00401,professional,Milkshake,1,220.0,Food & Dining
professional-00401,professional,Fries,1,180.0,Food & Dining
professional-00401,professional,Pasta,1,390.0,Food & Dining
professional-00402,professional,T-shirt,1,1290.0,Shopping
professional-00403,professional,Cheesecake,2,520.0,Food & Dining
professional-00403,professional,Chicken biryani,1,320.0,Food & Dining
professional-00404,professional,Cold brew,1,290.0,Food & Dining
professional-00404,professional,Croissant,1,250.0,Food & Dining
professional-00405,professional,Chicken biryani,1,320.0,Food & Dining
professional-00406,professional,Uber Go ride,1,192.0,Travel
professional-00407,professional,Gym membership,1,1695.0,Health
professional-00408,professional,House rent,1,22000.0,Bills & Utilities
professional-00409,professional,Uber Go ride,1,278.0,Travel
professional-00410,professional,Uber Go ride,1,409.0,Travel
professional-00411,professional,Ramen,2,900.0,Food & Dining
professional-00412,professional,Ramen,1,450.0,Food & Dining
professional-00413,professional,Uber Go ride,1,415.0,Travel
professional-00414,professional,Pasta,1,390.0,Food & Dining
professional-00414,professional,Burger,1,350.0,Food & Dining
professional-00415,professional,Avocado x2,1,260.0,Groceries
professional-00415,professional,Greek yogurt,1,120.0,Groceries
professional-00416,professional,Uber Go ride,1,446.0,Travel
professional-00417,professional,Pasta,1,390.0,Food & Dining
professional-00417,professional,Burger,1,350.0,Food & Dining
professional-00418,professional,Caffe latte,1,320.0,Food & Dining
professional-00418,professional,Blueberry muffin,1,210.0,Food & Dining
professional-00419,professional,Chicken biryani,1,320.0,Food & Dining
professional-00419,professional,Cheesecake,1,260.0,Food & Dining
professional-00420,professional,Almond milk 1L,1,299.0,Groceries
professional-00420,professional,Olive oil 1L,1,899.0,Groceries
professional-00420,professional,Avocado x2,1,260.0,Groceries
professional-00420,professional,Greek yogurt,1,120.0,Groceries
professional-00420,professional,Vegetables box,1,450.0,Groceries
professional-00421,professional,Uber Go ride,1,491.0,Travel
professional-00422,professional,Uber Go ride,1,477.0,Travel
professional-00423,professional,Uber Go ride,1,310.0,Travel
professional-00424,professional,Bluetooth earbuds,1,2999.0,Shopping
professional-00425,professional,Broadband 100 Mbps,1,847.0,Bills & Utilities
professional-00426,professional,Cheesecake,1,260.0,Food & Dining
professional-00426,professional,Caesar salad,1,380.0,Food & Dining
professional-00427,professional,Avocado x2,1,260.0,Groceries
professional-00427,professional,Almond milk 1L,1,299.0,Groceries
professional-00428,professional,Cold brew,2,580.0,Food & Dining
professional-00428,professional,Blueberry muffin,1,210.0,Food & Dining
professional-00429,professional,Uber Go ride,1,478.0,Travel
professional-00430,professional,Pad thai,1,420.0,Food & Dining
professional-00430,professional,Chicken biryani,1,320.0,Food & Dining
professional-00430,professional,Cheesecake,1,260.0,Food & Dining
professional-00431,professional,Fries,1,180.0,Food & Dining
professional-00431,professional,Pasta,1,390.0,Food & Dining
professional-00432,professional,Eggs 12,1,108.0,Groceries
professional-00432,professional,Almond milk 1L,1,299.0,Groceries
professional-00432,professional,Avocado x2,1,260.0,Groceries
professional-00432,professional,Olive oil 1L,1,899.0,Groceries
professional-00432,professional,Greek yogurt,1,120.0,Groceries
professional-00433,professional,Chicken biryani,1,320.0,Food & Dining
professional-00433,professional,Caesar salad,1,380.0,Food & Dining
professional-00434,professional,Uber Go ride,1,246.0,Travel
professional-00435,professional,Linen shirt,1,2990.0,Shopping
professional-00435,professional,Trousers,1,3290.0,Shopping
professional-00436,professional,Netflix Premium,1,550.0,Entertainment
professional-00437,professional,Croissant,1,250.0,Food & Dining
professional-00437,professional,Blueberry muffin,1,210.0,Food & Dining
professional-00438,professional,Caffe latte,2,640.0,Food & Dining
professional-00438,professional,Blueberry muffin,1,210.0,Food & Dining
professional-00439,professional,Ramen,1,450.0,Food & Dining
professional-00439,professional,Chicken biryani,1,320.0,Food & Dining
professional-00440,professional,Vegetables box,1,450.0,Groceries
professional-00440,professional,Greek yogurt,1,120.0,Groceries
professional-00440,professional,Avocado x2,1,260.0,Groceries
professional-00440,professional,Almond milk 1L,1,299.0,Groceries
professional-00440,professional,Eggs 12,1,108.0,Groceries
professional-00441,professional,Uber Go ride,1,507.0,Travel
professional-00442,professional,Uber Go ride,1,337.0,Travel
professional-00443,professional,Croissant,1,250.0,Food & Dining
professional-00444,professional,Uber Go ride,1,483.0,Travel
professional-00445,professional,Trousers,1,3290.0,Shopping
professional-00445,professional,Linen shirt,1,2990.0,Shopping
professional-00446,professional,Caesar salad,1,380.0,Food & Dining
professional-00446,professional,Pad thai,1,420.0,Food & Dining
professional-00446,professional,Chicken biryani,1,320.0,Food & Dining
professional-00447,professional,Pad thai,1,420.0,Food & Dining
professional-00447,professional,Cheesecake,2,520.0,Food & Dining
professional-00448,professional,Dress,1,3990.0,Shopping
professional-00448,professional,Linen shirt,1,2990.0,Shopping
professional-00449,professional,Electricity bill,1,1231.0,Bills & Utilities
professional-00450,professional,Chicken biryani,1,320.0,Food & Dining
professional-00450,professional,Pad thai,1,420.0,Food & Dining
professional-00450,professional,Caesar salad,1,380.0,Food & Dining
professional-00451,professional,Uber Go ride,1,450.0,Travel
professional-00452,professional,Cold brew,1,290.0,Food & Dining
professional-00452,professional,Caffe latte,1,320.0,Food & Dining
professional-00453,professional,Blueberry muffin,1,210.0,Food & Dining
professional-00454,professional,Pad thai,1,420.0,Food & Dining
professional-00454,professional,Cheesecake,1,260.0,Food & Dining
professional-00455,professional,Blueberry muffin,1,210.0,Food & Dining
professional-00456,professional,Uber Go ride,1,216.0,Travel
professional-00457,professional,Fries,1,180.0,Food & Dining
professional-00457,professional,Burger,1,350.0,Food & Dining
professional-00457,professional,Pasta,1,390.0,Food & Dining
professional-00457,professional,Milkshake,2,440.0,Food & Dining
professional-00458,professional,Caffe latte,1,320.0,Food & Dining
professional-00458,professional,Blueberry muffin,2,420.0,Food & Dining
professional-00459,professional,Blueberry muffin,1,210.0,Food & Dining
professional-00459,professional,Croissant,1,250.0,Food & Dining
professional-00460,professional,Uber Go ride,1,433.0,Travel
professional-00461,professional,Uber Go ride,1,245.0,Travel
professional-00462,professional,Uber Go ride,1,188.0,Travel
professional-00463,professional,Dress,1,3990.0,Shopping
professional-00464,professional,Chicken biryani,2,640.0,Food & Dining
professional-00464,professional,Pad thai,1,420.0,Food & Dining
professional-00464,professional,Ramen,1,450.0,Food & Dining
professional-00465,professional,Eggs 12,1,108.0,Groceries
professional-00465,professional,Almond milk 1L,1,299.0,Groceries
professional-00465,professional,Olive oil 1L,1,899.0,Groceries
professional-00465,professional,Vegetables box,1,450.0,Groceries
professional-00465,professional,Greek yogurt,1,120.0,Groceries
professional-00466,professional,Almond milk 1L,1,299.0,Groceries
professional-00466,professional,Olive oil 1L,1,899.0,Groceries
professional-00466,professional,Greek yogurt,1,120.0,Groceries
professional-00466,professional,Eggs 12,1,108.0,Groceries
professional-00467,professional,Linen shirt,1,2990.0,Shopping
professional-00468,professional,Pad thai,1,420.0,Food & Dining
professional-00469,professional,Chicken biryani,1,320.0,Food & Dining
professional-00470,professional,Uber Go ride,1,334.0,Travel
professional-00471,professional,Blueberry muffin,1,210.0,Food & Dining
professional-00472,professional,Pad thai,1,420.0,Food & Dining
professional-00472,professional,Caesar salad,1,380.0,Food & Dining
professional-00472,professional,Chicken biryani,1,320.0,Food & Dining
professional-00473,professional,Cheesecake,1,260.0,Food & Dining
professional-00474,professional,Uber Go ride,1,241.0,Travel
professional-00475,professional,Uber Go ride,1,426.0,Travel
professional-00476,professional,Flight BLR-DEL,1,9174.0,Travel
professional-00477,professional,Nachos combo,1,380.0,Entertainment
professional-00478,professional,Uber Go ride,1,221.0,Travel
professional-00479,professional,Caffe latte,1,320.0,Food & Dining
professional-00480,professional,Uber Go ride,1,221.0,Travel
professional-00481,professional,Uber Go ride,1,503.0,Travel
professional-00482,professional,Gym membership,1,1695.0,Health
professional-00483,professional,Chicken biryani,1,320.0,Food & Dining
professional-00483,professional,Caesar salad,1,380.0,Food & Dining
professional-00483,professional,Cheesecake,1,260.0,Food & Dining
professional-00484,professional,Avocado x2,1,260.0,Groceries
professional-00484,professional,Olive oil 1L,1,899.0,Groceries
professional-00484,professional,Vegetables box,1,450.0,Groceries
professional-00485,professional,House rent,1,22000.0,Bills & Utilities
professional-00486,professional,Cheesecake,1,260.0,Food & Dining
professional-00486,professional,Chicken biryani,2,640.0,Food & Dining
professional-00486,professional,Ramen,2,900.0,Food & Dining
professional-00487,professional,Uber Go ride,1,503.0,Travel
professional-00488,professional,Uber Go ride,1,468.0,Travel
professional-00489,professional,Ramen,2,900.0,Food & Dining
professional-00490,professional,Ramen,1,450.0,Food & Dining
professional-00490,professional,Caesar salad,1,380.0,Food & Dining
professional-00491,professional,Linen shirt,1,2990.0,Shopping
professional-00492,professional,Ramen,1,450.0,Food & Dining
professional-00492,professional,Caesar salad,1,380.0,Food & Dining
professional-00492,professional,Cheesecake,1,260.0,Food & Dining
professional-00493,professional,Uber Go ride,1,371.0,Travel
professional-00494,professional,Uber Go ride,1,498.0,Travel
professional-00495,professional,Uber Go ride,1,388.0,Travel
professional-00496,professional,Croissant,2,500.0,Food & Dining
professional-00497,professional,Broadband 100 Mbps,1,847.0,Bills & Utilities
professional-00498,professional,Chicken biryani,1,320.0,Food & Dining
professional-00498,professional,Ramen,1,450.0,Food & Dining
professional-00498,professional,Caesar salad,1,380.0,Food & Dining
professional-00499,professional,Uber Go ride,1,339.0,Travel
professional-00500,professional,Uber Go ride,1,196.0,Travel
professional-00501,professional,Uber Go ride,1,247.0,Travel
professional-00502,professional,Vitamin D3,1,310.0,Health
professional-00502,professional,Paracetamol strip,1,35.0,Health
professional-00503,professional,Cold brew,2,580.0,Food & Dining
professional-00503,professional,Blueberry muffin,1,210.0,Food & Dining
professional-00504,professional,Cheesecake,1,260.0,Food & Dining
professional-00504,professional,Caesar salad,1,380.0,Food & Dining
professional-00504,professional,Ramen,1,450.0,Food & Dining
professional-00505,professional,Uber Go ride,1,361.0,Travel
professional-00506,professional,Phone charger,1,1299.0,Shopping
professional-00507,professional,Netflix Premium,1,550.0,Entertainment
professional-00508,professional,Ramen,1,450.0,Food & Dining
professional-00508,professional,Chicken biryani,1,320.0,Food & Dining
professional-00508,professional,Pad thai,1,420.0,Food & Dining
professional-00509,professional,Uber Go ride,1,224.0,Travel
professional-00510,professional,Hair spa,1,1800.0,Health
professional-00511,professional,Caesar salad,1,380.0,Food & Dining
professional-00511,professional,Pad thai,2,840.0,Food & Dining
professional-00511,professional,Ramen,1,450.0,Food & Dining
professional-00512,professional,Caesar salad,1,380.0,Food & Dining
professional-00513,professional,Vegetables box,1,450.0,Groceries
professional-00513,professional,Greek yogurt,1,120.0,Groceries
professional-00513,professional,Avocado x2,1,260.0,Groceries
professional-00514,professional,Uber Go ride,1,493.0,Travel
professional-00515,professional,Uber Go ride,1,424.0,Travel
professional-00516,professional,Electricity bill,1,1849.0,Bills & Utilities
professional-00517,professional,Vegetables box,1,450.0,Groceries
professional-00517,professional,Greek yogurt,1,120.0,Groceries
professional-00517,professional,Avocado x2,1,260.0,Groceries
professional-00518,professional,Croissant,2,500.0,Food & Dining
professional-00519,professional,Vitamin D3,1,310.0,Health
professional-00520,professional,Caffe latte,1,1337,Food & Dining
professional-00521,professional,Ramen,2,900.0,Food & Dining
professional-00521,professional,Chicken biryani,1,320.0,Food & Dining
professional-00522,professional,Nachos combo,1,380.0,Entertainment
professional-00522,professional,Movie ticket,1,423.0,Entertainment
professional-00523,professional,Fries,1,180.0,Food & Dining
professional-00523,professional,Pasta,1,390.0,Food & Dining
professional-00524,professional,Uber Go ride,1,308.0,Travel
professional-00525,professional,Cold brew,1,290.0,Food & Dining
professional-00526,professional,Blueberry muffin,1,210.0,Food & Dining
professional-00527,professional,Cold brew,1,290.0,Food & Dining
professional-00528,professional,Caesar salad,1,380.0,Food & Dining
professional-00528,professional,Ramen,1,450.0,Food & Dining
professional-00529,professional,Uber Go ride,1,262.0,Travel
professional-00530,professional,Cold brew,1,290.0,Food & Dining
professional-00530,professional,Caffe latte,1,320.0,Food & Dining
professional-00531,professional,Pad thai,1,420.0,Food & Dining
professional-00532,professional,Uber Go ride,1,220.0,Travel
professional-00533,professional,Uber Go ride,1,456.0,Travel
professional-00534,professional,Croissant,2,500.0,Food & Dining
professional-00534,professional,Blueberry muffin,1,210.0,Food & Dining
professional-00535,professional,Olive oil 1L,1,899.0,Groceries
professional-00535,professional,Avocado x2,1,260.0,Groceries
professional-00535,professional,Greek yogurt,1,120.0,Groceries
professional-00535,professional,Vegetables box,1,450.0,Groceries
professional-00535,professional,Eggs 12,1,108.0,Groceries
professional-00536,professional,Caffe latte,1,320.0,Food & Dining
professional-00536,professional,Blueberry muffin,1,210.0,Food & Dining
professional-00537,professional,Uber Go ride,1,338.0,Travel
professional-00538,professional,Uber Go ride,1,211.0,Travel
professional-00539,professional,Ramen,2,900.0,Food & Dining
professional-00539,professional,Cheesecake,1,260.0,Food & Dining
professional-00540,professional,Uber Go ride,1,261.0,Travel
professional-00541,professional,Chicken biryani,1,320.0,Food & Dining
professional-00541,professional,Caesar salad,1,380.0,Food & Dining
professional-00541,professional,Cheesecake,1,260.0,Food & Dining
professional-00542,professional,Almond milk 1L,1,299.0,Groceries
professional-00542,professional,Olive oil 1L,1,899.0,Groceries
professional-00542,professional,Vegetables box,1,450.0,Groceries
professional-00542,professional,Eggs 12,1,108.0,Groceries
professional-00543,professional,Cheesecake,1,260.0,Food & Dining
professional-00543,professional,Ramen,2,900.0,Food & Dining
professional-00544,professional,Gym membership,1,1695.0,Health
professional-00545,professional,Uber Go ride,1,224.0,Travel
professional-00546,professional,Uber Go ride,1,501.0,Travel
professional-00547,professional,House rent,1,22000.0,Bills & Utilities
professional-00548,professional,Blueberry muffin,1,210.0,Food & Dining
professional-00548,professional,Croissant,1,250.0,Food & Dining
professional-00549,professional,Uber Go ride,1,508.0,Travel
professional-00550,professional,Uber Go ride,1,209.0,Travel
professional-00551,professional,Movie ticket,1,384.0,Entertainment
professional-00551,professional,Nachos combo,1,380.0,Entertainment
professional-00552,professional,Broadband 100 Mbps,1,847.0,Bills & Utilities
professional-00553,professional,Cold brew,1,290.0,Food & Dining
professional-00554,professional,Chicken biryani,1,320.0,Food & Dining
professional-00554,professional,Ramen,1,450.0,Food & Dining
professional-00555,professional,Milkshake,1,220.0,Food & Dining
professional-00555,professional,Fries,1,180.0,Food & Dining
professional-00556,professional,Cold brew,1,290.0,Food & Dining
professional-00556,professional,Croissant,1,250.0,Food & Dining
professional-00557,professional,Ramen,1,450.0,Food & Dining
professional-00557,professional,Chicken biryani,2,640.0,Food & Dining
professional-00558,professional,Avocado x2,1,260.0,Groceries
professional-00558,professional,Olive oil 1L,1,899.0,Groceries
professional-00558,professional,Vegetables box,1,450.0,Groceries
professional-00558,professional,Almond milk 1L,1,299.0,Groceries
professional-00559,professional,Pad thai,1,420.0,Food & Dining
professional-00559,professional,Ramen,1,450.0,Food & Dining
professional-00559,professional,Caesar salad,1,380.0,Food & Dining
professional-00560,professional,Pad thai,1,420.0,Food & Dining
professional-00560,professional,Ramen,1,450.0,Food & Dining
professional-00561,professional,Cold brew,2,580.0,Food & Dining
professional-00561,professional,Caffe latte,1,320.0,Food & Dining
professional-00562,professional,Blueberry muffin,1,210.0,Food & Dining
professional-00563,professional,Uber Go ride,1,353.0,Travel
professional-00564,professional,Uber Go ride,1,402.0,Travel
professional-00565,professional,Netflix Premium,1,550.0,Entertainment
professional-00566,professional,Ramen,1,450.0,Food & Dining
professional-00566,professional,Cheesecake,1,260.0,Food & Dining
professional-00566,professional,Pad thai,1,420.0,Food & Dining
professional-00567,professional,Fries,1,180.0,Food & Dining
professional-00567,professional,Burger,1,350.0,Food & Dining
professional-00568,professional,Uber Go ride,1,323.0,Travel
professional-00569,professional,Uber Go ride,1,360.0,Travel
professional-00570,professional,Croissant,1,250.0,Food & Dining
professional-00571,professional,Uber Go ride,1,199.0,Travel
professional-00572,professional,Electricity bill,1,2060.0,Bills & Utilities
professional-00573,professional,Uber Go ride,1,385.0,Travel
professional-00574,professional,Cold brew,1,290.0,Food & Dining
professional-00575,professional,Uber Go ride,1,389.0,Travel
professional-00576,professional,Uber Go ride,1,306.0,Travel
professional-00577,professional,Uber Go ride,1,395.0,Travel
professional-00578,professional,Cheesecake,2,520.0,Food & Dining
professional-00578,professional,Chicken biryani,1,320.0,Food & Dining
professional-00578,professional,Ramen,1,450.0,Food & Dining
professional-00579,professional,Greek yogurt,1,120.0,Groceries
professional-00579,professional,Almond milk 1L,1,299.0,Groceries
professional-00579,professional,Avocado x2,1,260.0,Groceries
professional-00580,professional,Uber Go ride,1,181.0,Travel
professional-00581,professional,Croissant,1,250.0,Food & Dining
professional-00581,professional,Caffe latte,1,320.0,Food & Dining
professional-00582,professional,Chicken biryani,1,320.0,Food & Dining
professional-00582,professional,Cheesecake,1,260.0,Food & Dining
professional-00583,professional,Uber Go ride,1,287.0,Travel
professional-00584,professional,Caffe latte,1,320.0,Food & Dining
professional-00584,professional,Blueberry muffin,2,420.0,Food & Dining
professional-00585,professional,Caffe latte,1,320.0,Food & Dining
professional-00585,professional,Cold brew,1,290.0,Food & Dining
professional-00586,professional,Ramen,1,450.0,Food & Dining
professional-00586,professional,Chicken biryani,1,320.0,Food & Dining
professional-00586,professional,Pad thai,1,420.0,Food & Dining
professional-00587,professional,Chicken biryani,1,320.0,Food & Dining
professional-00587,professional,Caesar salad,1,380.0,Food & Dining
professional-00588,professional,Bluetooth earbuds,1,2999.0,Shopping
professional-00589,professional,Greek yogurt,1,120.0,Groceries
professional-00589,professional,Olive oil 1L,1,899.0,Groceries
professional-00589,professional,Avocado x2,1,260.0,Groceries
professional-00589,professional,Eggs 12,1,108.0,Groceries
professional-00590,professional,Uber Go ride,1,349.0,Travel
professional-00591,professional,Croissant,1,250.0,Food & Dining
professional-00592,professional,Uber Go ride,1,267.0,Travel
professional-00593,professional,Uber Go ride,1,329.0,Travel
professional-00594,professional,Trousers,1,3290.0,Shopping
professional-00594,professional,Dress,1,3990.0,Shopping
professional-00595,professional,Caffe latte,2,640.0,Food & Dining
professional-00595,professional,Croissant,2,500.0,Food & Dining
professional-00596,professional,Ramen,1,450.0,Food & Dining
professional-00597,professional,Uber Go ride,1,189.0,Travel
professional-00598,professional,Uber Go ride,1,443.0,Travel
professional-00599,professional,Linen shirt,1,2990.0,Shopping
professional-00600,professional,Cold brew,1,290.0,Food & Dining
professional-00601,professional,Cold brew,1,290.0,Food & Dining
professional-00602,professional,Cold brew,1,290.0,Food & Dining
professional-00602,professional,Caffe latte,2,640.0,Food & Dining
professional-00603,professional,Burger,1,350.0,Food & Dining
professional-00603,professional,Pasta,2,780.0,Food & Dining
professional-00603,professional,Milkshake,2,440.0,Food & Dining
professional-00603,professional,Fries,1,180.0,Food & Dining
professional-00604,professional,Uber Go ride,1,380.0,Travel
professional-00605,professional,Uber Go ride,1,183.0,Travel
professional-00606,professional,Uber Go ride,1,413.0,Travel
professional-00607,professional,Room night,1,4547.0,Travel
professional-00608,professional,Uber Go ride,1,414.0,Travel
professional-00609,professional,Gym membership,1,1695.0,Health
professional-00610,professional,Cold brew,2,580.0,Food & Dining
professional-00610,professional,Blueberry muffin,1,210.0,Food & Dining
professional-00611,professional,House rent,1,22000.0,Bills & Utilities
professional-00612,professional,Caesar salad,1,380.0,Food & Dining
professional-00612,professional,Pad thai,2,840.0,Food & Dining
professional-00613,professional,Avocado x2,1,260.0,Groceries
professional-00613,professional,Greek yogurt,1,120.0,Groceries
professional-00613,professional,Olive oil 1L,1,899.0,Groceries
professional-00614,professional,Movie ticket,1,344.0,Entertainment
professional-00615,professional,Ramen,1,450.0,Food & Dining
professional-00615,professional,Pad thai,1,420.0,Food & Dining
professional-00615,professional,Chicken biryani,2,640.0,Food & Dining
professional-00616,professional,Broadband 100 Mbps,1,847.0,Bills & Utilities
professional-00617,professional,Almond milk 1L,1,299.0,Groceries
professional-00617,professional,Olive oil 1L,1,899.0,Groceries
professional-00618,professional,Uber Go ride,1,261.0,Travel
professional-00619,professional,Pad thai,2,840.0,Food & Dining
professional-00619,professional,Chicken biryani,1,320.0,Food & Dining
professional-00620,professional,Pad thai,1,420.0,Food & Dining
professional-00621,professional,Uber Go ride,1,506.0,Travel
professional-00622,professional,Greek yogurt,1,120.0,Groceries
professional-00622,professional,Avocado x2,1,260.0,Groceries
professional-00622,professional,Vegetables box,1,450.0,Groceries
professional-00622,professional,Almond milk 1L,1,299.0,Groceries
professional-00623,professional,Netflix Premium,1,550.0,Entertainment
professional-00624,professional,Caesar salad,1,380.0,Food & Dining
professional-00624,professional,Ramen,2,900.0,Food & Dining
professional-00624,professional,Pad thai,1,420.0,Food & Dining
professional-00625,professional,Ramen,1,450.0,Food & Dining
professional-00625,professional,Chicken biryani,1,320.0,Food & Dining
professional-00626,professional,Pasta,1,390.0,Food & Dining
professional-00626,professional,Milkshake,2,440.0,Food & Dining
professional-00627,professional,Uber Go ride,1,336.0,Travel
professional-00628,professional,Uber Go ride,1,472.0,Travel
professional-00629,professional,Haircut,1,900.0,Health
professional-00630,professional,Uber Go ride,1,276.0,Travel
professional-00631,professional,Electricity bill,1,2105.0,Bills & Utilities
professional-00632,professional,MacBook Air,1,99900.0,Shopping
professional-00633,professional,Ramen,1,450.0,Food & Dining
professional-00633,professional,Caesar salad,2,760.0,Food & Dining
professional-00633,professional,Cheesecake,1,260.0,Food & Dining
professional-00634,professional,Uber Go ride,1,478.0,Travel
professional-00635,professional,Uber Go ride,1,368.0,Travel
professional-00636,professional,Caffe latte,1,320.0,Food & Dining
professional-00637,professional,Pad thai,1,420.0,Food & Dining
professional-00637,professional,Ramen,1,450.0,Food & Dining
professional-00638,professional,Uber Go ride,1,295.0,Travel
professional-00639,professional,Blueberry muffin,1,210.0,Food & Dining
professional-00640,professional,Cheesecake,1,260.0,Food & Dining
professional-00641,professional,Uber Go ride,1,408.0,Travel
professional-00642,professional,Uber Go ride,1,518.0,Travel
professional-00643,professional,Uber Go ride,1,329.0,Travel
professional-00644,professional,Uber Go ride,1,293.0,Travel
professional-00645,professional,Cold brew,2,580.0,Food & Dining
professional-00645,professional,Caffe latte,1,320.0,Food & Dining
professional-00646,professional,Caesar salad,2,760.0,Food & Dining
professional-00646,professional,Pad thai,1,420.0,Food & Dining
professional-00647,professional,Chicken biryani,1,320.0,Food & Dining
professional-00647,professional,Ramen,1,450.0,Food & Dining
professional-00647,professional,Pad thai,1,420.0,Food & Dining
professional-00648,professional,Avocado x2,1,260.0,Groceries
professional-00648,professional,Olive oil 1L,1,899.0,Groceries
professional-00648,professional,Almond milk 1L,1,299.0,Groceries
professional-00649,professional,Vegetables box,1,450.0,Groceries
professional-00649,professional,Greek yogurt,1,120.0,Groceries
professional-00649,professional,Eggs 12,1,108.0,Groceries
professional-00649,professional,Avocado x2,1,260.0,Groceries
professional-00650,professional,Chicken biryani,2,640.0,Food & Dining
professional-00650,professional,Pad thai,1,420.0,Food & Dining
professional-00650,professional,Cheesecake,2,520.0,Food & Dining
professional-00651,professional,Caesar salad,1,380.0,Food & Dining
professional-00652,professional,Almond milk 1L,1,299.0,Groceries
professional-00652,professional,Eggs 12,1,108.0,Groceries
professional-00652,professional,Avocado x2,1,260.0,Groceries
professional-00653,professional,Uber Go ride,1,393.0,Travel
professional-00654,professional,Caffe latte,1,320.0,Food & Dining
professional-00654,professional,Croissant,2,500.0,Food & Dining
professional-00655,professional,Cheesecake,2,520.0,Food & Dining
professional-00656,professional,Pad thai,1,420.0,Food & Dining
professional-00656,professional,Cheesecake,1,260.0,Food & Dining
professional-00657,professional,Caffe latte,1,320.0,Food & Dining
professional-00657,professional,Croissant,2,500.0,Food & Dining
professional-00658,professional,Movie ticket,1,378.0,Entertainment
professional-00658,professional,Nachos combo,1,380.0,Entertainment
professional-00659,professional,Caesar salad,1,380.0,Food & Dining
professional-00659,professional,Cheesecake,1,260.0,Food & Dining
professional-00659,professional,Pad thai,2,840.0,Food & Dining
professional-00660,professional,Uber Go ride,1,504.0,Travel
professional-00661,professional,Movie ticket,1,323.0,Entertainment
professional-00661,professional,Nachos combo,1,380.0,Entertainment
professional-00662,professional,Gym membership,1,1695.0,Health
professional-00663,professional,Uber Go ride,1,419.0,Travel
professional-00664,professional,House rent,1,22000.0,Bills & Utilities
professional-00665,professional,Blueberry muffin,2,420.0,Food & Dining
professional-00666,professional,Ramen,1,450.0,Food & Dining
professional-00666,professional,Caesar salad,1,380.0,Food & Dining
professional-00667,professional,Chicken biryani,1,320.0,Food & Dining
professional-00668,professional,Milkshake,1,220.0,Food & Dining
professional-00668,professional,Fries,1,180.0,Food & Dining
professional-00669,professional,Blueberry muffin,2,420.0,Food & Dining
professional-00669,professional,Caffe latte,1,320.0,Food & Dining
professional-00670,professional,Cold brew,1,290.0,Food & Dining
professional-00671,professional,Blueberry muffin,1,1006,Food & Dining
professional-00671,professional,Cold brew,1,1322,Food & Dining
professional-00672,professional,Cold brew,1,290.0,Food & Dining
professional-00672,professional,Caffe latte,1,320.0,Food & Dining
professional-00673,professional,Chicken biryani,1,320.0,Food & Dining
professional-00673,professional,Ramen,1,450.0,Food & Dining
professional-00673,professional,Caesar salad,1,380.0,Food & Dining
professional-00674,professional,Uber Go ride,1,275.0,Travel
professional-00675,professional,Bluetooth earbuds,1,2999.0,Shopping
professional-00676,professional,Uber Go ride,1,296.0,Travel
professional-00677,professional,Broadband 100 Mbps,1,847.0,Bills & Utilities
professional-00678,professional,Croissant,1,250.0,Food & Dining
professional-00679,professional,Avocado x2,1,260.0,Groceries
professional-00679,professional,Vegetables box,1,450.0,Groceries
professional-00679,professional,Almond milk 1L,1,299.0,Groceries
professional-00680,professional,Croissant,2,500.0,Food & Dining
professional-00681,professional,Fries,2,360.0,Food & Dining
professional-00681,professional,Burger,1,350.0,Food & Dining
professional-00681,professional,Pasta,1,390.0,Food & Dining
professional-00681,professional,Milkshake,2,440.0,Food & Dining
professional-00682,professional,Greek yogurt,1,120.0,Groceries
professional-00682,professional,Eggs 12,1,108.0,Groceries
professional-00682,professional,Avocado x2,1,260.0,Groceries
professional-00682,professional,Olive oil 1L,1,899.0,Groceries
professional-00683,professional,Uber Go ride,1,217.0,Travel
professional-00684,professional,Caffe latte,1,320.0,Food & Dining
professional-00685,professional,Croissant,2,500.0,Food & Dining
professional-00685,professional,Cold brew,1,290.0,Food & Dining
professional-00686,professional,Uber Go ride,1,261.0,Travel
professional-00687,professional,Blueberry muffin,1,210.0,Food & Dining
professional-00688,professional,Netflix Premium,1,550.0,Entertainment
professional-00689,professional,Blueberry muffin,2,420.0,Food & Dining
professional-00690,professional,Uber Go ride,1,447.0,Travel
professional-00691,professional,Uber Go ride,1,499.0,Travel
professional-00692,professional,Almond milk 1L,1,299.0,Groceries
professional-00692,professional,Avocado x2,1,260.0,Groceries
professional-00692,professional,Vegetables box,1,450.0,Groceries
professional-00692,professional,Greek yogurt,1,120.0,Groceries
professional-00693,professional,Uber Go ride,1,327.0,Travel
professional-00694,professional,Vitamin D3,1,310.0,Health
professional-00695,professional,Electricity bill,1,1510.0,Bills & Utilities
professional-00696,professional,Uber Go ride,1,425.0,Travel
professional-00697,professional,Phone charger,1,1299.0,Shopping
professional-00698,professional,Blueberry muffin,2,420.0,Food & Dining
professional-00699,professional,Pad thai,1,420.0,Food & Dining
professional-00699,professional,Chicken biryani,1,320.0,Food & Dining
professional-00699,professional,Caesar salad,1,380.0,Food & Dining
professional-00700,professional,T-shirt,1,1290.0,Shopping
professional-00701,professional,Uber Go ride,1,432.0,Travel
professional-00702,professional,Uber Go ride,1,439.0,Travel
professional-00703,professional,Uber Go ride,1,479.0,Travel
professional-00704,professional,Milkshake,1,220.0,Food & Dining
professional-00704,professional,Pasta,1,390.0,Food & Dining
professional-00704,professional,Fries,2,360.0,Food & Dining
professional-00705,professional,Uber Go ride,1,439.0,Travel
professional-00706,professional,Movie ticket,1,344.0,Entertainment
professional-00706,professional,Nachos combo,1,380.0,Entertainment
professional-00707,professional,Croissant,1,250.0,Food & Dining
professional-00707,professional,Caffe latte,1,320.0,Food & Dining
professional-00708,professional,Cheesecake,1,260.0,Food & Dining
professional-00708,professional,Chicken biryani,2,640.0,Food & Dining
professional-00709,professional,Uber Go ride,1,483.0,Travel
professional-00710,professional,Vitamin D3,1,310.0,Health
professional-00710,professional,Cough syrup,1,120.0,Health
professional-00711,professional,Fries,1,180.0,Food & Dining
professional-00711,professional,Pasta,2,780.0,Food & Dining
professional-00711,professional,Burger,2,700.0,Food & Dining
professional-00711,professional,Milkshake,1,220.0,Food & Dining
professional-00712,professional,Phone charger,1,1299.0,Shopping
professional-00713,professional,Uber Go ride,1,365.0,Travel
professional-00714,professional,Uber Go ride,1,270.0,Travel
professional-00715,professional,Bluetooth earbuds,1,2999.0,Shopping
professional-00716,professional,Phone charger,1,1299.0,Shopping
professional-00717,professional,Vitamin D3,1,310.0,Health
professional-00717,professional,Cough syrup,1,120.0,Health
professional-00718,professional,Gym membership,1,1695.0,Health
professional-00719,professional,Pasta,1,390.0,Food & Dining
professional-00719,professional,Fries,2,360.0,Food & Dining
professional-00720,professional,Uber Go ride,1,470.0,Travel
professional-00721,professional,House rent,1,22000.0,Bills & Utilities
professional-00722,professional,Uber Go ride,1,389.0,Travel
professional-00723,professional,Uber Go ride,1,238.0,Travel
professional-00724,professional,T-shirt,1,1290.0,Shopping
professional-00725,professional,Croissant,1,250.0,Food & Dining
professional-00726,professional,Ramen,1,450.0,Food & Dining
professional-00726,professional,Pad thai,1,420.0,Food & Dining
professional-00727,professional,Caesar salad,1,380.0,Food & Dining
professional-00728,professional,Fries,1,180.0,Food & Dining
professional-00728,professional,Burger,1,350.0,Food & Dining
professional-00728,professional,Milkshake,2,440.0,Food & Dining
professional-00729,professional,Uber Go ride,1,371.0,Travel
professional-00730,professional,Broadband 100 Mbps,1,847.0,Bills & Utilities
professional-00731,professional,Milkshake,2,440.0,Food & Dining
professional-00731,professional,Fries,1,180.0,Food & Dining
professional-00732,professional,Uber Go ride,1,463.0,Travel
professional-00733,professional,Uber Go ride,1,416.0,Travel
professional-00734,professional,Avocado x2,1,1859,Groceries
professional-00734,professional,Greek yogurt,1,921,Groceries
professional-00734,professional,Olive oil 1L,1,4511,Groceries
professional-00734,professional,Vegetables box,1,2296,Groceries
professional-00735,professional,Croissant,2,500.0,Food & Dining
professional-00735,professional,Blueberry muffin,1,210.0,Food & Dining
professional-00736,professional,Caffe latte,1,320.0,Food & Dining
professional-00737,professional,Cheesecake,1,260.0,Food & Dining
professional-00737,professional,Ramen,1,450.0,Food & Dining
professional-00738,professional,Uber Go ride,1,275.0,Travel
professional-00739,professional,Netflix Premium,1,550.0,Entertainment
professional-00740,professional,Croissant,1,250.0,Food & Dining
professional-00741,professional,Pad thai,1,420.0,Food & Dining
professional-00742,professional,Uber Go ride,1,431.0,Travel
professional-00743,professional,Uber Go ride,1,314.0,Travel
professional-00744,professional,Uber Go ride,1,1559,Travel
professional-00745,professional,Electricity bill,1,2058.0,Bills & Utilities
professional-00746,professional,Caesar salad,1,380.0,Food & Dining
professional-00747,professional,Flight BLR-Dubai,1,42000.0,Travel
professional-00748,professional,Caffe latte,1,320.0,Food & Dining
professional-00749,professional,Cold brew,1,290.0,Food & Dining
professional-00749,professional,Croissant,1,250.0,Food & Dining
professional-00750,professional,Chicken biryani,1,320.0,Food & Dining
professional-00750,professional,Pad thai,1,420.0,Food & Dining
professional-00751,professional,Cheesecake,1,260.0,Food & Dining
professional-00751,professional,Ramen,2,900.0,Food & Dining
professional-00752,professional,Ramen,1,450.0,Food & Dining
professional-00752,professional,Cheesecake,1,260.0,Food & Dining
professional-00752,professional,Pad thai,1,420.0,Food & Dining
professional-00753,professional,Uber Go ride,1,265.0,Travel
professional-00754,professional,Movie ticket,1,331.0,Entertainment
professional-00755,professional,Uber Go ride,1,265.0,Travel
professional-00756,professional,Cheesecake,1,260.0,Food & Dining
professional-00756,professional,Ramen,1,450.0,Food & Dining
professional-00757,professional,Uber Go ride,1,223.0,Travel
professional-00758,professional,Uber Go ride,1,1174,Travel
professional-00759,professional,Cheesecake,1,260.0,Food & Dining
professional-00759,professional,Caesar salad,1,380.0,Food & Dining
professional-00760,professional,Uber Go ride,1,336.0,Travel
professional-00761,professional,Cold brew,1,290.0,Food & Dining
professional-00761,professional,Blueberry muffin,1,210.0,Food & Dining
professional-00762,professional,Blueberry muffin,1,210.0,Food & Dining
professional-00763,professional,Movie ticket,1,412.0,Entertainment
professional-00763,professional,Nachos combo,1,380.0,Entertainment
professional-00764,professional,Cheesecake,1,260.0,Food & Dining
professional-00765,professional,Cheesecake,1,260.0,Food & Dining
professional-00765,professional,Ramen,1,450.0,Food & Dining
professional-00766,professional,Ramen,1,450.0,Food & Dining
professional-00766,professional,Cheesecake,2,520.0,Food & Dining
professional-00766,professional,Caesar salad,1,380.0,Food & Dining
professional-00767,professional,Greek yogurt,1,120.0,Groceries
professional-00767,professional,Vegetables box,1,450.0,Groceries
professional-00767,professional,Olive oil 1L,1,899.0,Groceries
professional-00767,professional,Avocado x2,1,260.0,Groceries
professional-00768,professional,Uber Go ride,1,259.0,Travel
professional-00769,professional,Uber Go ride,1,255.0,Travel
professional-00770,professional,Ramen,1,450.0,Food & Dining
professional-00770,professional,Cheesecake,2,520.0,Food & Dining
professional-00770,professional,Caesar salad,1,380.0,Food & Dining
professional-00771,professional,Caesar salad,1,380.0,Food & Dining
professional-00772,professional,Milkshake,1,220.0,Food & Dining
professional-00772,professional,Burger,1,350.0,Food & Dining
professional-00773,professional,Uber Go ride,1,440.0,Travel
professional-00774,professional,Cheesecake,2,520.0,Food & Dining
professional-00774,professional,Chicken biryani,1,320.0,Food & Dining
professional-00774,professional,Ramen,1,450.0,Food & Dining
professional-00775,professional,Almond milk 1L,1,299.0,Groceries
professional-00775,professional,Vegetables box,1,450.0,Groceries
professional-00775,professional,Eggs 12,1,108.0,Groceries
professional-00776,professional,Hair spa,1,1800.0,Health
professional-00777,professional,Movie ticket,1,374.0,Entertainment
professional-00778,professional,Blueberry muffin,1,210.0,Food & Dining
professional-00779,professional,Chicken biryani,1,320.0,Food & Dining
professional-00779,professional,Pad thai,1,420.0,Food & Dining
professional-00779,professional,Cheesecake,1,260.0,Food & Dining
professional-00780,professional,Vegetables box,1,450.0,Groceries
professional-00780,professional,Greek yogurt,1,120.0,Groceries
professional-00780,professional,Almond milk 1L,1,299.0,Groceries
professional-00780,professional,Olive oil 1L,1,899.0,Groceries
professional-00781,professional,Gym membership,1,1695.0,Health
professional-00782,professional,Ramen,1,3586,Food & Dining
professional-00782,professional,Cheesecake,1,1882,Food & Dining
professional-00782,professional,Pad thai,1,3293,Food & Dining
professional-00783,professional,T-shirt,1,1290.0,Shopping
professional-00783,professional,Trousers,1,3290.0,Shopping
professional-00784,professional,House rent,1,22000.0,Bills & Utilities
professional-00785,professional,Blueberry muffin,1,210.0,Food & Dining
professional-00785,professional,Caffe latte,2,640.0,Food & Dining
professional-00786,professional,Caesar salad,1,380.0,Food & Dining
professional-00787,professional,Uber Go ride,1,492.0,Travel
professional-00788,professional,Pad thai,1,420.0,Food & Dining
professional-00788,professional,Chicken biryani,2,640.0,Food & Dining
professional-00788,professional,Caesar salad,2,760.0,Food & Dining
professional-00789,professional,Vegetables box,1,450.0,Groceries
professional-00789,professional,Avocado x2,1,260.0,Groceries
professional-00789,professional,Almond milk 1L,1,299.0,Groceries
professional-00790,professional,Uber Go ride,1,456.0,Travel
professional-00791,professional,Dress,1,3990.0,Shopping
professional-00792,professional,Hair spa,1,1800.0,Health
professional-00793,professional,Croissant,2,500.0,Food & Dining
professional-00794,professional,Pad thai,1,420.0,Food & Dining
professional-00795,professional,Eggs 12,1,108.0,Groceries
professional-00795,professional,Greek yogurt,1,120.0,Groceries
professional-00796,professional,Cold brew,1,290.0,Food & Dining
professional-00796,professional,Caffe latte,1,320.0,Food & Dining
professional-00797,professional,Pad thai,1,420.0,Food & Dining
professional-00797,professional,Cheesecake,1,260.0,Food & Dining
professional-00797,professional,Ramen,1,450.0,Food & Dining
professional-00798,professional,Uber Go ride,1,420.0,Travel
professional-00799,professional,Uber Go ride,1,232.0,Travel
professional-00800,professional,Chicken biryani,1,320.0,Food & Dining
professional-00801,professional,Broadband 100 Mbps,1,847.0,Bills & Utilities
professional-00802,professional,Ramen,1,450.0,Food & Dining
professional-00803,professional,Trousers,1,3290.0,Shopping
professional-00804,professional,Cheesecake,1,260.0,Food & Dining
professional-00804,professional,Pad thai,2,840.0,Food & Dining
professional-00804,professional,Chicken biryani,1,320.0,Food & Dining
professional-00805,professional,Uber Go ride,1,293.0,Travel
professional-00806,professional,Ramen,1,450.0,Food & Dining
professional-00807,professional,Ramen,2,900.0,Food & Dining
professional-00807,professional,Cheesecake,1,260.0,Food & Dining
professional-00807,professional,Pad thai,1,420.0,Food & Dining
professional-00808,professional,Greek yogurt,1,120.0,Groceries
professional-00808,professional,Avocado x2,1,260.0,Groceries
professional-00809,professional,Uber Go ride,1,350.0,Travel
professional-00810,professional,Pad thai,1,420.0,Food & Dining
professional-00811,professional,Pasta,2,780.0,Food & Dining
professional-00811,professional,Burger,1,350.0,Food & Dining
professional-00811,professional,Milkshake,1,220.0,Food & Dining
professional-00812,professional,Uber Go ride,1,443.0,Travel
professional-00813,professional,Movie ticket,1,374.0,Entertainment
professional-00814,professional,Netflix Premium,1,550.0,Entertainment
professional-00815,professional,Caffe latte,1,320.0,Food & Dining
professional-00816,professional,Cheesecake,1,260.0,Food & Dining
professional-00816,professional,Ramen,1,450.0,Food & Dining
professional-00817,professional,Eggs 12,1,108.0,Groceries
professional-00817,professional,Vegetables box,1,450.0,Groceries
professional-00817,professional,Greek yogurt,1,120.0,Groceries
professional-00817,professional,Almond milk 1L,1,299.0,Groceries
professional-00818,professional,Uber Go ride,1,479.0,Travel
professional-00819,professional,Uber Go ride,1,409.0,Travel
professional-00820,professional,Uber Go ride,1,417.0,Travel
professional-00821,professional,Cold brew,1,290.0,Food & Dining
professional-00821,professional,Caffe latte,1,320.0,Food & Dining
professional-00822,professional,Croissant,1,250.0,Food & Dining
professional-00822,professional,Cold brew,1,290.0,Food & Dining
professional-00823,professional,Cold brew,2,580.0,Food & Dining
professional-00823,professional,Caffe latte,1,320.0,Food & Dining
professional-00824,professional,Chicken biryani,1,320.0,Food & Dining
professional-00825,professional,Greek yogurt,1,120.0,Groceries
professional-00825,professional,Olive oil 1L,1,899.0,Groceries
professional-00826,professional,Uber Go ride,1,460.0,Travel
professional-00827,professional,Electricity bill,1,2016.0,Bills & Utilities
professional-00828,professional,Handbag,1,145000.0,Shopping
professional-00829,professional,Uber Go ride,1,205.0,Travel
professional-00830,professional,Cheesecake,1,1141,Food & Dining
professional-00830,professional,Ramen,1,3193,Food & Dining
professional-00830,professional,Pad thai,1,2020,Food & Dining
professional-00831,professional,Cheesecake,1,260.0,Food & Dining
professional-00831,professional,Chicken biryani,1,320.0,Food & Dining
professional-00832,professional,Uber Go ride,1,352.0,Travel
professional-00833,professional,Uber Go ride,1,398.0,Travel
professional-00834,professional,Uber Go ride,1,340.0,Travel
professional-00835,professional,Caffe latte,1,320.0,Food & Dining
professional-00836,professional,Cold brew,1,290.0,Food & Dining
professional-00837,professional,Caesar salad,1,380.0,Food & Dining
professional-00837,professional,Cheesecake,1,260.0,Food & Dining
professional-00838,professional,Ramen,1,450.0,Food & Dining
professional-00838,professional,Caesar salad,1,380.0,Food & Dining
professional-00839,professional,Avocado x2,1,260.0,Groceries
professional-00839,professional,Olive oil 1L,1,899.0,Groceries
professional-00839,professional,Vegetables box,1,450.0,Groceries
professional-00839,professional,Greek yogurt,1,120.0,Groceries
professional-00839,professional,Almond milk 1L,1,299.0,Groceries
professional-00840,professional,Uber Go ride,1,419.0,Travel
professional-00841,professional,Uber Go ride,1,364.0,Travel
professional-00842,professional,Uber Go ride,1,370.0,Travel
professional-00843,professional,Croissant,1,250.0,Food & Dining
professional-00844,professional,Caesar salad,1,380.0,Food & Dining
professional-00844,professional,Ramen,1,450.0,Food & Dining
professional-00844,professional,Pad thai,1,420.0,Food & Dining
professional-00845,professional,Uber Go ride,1,436.0,Travel
professional-00846,professional,Uber Go ride,1,424.0,Travel
professional-00847,professional,Uber Go ride,1,446.0,Travel
professional-00848,professional,Pasta,1,390.0,Food & Dining
professional-00848,professional,Milkshake,2,440.0,Food & Dining
professional-00849,professional,Uber Go ride,1,368.0,Travel
professional-00850,professional,Uber Go ride,1,312.0,Travel
professional-00851,professional,Uber Go ride,1,228.0,Travel
professional-00852,professional,T-shirt,1,1290.0,Shopping
professional-00853,professional,Pad thai,1,420.0,Food & Dining
professional-00853,professional,Cheesecake,1,260.0,Food & Dining
professional-00853,professional,Ramen,1,450.0,Food & Dining
professional-00854,professional,Uber Go ride,1,314.0,Travel
professional-00855,professional,Uber Go ride,1,453.0,Travel
professional-00856,professional,Uber Go ride,1,401.0,Travel
professional-00857,professional,Ramen,2,900.0,Food & Dining
professional-00857,professional,Cheesecake,1,260.0,Food & Dining
professional-00858,professional,Uber Go ride,1,442.0,Travel
professional-00859,professional,Uber Go ride,1,422.0,Travel
professional-00860,professional,Caffe latte,1,320.0,Food & Dining
professional-00860,professional,Croissant,2,500.0,Food & Dining
professional-00861,professional,Chicken biryani,1,320.0,Food & Dining
professional-00861,professional,Caesar salad,2,760.0,Food & Dining
professional-00861,professional,Pad thai,1,420.0,Food & Dining
professional-00862,professional,Ramen,1,450.0,Food & Dining
professional-00863,professional,Gym membership,1,1695.0,Health
professional-00864,professional,Blueberry muffin,2,420.0,Food & Dining
professional-00864,professional,Croissant,1,250.0,Food & Dining
professional-00865,professional,House rent,1,22000.0,Bills & Utilities
professional-00866,professional,Pad thai,1,420.0,Food & Dining
professional-00866,professional,Cheesecake,1,260.0,Food & Dining
professional-00866,professional,Ramen,2,900.0,Food & Dining
professional-00867,professional,Cold brew,1,290.0,Food & Dining
professional-00867,professional,Blueberry muffin,1,210.0,Food & Dining
professional-00868,professional,Broadband 100 Mbps,1,847.0,Bills & Utilities
professional-00869,professional,Croissant,1,250.0,Food & Dining
professional-00870,professional,Blueberry muffin,1,210.0,Food & Dining
professional-00871,professional,Olive oil 1L,1,899.0,Groceries
professional-00871,professional,Eggs 12,1,108.0,Groceries
professional-00872,professional,Uber Go ride,1,427.0,Travel
professional-00873,professional,Croissant,2,500.0,Food & Dining
professional-00873,professional,Cold brew,1,290.0,Food & Dining
professional-00874,professional,Greek yogurt,1,120.0,Groceries
professional-00874,professional,Avocado x2,1,260.0,Groceries
professional-00875,professional,Uber Go ride,1,197.0,Travel
professional-00876,professional,Blueberry muffin,1,210.0,Food & Dining
professional-00876,professional,Cold brew,1,290.0,Food & Dining
professional-00877,professional,Cheesecake,1,260.0,Food & Dining
professional-00877,professional,Pad thai,1,420.0,Food & Dining
professional-00878,professional,Ramen,2,900.0,Food & Dining
professional-00878,professional,Cheesecake,1,260.0,Food & Dining
professional-00879,professional,Uber Go ride,1,363.0,Travel
professional-00880,professional,Movie ticket,1,303.0,Entertainment
professional-00881,professional,Room night,1,5611.0,Travel
professional-00882,professional,Netflix Premium,1,550.0,Entertainment
professional-00883,professional,Caffe latte,1,320.0,Food & Dining
professional-00883,professional,Cold brew,1,290.0,Food & Dining
professional-00884,professional,Pad thai,1,420.0,Food & Dining
professional-00884,professional,Ramen,1,450.0,Food & Dining
professional-00884,professional,Cheesecake,1,260.0,Food & Dining
professional-00885,professional,Chicken biryani,1,320.0,Food & Dining
professional-00885,professional,Pad thai,2,840.0,Food & Dining
professional-00886,professional,Uber Go ride,1,434.0,Travel
professional-00887,professional,Movie ticket,1,357.0,Entertainment
professional-00887,professional,Nachos combo,1,380.0,Entertainment
professional-00888,professional,Uber Go ride,1,234.0,Travel
professional-00889,professional,Uber Go ride,1,292.0,Travel
professional-00890,professional,Uber Go ride,1,495.0,Travel
professional-00891,professional,Ramen,2,900.0,Food & Dining
professional-00891,professional,Caesar salad,1,380.0,Food & Dining
professional-00891,professional,Cheesecake,1,260.0,Food & Dining
professional-00892,professional,Vegetables box,1,450.0,Groceries
professional-00892,professional,Eggs 12,1,108.0,Groceries
professional-00893,professional,Electricity bill,1,1334.0,Bills & Utilities
professional-00894,professional,Burger,1,350.0,Food & Dining
professional-00894,professional,Fries,1,180.0,Food & Dining
professional-00894,professional,Milkshake,1,220.0,Food & Dining
professional-00894,professional,Pasta,1,390.0,Food & Dining
professional-00895,professional,Caffe latte,2,640.0,Food & Dining
professional-00895,professional,Croissant,2,500.0,Food & Dining
professional-00896,professional,Uber Go ride,1,482.0,Travel
professional-00897,professional,Uber Go ride,1,274.0,Travel
professional-00898,professional,Croissant,1,250.0,Food & Dining
professional-00899,professional,Uber Go ride,1,335.0,Travel
professional-00900,professional,Handbag,1,145000.0,Shopping
professional-00901,professional,Paracetamol strip,1,35.0,Health
professional-00901,professional,Vitamin D3,1,310.0,Health
professional-00902,professional,Uber Go ride,1,518.0,Travel
professional-00903,professional,Uber Go ride,1,451.0,Travel
professional-00904,professional,Ramen,1,450.0,Food & Dining
professional-00904,professional,Cheesecake,1,260.0,Food & Dining
professional-00905,professional,Olive oil 1L,1,899.0,Groceries
professional-00905,professional,Vegetables box,1,450.0,Groceries
professional-00905,professional,Eggs 12,1,108.0,Groceries
professional-00905,professional,Almond milk 1L,1,299.0,Groceries
professional-00906,professional,Olive oil 1L,1,899.0,Groceries
professional-00906,professional,Eggs 12,1,108.0,Groceries
professional-00907,professional,Handbag,1,145000.0,Shopping
professional-00908,professional,Ramen,1,450.0,Food & Dining
professional-00908,professional,Cheesecake,1,260.0,Food & Dining
professional-00908,professional,Chicken biryani,2,640.0,Food & Dining
professional-00909,professional,Ramen,2,900.0,Food & Dining
professional-00909,professional,Chicken biryani,1,320.0,Food & Dining
professional-00909,professional,Cheesecake,1,260.0,Food & Dining
professional-00910,professional,Pad thai,1,420.0,Food & Dining
professional-00910,professional,Caesar salad,1,380.0,Food & Dining
professional-00911,professional,Pad thai,2,840.0,Food & Dining
professional-00911,professional,Caesar salad,1,380.0,Food & Dining
professional-00911,professional,Cheesecake,2,520.0,Food & Dining
professional-00912,professional,Movie ticket,1,312.0,Entertainment
professional-00913,professional,Gym membership,1,1695.0,Health
professional-00914,professional,Cheesecake,1,260.0,Food & Dining
professional-00914,professional,Ramen,1,450.0,Food & Dining
professional-00915,professional,House rent,1,22000.0,Bills & Utilities
professional-00916,professional,Ramen,1,450.0,Food & Dining
professional-00916,professional,Chicken biryani,1,320.0,Food & Dining
professional-00917,professional,Almond milk 1L,1,299.0,Groceries
professional-00917,professional,Vegetables box,1,450.0,Groceries
professional-00917,professional,Olive oil 1L,1,899.0,Groceries
professional-00918,professional,Movie ticket,1,291.0,Entertainment
professional-00918,professional,Nachos combo,1,380.0,Entertainment
professional-00919,professional,Cold brew,1,290.0,Food & Dining
professional-00920,professional,Cold brew,1,290.0,Food & Dining
professional-00921,professional,Eggs 12,1,108.0,Groceries
professional-00921,professional,Vegetables box,1,450.0,Groceries
professional-00922,professional,Broadband 100 Mbps,1,847.0,Bills & Utilities
professional-00923,professional,Caesar salad,1,380.0,Food & Dining
professional-00923,professional,Cheesecake,2,520.0,Food & Dining
professional-00923,professional,Ramen,1,450.0,Food & Dining
professional-00924,professional,Eggs 12,1,108.0,Groceries
professional-00924,professional,Greek yogurt,1,120.0,Groceries
professional-00924,professional,Vegetables box,1,450.0,Groceries
professional-00924,professional,Avocado x2,1,260.0,Groceries
professional-00925,professional,Uber Go ride,1,492.0,Travel
professional-00926,professional,Cheesecake,1,1375,Food & Dining
professional-00926,professional,Pad thai,2,5283,Food & Dining
professional-00926,professional,Ramen,1,2751,Food & Dining
professional-00927,professional,Chicken biryani,1,320.0,Food & Dining
professional-00928,professional,Uber Go ride,1,497.0,Travel
professional-00929,professional,Uber Go ride,1,186.0,Travel
professional-00930,professional,Netflix Premium,1,550.0,Entertainment
professional-00931,professional,Uber Go ride,1,512.0,Travel
professional-00932,professional,Linen shirt,1,2990.0,Shopping
professional-00933,professional,Cheesecake,1,260.0,Food & Dining
professional-00933,professional,Ramen,1,450.0,Food & Dining
professional-00934,professional,Pad thai,1,420.0,Food & Dining
professional-00934,professional,Ramen,1,450.0,Food & Dining
professional-00935,professional,Avocado x2,1,260.0,Groceries
professional-00935,professional,Vegetables box,1,450.0,Groceries
professional-00936,professional,Uber Go ride,1,506.0,Travel
professional-00937,professional,Uber Go ride,1,486.0,Travel
professional-00938,professional,Electricity bill,1,1649.0,Bills & Utilities
professional-00939,professional,T-shirt,1,1290.0,Shopping
professional-00940,professional,Dress,1,3990.0,Shopping
professional-00941,professional,Uber Go ride,1,215.0,Travel
professional-00942,professional,Almond milk 1L,1,299.0,Groceries
professional-00942,professional,Greek yogurt,1,120.0,Groceries
professional-00943,professional,Uber Go ride,1,457.0,Travel
professional-00944,professional,MacBook Air,1,99900.0,Shopping
professional-00945,professional,Caesar salad,1,380.0,Food & Dining
professional-00945,professional,Chicken biryani,1,320.0,Food & Dining
professional-00945,professional,Ramen,1,450.0,Food & Dining
professional-00946,professional,Pad thai,1,420.0,Food & Dining
professional-00946,professional,Caesar salad,1,380.0,Food & Dining
professional-00947,professional,Paracetamol strip,1,35.0,Health
professional-00948,professional,Caffe latte,1,320.0,Food & Dining
professional-00949,professional,Vegetables box,1,450.0,Groceries
professional-00949,professional,Greek yogurt,1,120.0,Groceries
professional-00949,professional,Eggs 12,1,108.0,Groceries
professional-00949,professional,Avocado x2,1,260.0,Groceries
professional-00949,professional,Almond milk 1L,1,299.0,Groceries
professional-00950,professional,Caffe latte,1,320.0,Food & Dining
professional-00950,professional,Cold brew,1,290.0,Food & Dining
professional-00951,professional,Uber Go ride,1,339.0,Travel
professional-00952,professional,Uber Go ride,1,181.0,Travel
professional-00953,professional,Nachos combo,1,380.0,Entertainment
professional-00953,professional,Movie ticket,1,426.0,Entertainment
professional-00954,professional,Uber Go ride,1,451.0,Travel
professional-00955,professional,Nachos combo,1,380.0,Entertainment
professional-00955,professional,Movie ticket,1,427.0,Entertainment
professional-00956,professional,Uber Go ride,1,451.0,Travel
professional-00957,professional,Cold brew,1,290.0,Food & Dining
professional-00958,professional,Caffe latte,1,320.0,Food & Dining
professional-00959,professional,Nachos combo,1,380.0,Entertainment
professional-00959,professional,Movie ticket,1,436.0,Entertainment
professional-00960,professional,Gym membership,1,1695.0,Health
professional-00961,professional,Cold brew,1,290.0,Food & Dining
professional-00962,professional,Caesar salad,1,380.0,Food & Dining
professional-00962,professional,Ramen,1,450.0,Food & Dining
professional-00963,professional,Pasta,1,390.0,Food & Dining
professional-00963,professional,Milkshake,1,220.0,Food & Dining
professional-00963,professional,Fries,1,180.0,Food & Dining
professional-00963,professional,Burger,2,700.0,Food & Dining
professional-00964,professional,Eggs 12,1,108.0,Groceries
professional-00964,professional,Almond milk 1L,1,299.0,Groceries
professional-00964,professional,Greek yogurt,1,120.0,Groceries
professional-00964,professional,Avocado x2,1,260.0,Groceries
professional-00965,professional,Uber Go ride,1,489.0,Travel
professional-00966,professional,House rent,1,22000.0,Bills & Utilities
professional-00967,professional,Cold brew,2,580.0,Food & Dining
professional-00968,professional,Avocado x2,1,260.0,Groceries
professional-00968,professional,Vegetables box,1,450.0,Groceries
professional-00968,professional,Almond milk 1L,1,299.0,Groceries
professional-00969,professional,Blueberry muffin,1,210.0,Food & Dining
professional-00969,professional,Croissant,1,250.0,Food & Dining
professional-00970,professional,Cold brew,1,290.0,Food & Dining
professional-00970,professional,Caffe latte,1,320.0,Food & Dining
professional-00971,professional,Chicken biryani,1,320.0,Food & Dining
professional-00972,professional,Vegetables box,1,450.0,Groceries
professional-00972,professional,Avocado x2,1,260.0,Groceries
professional-00972,professional,Greek yogurt,1,120.0,Groceries
professional-00973,professional,Greek yogurt,1,120.0,Groceries
professional-00973,professional,Olive oil 1L,1,899.0,Groceries
professional-00974,professional,Avocado x2,1,260.0,Groceries
professional-00974,professional,Vegetables box,1,450.0,Groceries
professional-00974,professional,Almond milk 1L,1,299.0,Groceries
professional-00975,professional,Trousers,1,3290.0,Shopping
professional-00975,professional,Linen shirt,1,2990.0,Shopping
professional-00976,professional,Flight BLR-Dubai,1,42000.0,Travel
professional-00977,professional,Chicken biryani,1,320.0,Food & Dining
professional-00977,professional,Pad thai,1,420.0,Food & Dining
professional-00977,professional,Ramen,1,450.0,Food & Dining
professional-00978,professional,Cheesecake,1,260.0,Food & Dining
professional-00979,professional,Uber Go ride,1,483.0,Travel
professional-00980,professional,Uber Go ride,1,302.0,Travel
professional-00981,professional,Broadband 100 Mbps,1,847.0,Bills & Utilities
professional-00982,professional,Pad thai,1,420.0,Food & Dining
professional-00982,professional,Chicken biryani,1,320.0,Food & Dining
professional-00982,professional,Cheesecake,1,260.0,Food & Dining
professional-00983,professional,Caesar salad,1,380.0,Food & Dining
professional-00983,professional,Pad thai,1,420.0,Food & Dining
professional-00983,professional,Chicken biryani,1,320.0,Food & Dining
professional-00984,professional,Uber Go ride,1,183.0,Travel
professional-00985,professional,Caesar salad,2,760.0,Food & Dining
professional-00986,professional,Uber Go ride,1,471.0,Travel
professional-00987,professional,Caffe latte,1,320.0,Food & Dining
professional-00988,professional,Burger,1,350.0,Food & Dining
professional-00988,professional,Milkshake,1,220.0,Food & Dining
professional-00988,professional,Pasta,1,390.0,Food & Dining
professional-00988,professional,Fries,2,360.0,Food & Dining
professional-00989,professional,Uber Go ride,1,242.0,Travel
professional-00990,professional,Paracetamol strip,1,35.0,Health
professional-00991,professional,Caffe latte,1,320.0,Food & Dining
professional-00991,professional,Blueberry muffin,1,210.0,Food & Dining
professional-00992,professional,Uber Go ride,1,473.0,Travel
professional-00993,professional,Netflix Premium,1,550.0,Entertainment
professional-00994,professional,Chicken biryani,2,640.0,Food & Dining
professional-00994,professional,Cheesecake,1,260.0,Food & Dining
professional-00994,professional,Ramen,1,450.0,Food & Dining
professional-00995,professional,Eggs 12,1,108.0,Groceries
professional-00995,professional,Vegetables box,1,450.0,Groceries
professional-00995,professional,Almond milk 1L,1,299.0,Groceries
professional-00995,professional,Greek yogurt,1,120.0,Groceries
professional-00995,professional,Avocado x2,1,260.0,Groceries
professional-00996,professional,Uber Go ride,1,329.0,Travel
professional-00997,professional,Ramen,1,450.0,Food & Dining
professional-00998,professional,Movie ticket,1,428.0,Entertainment
professional-00999,professional,Electricity bill,1,1162.0,Bills & Utilities
professional-01000,professional,Ramen,1,450.0,Food & Dining
professional-01001,professional,Fries,1,180.0,Food & Dining
professional-01001,professional,Burger,1,350.0,Food & Dining
professional-01001,professional,Pasta,1,390.0,Food & Dining
professional-01001,professional,Milkshake,1,220.0,Food & Dining
professional-01002,professional,Uber Go ride,1,269.0,Travel
professional-01003,professional,Chicken biryani,1,320.0,Food & Dining
professional-01004,professional,Pasta,1,390.0,Food & Dining
professional-01004,professional,Fries,1,180.0,Food & Dining
professional-01005,professional,Uber Go ride,1,389.0,Travel
professional-01006,professional,Uber Go ride,1,462.0,Travel
professional-01007,professional,Cold brew,1,290.0,Food & Dining
professional-01007,professional,Caffe latte,1,320.0,Food & Dining
professional-01008,professional,Caesar salad,2,760.0,Food & Dining
professional-01008,professional,Pad thai,1,420.0,Food & Dining
professional-01009,professional,Pad thai,1,420.0,Food & Dining
professional-01010,professional,Uber Go ride,1,382.0,Travel
professional-01011,professional,Ramen,1,450.0,Food & Dining
professional-01011,professional,Chicken biryani,1,320.0,Food & Dining
professional-01012,professional,Uber Go ride,1,469.0,Travel
professional-01013,professional,Movie ticket,1,334.0,Entertainment
professional-01013,professional,Nachos combo,1,380.0,Entertainment
professional-01014,professional,Blueberry muffin,1,210.0,Food & Dining
professional-01015,professional,Cheesecake,1,260.0,Food & Dining
professional-01016,professional,Croissant,1,250.0,Food & Dining
professional-01016,professional,Blueberry muffin,1,210.0,Food & Dining
professional-01017,professional,Uber Go ride,1,516.0,Travel
professional-01018,professional,Uber Go ride,1,514.0,Travel
professional-01019,professional,Cold brew,2,580.0,Food & Dining
professional-01020,professional,Pad thai,2,840.0,Food & Dining
professional-01021,professional,Fries,1,180.0,Food & Dining
professional-01021,professional,Burger,1,350.0,Food & Dining
professional-01022,professional,Ramen,1,450.0,Food & Dining
professional-01022,professional,Cheesecake,1,260.0,Food & Dining
professional-01023,professional,Uber Go ride,1,194.0,Travel
professional-01024,professional,Trousers,1,3290.0,Shopping
professional-01024,professional,Linen shirt,1,2990.0,Shopping
professional-01025,professional,Croissant,1,250.0,Food & Dining
professional-01026,professional,Uber Go ride,1,292.0,Travel
professional-01027,professional,Cold brew,2,580.0,Food & Dining
professional-01028,professional,Greek yogurt,1,120.0,Groceries
professional-01028,professional,Eggs 12,1,108.0,Groceries
professional-01028,professional,Almond milk 1L,1,299.0,Groceries
professional-01028,professional,Avocado x2,1,260.0,Groceries
professional-01028,professional,Olive oil 1L,1,899.0,Groceries
professional-01029,professional,Uber Go ride,1,391.0,Travel
professional-01030,professional,Caesar salad,1,380.0,Food & Dining
professional-01030,professional,Chicken biryani,1,320.0,Food & Dining
professional-01031,professional,Cold brew,1,290.0,Food & Dining
professional-01032,professional,Blueberry muffin,1,210.0,Food & Dining
professional-01033,professional,Blueberry muffin,1,210.0,Food & Dining
professional-01033,professional,Croissant,1,250.0,Food & Dining
professional-01034,professional,Croissant,1,250.0,Food & Dining
professional-01035,professional,Cold brew,1,290.0,Food & Dining
professional-01036,professional,Cheesecake,1,260.0,Food & Dining
professional-01037,professional,Chicken biryani,1,320.0,Food & Dining
professional-01037,professional,Cheesecake,1,260.0,Food & Dining
professional-01038,professional,Gym membership,1,1695.0,Health
professional-01039,professional,House rent,1,22000.0,Bills & Utilities
professional-01040,professional,Croissant,1,250.0,Food & Dining
professional-01040,professional,Cold brew,1,290.0,Food & Dining
professional-01041,professional,Cheesecake,1,260.0,Food & Dining
professional-01041,professional,Ramen,2,900.0,Food & Dining
professional-01042,professional,Caffe latte,1,320.0,Food & Dining
professional-01042,professional,Croissant,1,250.0,Food & Dining
professional-01043,professional,Milkshake,1,220.0,Food & Dining
professional-01043,professional,Burger,1,350.0,Food & Dining
professional-01044,professional,Milkshake,1,220.0,Food & Dining
professional-01044,professional,Pasta,2,780.0,Food & Dining
professional-01045,professional,Broadband 100 Mbps,1,847.0,Bills & Utilities
professional-01046,professional,Nachos combo,1,380.0,Entertainment
professional-01047,professional,Burger,1,350.0,Food & Dining
professional-01047,professional,Fries,1,180.0,Food & Dining
professional-01047,professional,Milkshake,1,220.0,Food & Dining
professional-01047,professional,Pasta,1,390.0,Food & Dining
professional-01048,professional,Uber Go ride,1,463.0,Travel
professional-01049,professional,Uber Go ride,1,457.0,Travel
professional-01050,professional,Movie ticket,1,342.0,Entertainment
professional-01050,professional,Nachos combo,1,380.0,Entertainment
professional-01051,professional,Pad thai,1,420.0,Food & Dining
professional-01051,professional,Chicken biryani,1,320.0,Food & Dining
professional-01051,professional,Caesar salad,2,760.0,Food & Dining
professional-01052,professional,Uber Go ride,1,190.0,Travel
professional-01053,professional,MacBook Air,1,99900.0,Shopping
professional-01054,professional,Avocado x2,1,260.0,Groceries
professional-01054,professional,Eggs 12,1,108.0,Groceries
professional-01054,professional,Greek yogurt,1,120.0,Groceries
professional-01054,professional,Almond milk 1L,1,299.0,Groceries
professional-01055,professional,Uber Go ride,1,476.0,Travel
professional-01056,professional,Dress,1,3990.0,Shopping
professional-01056,professional,T-shirt,1,1290.0,Shopping
professional-01057,professional,Netflix Premium,1,550.0,Entertainment
professional-01058,professional,Croissant,1,250.0,Food & Dining
professional-01059,professional,Caffe latte,1,320.0,Food & Dining
professional-01060,professional,Chicken biryani,2,640.0,Food & Dining
professional-01060,professional,Caesar salad,1,380.0,Food & Dining
professional-01061,professional,Paracetamol strip,1,35.0,Health
professional-01061,professional,Cough syrup,1,120.0,Health
professional-01062,professional,Electricity bill,1,1805.0,Bills & Utilities
professional-01063,professional,Movie ticket,1,396.0,Entertainment
professional-01064,professional,Caffe latte,1,320.0,Food & Dining
professional-01064,professional,Cold brew,1,290.0,Food & Dining
professional-01065,professional,Cold brew,1,290.0,Food & Dining
professional-01066,professional,Pad thai,2,840.0,Food & Dining
professional-01067,professional,Ramen,1,450.0,Food & Dining
professional-01068,professional,Burger,1,350.0,Food & Dining
professional-01068,professional,Fries,1,180.0,Food & Dining
professional-01068,professional,Milkshake,1,220.0,Food & Dining
professional-01069,professional,Avocado x2,1,260.0,Groceries
professional-01069,professional,Olive oil 1L,1,899.0,Groceries
professional-01070,professional,Uber Go ride,1,265.0,Travel
professional-01071,professional,Avocado x2,1,260.0,Groceries
professional-01071,professional,Olive oil 1L,1,899.0,Groceries
professional-01072,professional,Blueberry muffin,2,420.0,Food & Dining
professional-01072,professional,Caffe latte,2,640.0,Food & Dining
professional-01073,professional,Cheesecake,1,260.0,Food & Dining
professional-01074,professional,Trousers,1,3290.0,Shopping
professional-01074,professional,T-shirt,1,1290.0,Shopping
professional-01075,professional,Croissant,1,250.0,Food & Dining
professional-01075,professional,Cold brew,1,290.0,Food & Dining
professional-01076,professional,Caffe latte,1,320.0,Food & Dining
professional-01077,professional,Olive oil 1L,1,899.0,Groceries
professional-01077,professional,Avocado x2,1,260.0,Groceries
professional-01078,professional,Uber Go ride,1,479.0,Travel
professional-01079,professional,Uber Go ride,1,416.0,Travel
professional-01080,professional,Almond milk 1L,1,299.0,Groceries
professional-01080,professional,Vegetables box,1,450.0,Groceries
professional-01080,professional,Eggs 12,1,108.0,Groceries
professional-01081,professional,Uber Go ride,1,459.0,Travel
professional-01082,professional,Movie ticket,1,406.0,Entertainment
professional-01082,professional,Nachos combo,1,380.0,Entertainment
professional-01083,professional,Eggs 12,1,108.0,Groceries
professional-01083,professional,Avocado x2,1,260.0,Groceries
professional-01083,professional,Vegetables box,1,450.0,Groceries
professional-01084,professional,Uber Go ride,1,486.0,Travel
professional-01085,professional,Cheesecake,1,260.0,Food & Dining
professional-01085,professional,Ramen,2,900.0,Food & Dining
professional-01086,professional,Olive oil 1L,1,899.0,Groceries
professional-01086,professional,Eggs 12,1,108.0,Groceries
professional-01087,professional,Uber Go ride,1,483.0,Travel
professional-01088,professional,Caffe latte,1,320.0,Food & Dining
professional-01089,professional,Blueberry muffin,1,210.0,Food & Dining
professional-01090,professional,Blueberry muffin,1,210.0,Food & Dining
professional-01091,professional,Movie ticket,1,372.0,Entertainment
professional-01091,professional,Nachos combo,1,380.0,Entertainment
professional-01092,professional,Milkshake,1,220.0,Food & Dining
professional-01092,professional,Fries,1,180.0,Food & Dining
professional-01092,professional,Pasta,2,780.0,Food & Dining
professional-01092,professional,Burger,1,350.0,Food & Dining
professional-01093,professional,Olive oil 1L,1,899.0,Groceries
professional-01093,professional,Greek yogurt,1,120.0,Groceries
professional-01093,professional,Avocado x2,1,260.0,Groceries
professional-01093,professional,Eggs 12,1,108.0,Groceries
professional-01094,professional,Uber Go ride,1,331.0,Travel
professional-01095,professional,Dress,1,3990.0,Shopping
professional-01096,professional,Milkshake,1,220.0,Food & Dining
professional-01096,professional,Pasta,1,390.0,Food & Dining
professional-01097,professional,Uber Go ride,1,371.0,Travel
professional-01098,professional,Croissant,1,250.0,Food & Dining
professional-01099,professional,Uber Go ride,1,320.0,Travel
professional-01100,professional,Gym membership,1,1695.0,Health
professional-01101,professional,Caffe latte,1,320.0,Food & Dining
professional-01101,professional,Blueberry muffin,1,210.0,Food & Dining
professional-01102,professional,Cheesecake,1,1238,Food & Dining
professional-01103,professional,House rent,1,22000.0,Bills & Utilities
professional-01104,professional,Blueberry muffin,1,210.0,Food & Dining
professional-01105,professional,Cold brew,1,290.0,Food & Dining
professional-01106,professional,Uber Go ride,1,258.0,Travel
professional-01107,professional,Nachos combo,1,380.0,Entertainment
professional-01107,professional,Movie ticket,1,369.0,Entertainment
professional-01108,professional,Chicken biryani,1,320.0,Food & Dining
professional-01108,professional,Cheesecake,2,520.0,Food & Dining
professional-01109,professional,Greek yogurt,1,120.0,Groceries
professional-01109,professional,Vegetables box,1,450.0,Groceries
professional-01109,professional,Almond milk 1L,1,299.0,Groceries
professional-01109,professional,Eggs 12,1,108.0,Groceries
professional-01109,professional,Olive oil 1L,1,899.0,Groceries
professional-01110,professional,Uber Go ride,1,323.0,Travel
professional-01111,professional,Broadband 100 Mbps,1,847.0,Bills & Utilities
professional-01112,professional,Chicken biryani,1,320.0,Food & Dining
professional-01113,professional,Uber Go ride,1,451.0,Travel
professional-01114,professional,Fries,1,180.0,Food & Dining
professional-01114,professional,Milkshake,2,440.0,Food & Dining
professional-01115,professional,Netflix Premium,1,550.0,Entertainment
professional-01116,professional,Uber Go ride,1,415.0,Travel
professional-01117,professional,Handbag,1,145000.0,Shopping
professional-01118,professional,Uber Go ride,1,416.0,Travel
professional-01119,professional,Trousers,1,3290.0,Shopping
professional-01119,professional,Linen shirt,1,2990.0,Shopping
professional-01120,professional,Blueberry muffin,1,210.0,Food & Dining
professional-01121,professional,Uber Go ride,1,425.0,Travel
professional-01122,professional,Electricity bill,1,2085.0,Bills & Utilities
professional-01123,professional,Fries,1,180.0,Food & Dining
professional-01123,professional,Pasta,2,780.0,Food & Dining
professional-01124,professional,Uber Go ride,1,385.0,Travel
professional-01125,professional,Uber Go ride,1,286.0,Travel
professional-01126,professional,Uber Go ride,1,438.0,Travel
professional-01127,professional,Milkshake,1,220.0,Food & Dining
professional-01127,professional,Fries,1,180.0,Food & Dining
professional-01127,professional,Pasta,1,390.0,Food & Dining
professional-01128,professional,Caffe latte,2,3188,Food & Dining
professional-01129,professional,Chicken biryani,1,320.0,Food & Dining
professional-01130,professional,Eggs 12,1,108.0,Groceries
professional-01130,professional,Almond milk 1L,1,299.0,Groceries
professional-01130,professional,Greek yogurt,1,120.0,Groceries
professional-01130,professional,Olive oil 1L,1,899.0,Groceries
professional-01130,professional,Vegetables box,1,450.0,Groceries
professional-01131,professional,Hair spa,1,1800.0,Health
professional-01132,professional,Linen shirt,1,2990.0,Shopping
professional-01133,professional,Uber Go ride,1,277.0,Travel
professional-01134,professional,Uber Go ride,1,255.0,Travel
professional-01135,professional,Ramen,1,450.0,Food & Dining
professional-01135,professional,Chicken biryani,1,320.0,Food & Dining
professional-01136,professional,Uber Go ride,1,507.0,Travel
professional-01137,professional,Croissant,1,250.0,Food & Dining
professional-01137,professional,Caffe latte,2,640.0,Food & Dining
professional-01138,professional,Uber Go ride,1,256.0,Travel
professional-01139,professional,Ramen,1,450.0,Food & Dining
professional-01139,professional,Caesar salad,1,380.0,Food & Dining
professional-01140,professional,Burger,1,350.0,Food & Dining
professional-01140,professional,Fries,1,180.0,Food & Dining
professional-01140,professional,Milkshake,1,220.0,Food & Dining
professional-01141,professional,Flight BLR-Dubai,1,42000.0,Travel
professional-01142,professional,Greek yogurt,1,120.0,Groceries
professional-01142,professional,Avocado x2,1,260.0,Groceries
professional-01143,professional,Uber Go ride,1,283.0,Travel
professional-01144,professional,Uber Go ride,1,297.0,Travel
professional-01145,professional,Blueberry muffin,1,210.0,Food & Dining
professional-01145,professional,Croissant,2,500.0,Food & Dining
professional-01146,professional,Caffe latte,1,320.0,Food & Dining
professional-01147,professional,Burger,1,350.0,Food & Dining
professional-01147,professional,Fries,1,180.0,Food & Dining
professional-01147,professional,Pasta,1,390.0,Food & Dining
professional-01148,professional,Caffe latte,1,320.0,Food & Dining
professional-01149,professional,Trousers,1,3290.0,Shopping
professional-01149,professional,T-shirt,1,1290.0,Shopping
family-00000,family,Petrol,1,13605,Travel
family-00001,family,Vegetables,1,260.0,Groceries
family-00001,family,Toor dal 1kg,1,165.0,Groceries
family-00001,family,Mustard oil 1L,1,185.0,Groceries
family-00002,family,Atta 10kg,1,480.0,Groceries
family-00002,family,Toor dal 1kg,1,165.0,Groceries
family-00002,family,Rice 5kg,1,390.0,Groceries
family-00002,family,Tea 500g,1,260.0,Groceries
family-00003,family,Tea 500g,1,260.0,Groceries
family-00003,family,Vegetables,1,205.0,Groceries
family-00004,family,Paneer tikka,1,310.0,Food & Dining
family-00004,family,Dal makhani,1,280.0,Food & Dining
family-00004,family,Veg biryani,1,260.0,Food & Dining
family-00005,family,Petrol,1,1860.0,Travel
family-00006,family,Tea 500g,1,260.0,Groceries
family-00006,family,Rice 5kg,1,390.0,Groceries
family-00006,family,Vegetables,1,120.0,Groceries
family-00007,family,Toor dal 1kg,1,165.0,Groceries
family-00007,family,Vegetables,1,233.0,Groceries
family-00007,family,Mustard oil 1L,1,185.0,Groceries
family-00007,family,Atta 10kg,1,480.0,Groceries
family-00008,family,Toor dal 1kg,1,165.0,Groceries
family-00008,family,Vegetables,1,233.0,Groceries
family-00008,family,Mustard oil 1L,1,185.0,Groceries
family-00008,family,Atta 10kg,1,480.0,Groceries
family-00009,family,Atta 10kg,1,480.0,Groceries
family-00009,family,Vegetables,1,213.0,Groceries
family-00009,family,Mustard oil 1L,1,185.0,Groceries
family-00010,family,School fees,1,18000.0,Bills & Utilities
family-00011,family,Mustard oil 1L,1,185.0,Groceries
family-00011,family,Rice 5kg,1,390.0,Groceries
family-00011,family,Vegetables,1,217.0,Groceries
family-00011,family,Sugar 1kg,1,46.0,Groceries
family-00011,family,Atta 10kg,1,480.0,Groceries
family-00012,family,Petrol,1,2221.0,Travel
family-00013,family,Paneer tikka,1,310.0,Food & Dining
family-00013,family,Dal makhani,1,280.0,Food & Dining
family-00014,family,DTH recharge,1,297.0,Entertainment
family-00015,family,Vegetables,1,232.0,Groceries
family-00015,family,Toor dal 1kg,1,165.0,Groceries
family-00015,family,Rice 5kg,1,390.0,Groceries
family-00016,family,Rasmalai,1,140.0,Food & Dining
family-00016,family,Raj kachori,1,160.0,Food & Dining
family-00016,family,Chole bhature,1,180.0,Food & Dining
family-00016,family,Thali,1,320.0,Food & Dining
family-00017,family,Paneer tikka,1,310.0,Food & Dining
family-00017,family,Dal makhani,1,280.0,Food & Dining
family-00017,family,Tandoori roti,1,35.0,Food & Dining
family-00017,family,Veg biryani,1,260.0,Food & Dining
family-00018,family,Life insurance premium,1,12500.0,Bills & Utilities
family-00019,family,Toothpaste,1,110.0,Groceries
family-00019,family,Detergent 2kg,1,380.0,Groceries
family-00019,family,Namkeen,1,90.0,Groceries
family-00019,family,Soap 4-pack,1,180.0,Groceries
family-00020,family,Petrol,1,1776.0,Travel
family-00021,family,Atta 10kg,1,480.0,Groceries
family-00021,family,Vegetables,1,343.0,Groceries
family-00022,family,Biscuits family pack,1,120.0,Groceries
family-00022,family,Toothpaste,1,110.0,Groceries
family-00022,family,Detergent 2kg,1,380.0,Groceries
family-00022,family,Soap 4-pack,1,180.0,Groceries
family-00022,family,Ghee 1L,1,620.0,Groceries
family-00023,family,Paneer tikka,2,620.0,Food & Dining
family-00023,family,Dal makhani,1,280.0,Food & Dining
family-00023,family,Veg biryani,1,260.0,Food & Dining
family-00024,family,Paneer tikka,1,310.0,Food & Dining
family-00024,family,Tandoori roti,1,35.0,Food & Dining
family-00025,family,Sugar 1kg,1,46.0,Groceries
family-00025,family,Toor dal 1kg,1,165.0,Groceries
family-00025,family,Vegetables,1,280.0,Groceries
family-00026,family,Toothpaste,1,110.0,Groceries
family-00026,family,Detergent 2kg,1,380.0,Groceries
family-00026,family,Namkeen,1,90.0,Groceries
family-00026,family,Soap 4-pack,1,180.0,Groceries
family-00026,family,Biscuits family pack,1,120.0,Groceries
family-00026,family,Ghee 1L,1,620.0,Groceries
family-00027,family,Soap 4-pack,1,180.0,Groceries
family-00027,family,Namkeen,1,90.0,Groceries
family-00027,family,Detergent 2kg,1,380.0,Groceries
family-00027,family,Biscuits family pack,1,120.0,Groceries
family-00027,family,Ghee 1L,1,620.0,Groceries
family-00027,family,Toothpaste,1,110.0,Groceries
family-00028,family,Tandoori roti,1,35.0,Food & Dining
family-00028,family,Dal makhani,1,280.0,Food & Dining
family-00028,family,Veg biryani,1,260.0,Food & Dining
family-00028,family,Paneer tikka,1,310.0,Food & Dining
family-00029,family,Vegetables,1,181.0,Groceries
family-00029,family,Atta 10kg,1,480.0,Groceries
family-00030,family,Tandoori roti,1,35.0,Food & Dining
family-00030,family,Dal makhani,2,560.0,Food & Dining
family-00030,family,Veg biryani,1,260.0,Food & Dining
family-00031,family,Toothpaste,1,110.0,Groceries
family-00031,family,Namkeen,1,90.0,Groceries
family-00031,family,Detergent 2kg,1,380.0,Groceries
family-00031,family,Soap 4-pack,1,180.0,Groceries
family-00031,family,Biscuits family pack,1,120.0,Groceries
family-00032,family,Petrol,1,1942.0,Travel
family-00033,family,Rice 5kg,1,390.0,Groceries
family-00033,family,Atta 10kg,1,480.0,Groceries
family-00034,family,Vegetables,1,334.0,Groceries
family-00034,family,Sugar 1kg,1,46.0,Groceries
family-00034,family,Tea 500g,1,260.0,Groceries
family-00035,family,Electricity bill,1,2703.0,Bills & Utilities
family-00036,family,Toor dal 1kg,1,165.0,Groceries
family-00036,family,Vegetables,1,270.0,Groceries
family-00036,family,Tea 500g,1,260.0,Groceries
family-00037,family,Rice 5kg,1,390.0,Groceries
family-00037,family,Tea 500g,1,260.0,Groceries
family-00037,family,Sugar 1kg,1,46.0,Groceries
family-00037,family,Atta 10kg,1,480.0,Groceries
family-00037,family,Toor dal 1kg,1,165.0,Groceries
family-00038,family,Petrol,1,1686.0,Travel
family-00039,family,Rice 5kg,1,390.0,Groceries
family-00039,family,Toor dal 1kg,1,165.0,Groceries
family-00039,family,Vegetables,1,275.0,Groceries
family-00040,family,Petrol,1,1499.0,Travel
family-00041,family,Postpaid plan,1,508.0,Bills & Utilities
family-00042,family,Raj kachori,1,160.0,Food & Dining
family-00042,family,Rasmalai,1,140.0,Food & Dining
family-00042,family,Thali,1,320.0,Food & Dining
family-00043,family,Dal makhani,1,280.0,Food & Dining
family-00043,family,Paneer tikka,1,310.0,Food & Dining
family-00044,family,Petrol,1,1633.0,Travel
family-00045,family,Toothpaste,1,110.0,Groceries
family-00045,family,Ghee 1L,1,620.0,Groceries
family-00045,family,Soap 4-pack,1,180.0,Groceries
family-00045,family,Namkeen,1,90.0,Groceries
family-00046,family,Ghee 1L,1,620.0,Groceries
family-00046,family,Namkeen,1,90.0,Groceries
family-00046,family,Biscuits family pack,1,120.0,Groceries
family-00046,family,Soap 4-pack,1,180.0,Groceries
family-00046,family,Detergent 2kg,1,380.0,Groceries
family-00046,family,Toothpaste,1,110.0,Groceries
family-00047,family,Atta 10kg,1,480.0,Groceries
family-00047,family,Sugar 1kg,1,46.0,Groceries
family-00047,family,Mustard oil 1L,1,185.0,Groceries
family-00048,family,Mustard oil 1L,1,185.0,Groceries
family-00048,family,Rice 5kg,1,390.0,Groceries
family-00049,family,Vegetables,1,233.0,Groceries
family-00049,family,Sugar 1kg,1,46.0,Groceries
family-00049,family,Toor dal 1kg,1,165.0,Groceries
family-00049,family,Mustard oil 1L,1,185.0,Groceries
family-00050,family,Rice 5kg,1,390.0,Groceries
family-00050,family,Tea 500g,1,260.0,Groceries
family-00050,family,Toor dal 1kg,1,165.0,Groceries
family-00050,family,Sugar 1kg,1,46.0,Groceries
family-00050,family,Atta 10kg,1,480.0,Groceries
family-00051,family,Veg biryani,1,260.0,Food & Dining
family-00051,family,Paneer tikka,1,310.0,Food & Dining
family-00051,family,Dal makhani,1,280.0,Food & Dining
family-00052,family,Vegetables,1,197.0,Groceries
family-00052,family,Toor dal 1kg,1,165.0,Groceries
family-00052,family,Tea 500g,1,260.0,Groceries
family-00052,family,Sugar 1kg,1,46.0,Groceries
family-00053,family,Detergent 2kg,1,380.0,Groceries
family-00053,family,Ghee 1L,1,620.0,Groceries
family-00053,family,Biscuits family pack,1,120.0,Groceries
family-00053,family,Soap 4-pack,1,180.0,Groceries
family-00054,family,Thali,1,320.0,Food & Dining
family-00054,family,Chole bhature,1,180.0,Food & Dining
family-00054,family,Raj kachori,1,160.0,Food & Dining
family-00055,family,Veg biryani,1,260.0,Food & Dining
family-00055,family,Paneer tikka,1,310.0,Food & Dining
family-00055,family,Tandoori roti,2,70.0,Food & Dining
family-00055,family,Dal makhani,1,280.0,Food & Dining
family-00056,family,Toor dal 1kg,1,165.0,Groceries
family-00056,family,Mustard oil 1L,1,185.0,Groceries
family-00056,family,Rice 5kg,1,390.0,Groceries
family-00057,family,Toothpaste,1,110.0,Groceries
family-00057,family,Namkeen,1,90.0,Groceries
family-00057,family,Soap 4-pack,1,180.0,Groceries
family-00057,family,Ghee 1L,1,620.0,Groceries
family-00057,family,Detergent 2kg,1,380.0,Groceries
family-00057,family,Biscuits family pack,1,120.0,Groceries
family-00058,family,BP tablets strip,1,180.0,Health
family-00058,family,Bandages,1,60.0,Health
family-00059,family,DTH recharge,1,297.0,Entertainment
family-00060,family,Toothpaste,1,110.0,Groceries
family-00060,family,Soap 4-pack,1,180.0,Groceries
family-00060,family,Namkeen,1,90.0,Groceries
family-00060,family,Biscuits family pack,1,120.0,Groceries
family-00061,family,Veg biryani,1,260.0,Food & Dining
family-00061,family,Paneer tikka,1,310.0,Food & Dining
family-00062,family,Petrol,1,1785.0,Travel
family-00063,family,Petrol,1,1042.0,Travel
family-00064,family,Rice 5kg,1,390.0,Groceries
family-00064,family,Atta 10kg,1,480.0,Groceries
family-00064,family,Vegetables,1,253.0,Groceries
family-00064,family,Toor dal 1kg,1,165.0,Groceries
family-00065,family,Tea 500g,1,260.0,Groceries
family-00065,family,Rice 5kg,1,390.0,Groceries
family-00065,family,Mustard oil 1L,1,185.0,Groceries
family-00066,family,Ghee 1L,1,620.0,Groceries
family-00066,family,Detergent 2kg,1,380.0,Groceries
family-00066,family,Toothpaste,1,110.0,Groceries
family-00066,family,Biscuits family pack,1,120.0,Groceries
family-00067,family,Paneer tikka,1,310.0,Food & Dining
family-00067,family,Veg biryani,1,260.0,Food & Dining
family-00067,family,Dal makhani,1,280.0,Food & Dining
family-00068,family,Namkeen,1,90.0,Groceries
family-00068,family,Soap 4-pack,1,180.0,Groceries
family-00068,family,Biscuits family pack,1,120.0,Groceries
family-00068,family,Ghee 1L,1,620.0,Groceries
family-00068,family,Toothpaste,1,110.0,Groceries
family-00069,family,Rasmalai,2,280.0,Food & Dining
family-00069,family,Masala dosa,1,170.0,Food & Dining
family-00069,family,Raj kachori,1,160.0,Food & Dining
family-00069,family,Thali,1,320.0,Food & Dining
family-00070,family,Dal makhani,1,280.0,Food & Dining
family-00070,family,Tandoori roti,1,35.0,Food & Dining
family-00070,family,Paneer tikka,1,310.0,Food & Dining
family-00071,family,Sugar 1kg,1,46.0,Groceries
family-00071,family,Atta 10kg,1,480.0,Groceries
family-00071,family,Mustard oil 1L,1,185.0,Groceries
family-00071,family,Toor dal 1kg,1,165.0,Groceries
family-00072,family,Masala dosa,1,170.0,Food & Dining
family-00072,family,Rasmalai,1,140.0,Food & Dining
family-00073,family,Atta 10kg,1,480.0,Groceries
family-00073,family,Mustard oil 1L,1,185.0,Groceries
family-00073,family,Vegetables,1,349.0,Groceries
family-00074,family,Namkeen,1,90.0,Groceries
family-00074,family,Detergent 2kg,1,380.0,Groceries
family-00074,family,Biscuits family pack,1,120.0,Groceries
family-00074,family,Soap 4-pack,1,180.0,Groceries
family-00074,family,Toothpaste,1,110.0,Groceries
family-00075,family,Petrol,1,1722.0,Travel
family-00076,family,Atta 10kg,1,480.0,Groceries
family-00076,family,Toor dal 1kg,1,165.0,Groceries
family-00076,family,Mustard oil 1L,1,185.0,Groceries
family-00077,family,Electricity bill,1,3710.0,Bills & Utilities
family-00078,family,Atta 10kg,1,480.0,Groceries
family-00078,family,Sugar 1kg,1,46.0,Groceries
family-00078,family,Tea 500g,1,260.0,Groceries
family-00079,family,Atta 10kg,1,480.0,Groceries
family-00079,family,Rice 5kg,1,390.0,Groceries
family-00079,family,Tea 500g,1,260.0,Groceries
family-00080,family,Petrol,1,1144.0,Travel
family-00081,family,Detergent 2kg,1,380.0,Groceries
family-00081,family,Soap 4-pack,1,180.0,Groceries
family-00081,family,Ghee 1L,1,620.0,Groceries
family-00081,family,Namkeen,1,90.0,Groceries
family-00082,family,Tandoori roti,1,35.0,Food & Dining
family-00082,family,Dal makhani,1,280.0,Food & Dining
family-00082,family,Veg biryani,1,260.0,Food & Dining
family-00082,family,Paneer tikka,1,310.0,Food & Dining
family-00083,family,Postpaid plan,1,508.0,Bills & Utilities
family-00084,family,Mustard oil 1L,1,185.0,Groceries
family-00084,family,Toor dal 1kg,1,165.0,Groceries
family-00084,family,Atta 10kg,1,480.0,Groceries
family-00085,family,Mustard oil 1L,1,185.0,Groceries
family-00085,family,Rice 5kg,1,390.0,Groceries
family-00085,family,Sugar 1kg,1,46.0,Groceries
family-00085,family,Atta 10kg,1,480.0,Groceries
family-00086,family,Vegetables,1,324.0,Groceries
family-00086,family,Toor dal 1kg,1,165.0,Groceries
family-00086,family,Tea 500g,1,260.0,Groceries
family-00086,family,Sugar 1kg,1,46.0,Groceries
family-00087,family,Veg biryani,2,520.0,Food & Dining
family-00087,family,Dal makhani,1,280.0,Food & Dining
family-00087,family,Paneer tikka,2,620.0,Food & Dining
family-00088,family,Toothpaste,1,110.0,Groceries
family-00088,family,Detergent 2kg,1,380.0,Groceries
family-00088,family,Biscuits family pack,1,120.0,Groceries
family-00089,family,Toothpaste,1,110.0,Groceries
family-00089,family,Namkeen,1,90.0,Groceries
family-00089,family,Soap 4-pack,1,180.0,Groceries
family-00089,family,Biscuits family pack,1,120.0,Groceries
family-00089,family,Ghee 1L,1,620.0,Groceries
family-00090,family,Rice 5kg,1,390.0,Groceries
family-00090,family,Mustard oil 1L,1,185.0,Groceries
family-00091,family,Toothpaste,1,110.0,Groceries
family-00091,family,Detergent 2kg,1,380.0,Groceries
family-00091,family,Soap 4-pack,1,180.0,Groceries
family-00092,family,Chole bhature,1,180.0,Food & Dining
family-00092,family,Raj kachori,1,160.0,Food & Dining
family-00092,family,Masala dosa,1,170.0,Food & Dining
family-00092,family,Rasmalai,2,280.0,Food & Dining
family-00093,family,Paneer tikka,2,620.0,Food & Dining
family-00093,family,Veg biryani,1,260.0,Food & Dining
family-00093,family,Tandoori roti,2,70.0,Food & Dining
family-00093,family,Dal makhani,1,280.0,Food & Dining
family-00094,family,Tea 500g,1,260.0,Groceries
family-00094,family,Mustard oil 1L,1,185.0,Groceries
family-00094,family,Sugar 1kg,1,46.0,Groceries
family-00094,family,Toor dal 1kg,1,165.0,Groceries
family-00094,family,Vegetables,1,182.0,Groceries
family-00095,family,Petrol,1,1306.0,Travel
family-00096,family,Vitamin tablets,1,280.0,Health
family-00097,family,Sugar 1kg,1,46.0,Groceries
family-00097,family,Vegetables,1,198.0,Groceries
family-00097,family,Mustard oil 1L,1,185.0,Groceries
family-00098,family,Dal makhani,1,280.0,Food & Dining
family-00098,family,Veg biryani,1,260.0,Food & Dining
family-00098,family,Paneer tikka,1,310.0,Food & Dining
family-00099,family,Toor dal 1kg,1,165.0,Groceries
family-00099,family,Sugar 1kg,1,46.0,Groceries
family-00099,family,Tea 500g,1,260.0,Groceries
family-00100,family,Soap 4-pack,1,180.0,Groceries
family-00100,family,Ghee 1L,1,620.0,Groceries
family-00100,family,Detergent 2kg,1,380.0,Groceries
family-00101,family,Raj kachori,1,160.0,Food & Dining
family-00101,family,Rasmalai,1,140.0,Food & Dining
family-00101,family,Chole bhature,2,360.0,Food & Dining
family-00101,family,Masala dosa,1,170.0,Food & Dining
family-00102,family,Kids t-shirt,1,399.0,Shopping
family-00102,family,Kurta,1,899.0,Shopping
family-00102,family,Saree,1,2499.0,Shopping
family-00103,family,Rice 5kg,1,390.0,Groceries
family-00103,family,Atta 10kg,1,480.0,Groceries
family-00103,family,Tea 500g,1,260.0,Groceries
family-00104,family,Paneer tikka,1,310.0,Food & Dining
family-00104,family,Tandoori roti,1,35.0,Food & Dining
family-00104,family,Veg biryani,1,260.0,Food & Dining
family-00105,family,DTH recharge,1,297.0,Entertainment
family-00106,family,Tea 500g,1,260.0,Groceries
family-00106,family,Toor dal 1kg,1,165.0,Groceries
family-00106,family,Rice 5kg,1,390.0,Groceries
family-00106,family,Mustard oil 1L,1,185.0,Groceries
family-00106,family,Sugar 1kg,1,46.0,Groceries
family-00107,family,Dal makhani,1,280.0,Food & Dining
family-00107,family,Veg biryani,1,260.0,Food & Dining
family-00107,family,Tandoori roti,2,70.0,Food & Dining
family-00107,family,Paneer tikka,1,310.0,Food & Dining
family-00108,family,Consultation,1,700.0,Health
family-00109,family,Tea 500g,1,260.0,Groceries
family-00109,family,Atta 10kg,1,480.0,Groceries
family-00109,family,Vegetables,1,131.0,Groceries
family-00109,family,Mustard oil 1L,1,185.0,Groceries
family-00110,family,Toor dal 1kg,1,165.0,Groceries
family-00110,family,Tea 500g,1,260.0,Groceries
family-00110,family,Vegetables,1,285.0,Groceries
family-00111,family,Vegetables,1,159.0,Groceries
family-00111,family,Rice 5kg,1,390.0,Groceries
family-00111,family,Mustard oil 1L,1,185.0,Groceries
family-00111,family,Toor dal 1kg,1,165.0,Groceries
family-00112,family,Paneer tikka,1,310.0,Food & Dining
family-00112,family,Veg biryani,1,260.0,Food & Dining
family-00113,family,Vitamin tablets,1,280.0,Health
family-00113,family,BP tablets strip,1,180.0,Health
family-00114,family,Diabetes medicine,1,420.0,Health
family-00114,family,BP tablets strip,1,180.0,Health
family-00115,family,Rice 5kg,1,390.0,Groceries
family-00115,family,Toor dal 1kg,1,165.0,Groceries
family-00116,family,Consultation,1,675.0,Health
family-00117,family,Petrol,1,1864.0,Travel
family-00118,family,Toor dal 1kg,1,165.0,Groceries
family-00118,family,Sugar 1kg,1,46.0,Groceries
family-00119,family,Electricity bill,1,3960.0,Bills & Utilities
family-00120,family,Detergent 2kg,1,380.0,Groceries
family-00120,family,Toothpaste,1,110.0,Groceries
family-00120,family,Ghee 1L,1,620.0,Groceries
family-00120,family,Biscuits family pack,1,120.0,Groceries
family-00121,family,Room night,1,11741.0,Travel
family-00122,family,Vegetables,1,295.0,Groceries
family-00122,family,Atta 10kg,1,480.0,Groceries
family-00122,family,Toor dal 1kg,1,165.0,Groceries
family-00122,family,Tea 500g,1,260.0,Groceries
family-00122,family,Sugar 1kg,1,46.0,Groceries
family-00123,family,Biscuits family pack,1,120.0,Groceries
family-00123,family,Detergent 2kg,1,380.0,Groceries
family-00123,family,Toothpaste,1,110.0,Groceries
family-00123,family,Ghee 1L,1,620.0,Groceries
family-00124,family,Postpaid plan,1,508.0,Bills & Utilities
family-00125,family,Toor dal 1kg,1,165.0,Groceries
family-00125,family,Mustard oil 1L,1,185.0,Groceries
family-00125,family,Tea 500g,1,260.0,Groceries
family-00126,family,Paneer tikka,1,310.0,Food & Dining
family-00126,family,Tandoori roti,1,35.0,Food & Dining
family-00126,family,Veg biryani,1,260.0,Food & Dining
family-00126,family,Dal makhani,1,280.0,Food & Dining
family-00127,family,Tea 500g,1,260.0,Groceries
family-00127,family,Rice 5kg,1,390.0,Groceries
family-00128,family,Tandoori roti,1,35.0,Food & Dining
family-00128,family,Paneer tikka,1,310.0,Food & Dining
family-00128,family,Dal makhani,1,280.0,Food & Dining
family-00128,family,Veg biryani,1,260.0,Food & Dining
family-00129,family,Atta 10kg,1,480.0,Groceries
family-00129,family,Mustard oil 1L,1,185.0,Groceries
family-00129,family,Sugar 1kg,1,46.0,Groceries
family-00130,family,Mustard oil 1L,1,185.0,Groceries
family-00130,family,Sugar 1kg,1,46.0,Groceries
family-00130,family,Vegetables,1,235.0,Groceries
family-00130,family,Toor dal 1kg,1,165.0,Groceries
family-00130,family,Atta 10kg,1,480.0,Groceries
family-00131,family,Petrol,1,1295.0,Travel
family-00132,family,Sugar 1kg,1,46.0,Groceries
family-00132,family,Toor dal 1kg,1,165.0,Groceries
family-00132,family,Rice 5kg,1,390.0,Groceries
family-00132,family,Vegetables,1,261.0,Groceries
family-00132,family,Mustard oil 1L,1,185.0,Groceries
family-00133,family,Toor dal 1kg,1,165.0,Groceries
family-00133,family,Rice 5kg,1,390.0,Groceries
family-00134,family,School fees,1,18000.0,Bills & Utilities
family-00135,family,Rasmalai,1,140.0,Food & Dining
family-00135,family,Thali,1,320.0,Food & Dining
family-00135,family,Chole bhature,2,360.0,Food & Dining
family-00136,family,Atta 10kg,1,480.0,Groceries
family-00136,family,Toor dal 1kg,1,165.0,Groceries
family-00137,family,Toor dal 1kg,1,165.0,Groceries
family-00137,family,Tea 500g,1,260.0,Groceries
family-00137,family,Sugar 1kg,1,46.0,Groceries
family-00137,family,Atta 10kg,1,480.0,Groceries
family-00137,family,Rice 5kg,1,390.0,Groceries
family-00138,family,Ghee 1L,1,620.0,Groceries
family-00138,family,Soap 4-pack,1,180.0,Groceries
family-00138,family,Detergent 2kg,1,380.0,Groceries
family-00138,family,Namkeen,1,90.0,Groceries
family-00138,family,Biscuits family pack,1,120.0,Groceries
family-00138,family,Toothpaste,1,110.0,Groceries
family-00139,family,DTH recharge,1,297.0,Entertainment
family-00140,family,Dal makhani,1,280.0,Food & Dining
family-00140,family,Veg biryani,1,260.0,Food & Dining
family-00140,family,Tandoori roti,1,35.0,Food & Dining
family-00140,family,Paneer tikka,1,310.0,Food & Dining
family-00141,family,School shoes,1,1199.0,Shopping
family-00142,family,Life insurance premium,1,12500.0,Bills & Utilities
family-00143,family,iPhone 16,1,79900.0,Shopping
family-00144,family,Mustard oil 1L,1,185.0,Groceries
family-00144,family,Sugar 1kg,1,46.0,Groceries
family-00144,family,Tea 500g,1,260.0,Groceries
family-00144,family,Vegetables,1,337.0,Groceries
family-00144,family,Toor dal 1kg,1,165.0,Groceries
family-00145,family,Chole bhature,1,180.0,Food & Dining
family-00145,family,Thali,2,640.0,Food & Dining
family-00146,family,Mustard oil 1L,1,185.0,Groceries
family-00146,family,Tea 500g,1,260.0,Groceries
family-00146,family,Toor dal 1kg,1,165.0,Groceries
family-00146,family,Sugar 1kg,1,46.0,Groceries
family-00147,family,Masala dosa,1,170.0,Food & Dining
family-00147,family,Thali,2,640.0,Food & Dining
family-00147,family,Chole bhature,1,180.0,Food & Dining
family-00148,family,Vitamin tablets,1,280.0,Health
family-00148,family,Bandages,1,60.0,Health
family-00149,family,Vegetables,1,143.0,Groceries
family-00149,family,Tea 500g,1,260.0,Groceries
family-00150,family,Rice 5kg,1,390.0,Groceries
family-00150,family,Vegetables,1,207.0,Groceries
family-00150,family,Mustard oil 1L,1,185.0,Groceries
family-00151,family,Toothpaste,1,110.0,Groceries
family-00151,family,Namkeen,1,90.0,Groceries
family-00151,family,Biscuits family pack,1,120.0,Groceries
family-00152,family,Vegetables,1,165.0,Groceries
family-00152,family,Sugar 1kg,1,46.0,Groceries
family-00153,family,Sugar 1kg,1,46.0,Groceries
family-00153,family,Rice 5kg,1,390.0,Groceries
family-00153,family,Mustard oil 1L,1,185.0,Groceries
family-00153,family,Tea 500g,1,260.0,Groceries
family-00154,family,Chole bhature,2,360.0,Food & Dining
family-00154,family,Masala dosa,1,170.0,Food & Dining
family-00154,family,Rasmalai,1,140.0,Food & Dining
family-00155,family,Petrol,1,1182.0,Travel
family-00156,family,Rice 5kg,1,390.0,Groceries
family-00156,family,Tea 500g,1,260.0,Groceries
family-00156,family,Toor dal 1kg,1,165.0,Groceries
family-00157,family,Vegetables,1,218.0,Groceries
family-00157,family,Tea 500g,1,260.0,Groceries
family-00157,family,Rice 5kg,1,390.0,Groceries
family-00157,family,Toor dal 1kg,1,165.0,Groceries
family-00157,family,Atta 10kg,1,480.0,Groceries
family-00158,family,Detergent 2kg,1,380.0,Groceries
family-00158,family,Biscuits family pack,1,120.0,Groceries
family-00158,family,Toothpaste,1,110.0,Groceries
family-00158,family,Ghee 1L,1,620.0,Groceries
family-00158,family,Soap 4-pack,1,180.0,Groceries
family-00158,family,Namkeen,1,90.0,Groceries
family-00159,family,Electricity bill,1,3807.0,Bills & Utilities
family-00160,family,Toor dal 1kg,1,165.0,Groceries
family-00160,family,Sugar 1kg,1,46.0,Groceries
family-00161,family,Bandages,1,60.0,Health
family-00161,family,Diabetes medicine,1,420.0,Health
family-00162,family,Veg biryani,1,260.0,Food & Dining
family-00162,family,Tandoori roti,1,35.0,Food & Dining
family-00162,family,Paneer tikka,2,620.0,Food & Dining
family-00163,family,Masala dosa,1,170.0,Food & Dining
family-00163,family,Raj kachori,1,160.0,Food & Dining
family-00163,family,Rasmalai,1,140.0,Food & Dining
family-00164,family,Sugar 1kg,1,46.0,Groceries
family-00164,family,Toor dal 1kg,1,165.0,Groceries
family-00164,family,Rice 5kg,1,390.0,Groceries
family-00164,family,Tea 500g,1,260.0,Groceries
family-00164,family,Vegetables,1,191.0,Groceries
family-00165,family,Postpaid plan,1,508.0,Bills & Utilities
family-00166,family,Saree,1,2499.0,Shopping
family-00166,family,Kurta,1,899.0,Shopping
family-00166,family,Kids t-shirt,1,399.0,Shopping
family-00167,family,Atta 10kg,1,480.0,Groceries
family-00167,family,Rice 5kg,1,390.0,Groceries
family-00167,family,Sugar 1kg,1,46.0,Groceries
family-00167,family,Toor dal 1kg,1,165.0,Groceries
family-00168,family,Sugar 1kg,1,46.0,Groceries
family-00168,family,Toor dal 1kg,1,165.0,Groceries
family-00168,family,Tea 500g,1,260.0,Groceries
family-00168,family,Rice 5kg,1,390.0,Groceries
family-00169,family,Petrol,1,2170.0,Travel
family-00170,family,Tea 500g,1,260.0,Groceries
family-00170,family,Atta 10kg,1,480.0,Groceries
family-00170,family,Toor dal 1kg,1,165.0,Groceries
family-00171,family,Atta 10kg,1,480.0,Groceries
family-00171,family,Vegetables,1,156.0,Groceries
family-00171,family,Sugar 1kg,1,46.0,Groceries
family-00171,family,Toor dal 1kg,1,165.0,Groceries
family-00172,family,Chole bhature,1,180.0,Food & Dining
family-00172,family,Masala dosa,1,170.0,Food & Dining
family-00172,family,Rasmalai,1,140.0,Food & Dining
family-00173,family,Sugar 1kg,1,46.0,Groceries
family-00173,family,Atta 10kg,1,480.0,Groceries
family-00173,family,Vegetables,1,234.0,Groceries
family-00173,family,Toor dal 1kg,1,165.0,Groceries
family-00173,family,Mustard oil 1L,1,185.0,Groceries
family-00174,family,Vegetables,1,191.0,Groceries
family-00174,family,Toor dal 1kg,1,165.0,Groceries
family-00174,family,Tea 500g,1,260.0,Groceries
family-00175,family,Detergent 2kg,1,380.0,Groceries
family-00175,family,Soap 4-pack,1,180.0,Groceries
family-00175,family,Biscuits family pack,1,120.0,Groceries
family-00176,family,Tandoori roti,1,35.0,Food & Dining
family-00176,family,Veg biryani,1,260.0,Food & Dining
family-00176,family,Dal makhani,1,280.0,Food & Dining
family-00177,family,School shoes,1,1199.0,Shopping
family-00177,family,Kids t-shirt,1,399.0,Shopping
family-00177,family,Saree,1,2499.0,Shopping
family-00178,family,Rasmalai,2,280.0,Food & Dining
family-00178,family,Masala dosa,1,170.0,Food & Dining
family-00179,family,Atta 10kg,1,480.0,Groceries
family-00179,family,Tea 500g,1,260.0,Groceries
family-00179,family,Rice 5kg,1,390.0,Groceries
family-00180,family,DTH recharge,1,297.0,Entertainment
family-00181,family,Namkeen,1,90.0,Groceries
family-00181,family,Detergent 2kg,1,380.0,Groceries
family-00181,family,Biscuits family pack,1,120.0,Groceries
family-00181,family,Toothpaste,1,110.0,Groceries
family-00181,family,Soap 4-pack,1,180.0,Groceries
family-00181,family,Ghee 1L,1,620.0,Groceries
family-00182,family,Petrol,1,2339.0,Travel
family-00183,family,Masala dosa,2,340.0,Food & Dining
family-00183,family,Rasmalai,2,280.0,Food & Dining
family-00183,family,Raj kachori,1,160.0,Food & Dining
family-00184,family,Paneer tikka,1,310.0,Food & Dining
family-00184,family,Veg biryani,1,260.0,Food & Dining
family-00185,family,Raj kachori,1,160.0,Food & Dining
family-00185,family,Chole bhature,1,180.0,Food & Dining
family-00186,family,Petrol,1,2080.0,Travel
family-00187,family,Car repair,1,22924.0,Travel
family-00188,family,Rasmalai,1,140.0,Food & Dining
family-00188,family,Thali,1,320.0,Food & Dining
family-00188,family,Masala dosa,1,170.0,Food & Dining
family-00188,family,Raj kachori,1,160.0,Food & Dining
family-00189,family,Consultation,1,624.0,Health
family-00190,family,Petrol,1,1503.0,Travel
family-00191,family,Petrol,1,1352.0,Travel
family-00192,family,Rice 5kg,1,390.0,Groceries
family-00192,family,Vegetables,1,279.0,Groceries
family-00192,family,Sugar 1kg,1,46.0,Groceries
family-00192,family,Tea 500g,1,260.0,Groceries
family-00192,family,Mustard oil 1L,1,185.0,Groceries
family-00193,family,Tea 500g,1,260.0,Groceries
family-00193,family,Sugar 1kg,1,46.0,Groceries
family-00194,family,Electricity bill,1,3832.0,Bills & Utilities
family-00195,family,Bandages,1,60.0,Health
family-00195,family,Diabetes medicine,1,420.0,Health
family-00196,family,Mustard oil 1L,1,185.0,Groceries
family-00196,family,Tea 500g,1,260.0,Groceries
family-00197,family,Sugar 1kg,1,46.0,Groceries
family-00197,family,Vegetables,1,260.0,Groceries
family-00197,family,Toor dal 1kg,1,165.0,Groceries
family-00197,family,Tea 500g,1,260.0,Groceries
family-00198,family,Sugar 1kg,1,46.0,Groceries
family-00198,family,Mustard oil 1L,1,185.0,Groceries
family-00198,family,Vegetables,1,275.0,Groceries
family-00199,family,Petrol,1,1393.0,Travel
family-00200,family,Vegetables,1,271.0,Groceries
family-00200,family,Mustard oil 1L,1,185.0,Groceries
family-00201,family,Postpaid plan,1,508.0,Bills & Utilities
family-00202,family,Sugar 1kg,1,46.0,Groceries
family-00202,family,Tea 500g,1,260.0,Groceries
family-00202,family,Mustard oil 1L,1,185.0,Groceries
family-00202,family,Toor dal 1kg,1,165.0,Groceries
family-00202,family,Atta 10kg,1,480.0,Groceries
family-00203,family,Detergent 2kg,1,380.0,Groceries
family-00203,family,Namkeen,1,90.0,Groceries
family-00203,family,Soap 4-pack,1,180.0,Groceries
family-00203,family,Ghee 1L,1,620.0,Groceries
family-00203,family,Toothpaste,1,110.0,Groceries
family-00204,family,Petrol,1,2292.0,Travel
family-00205,family,Tea 500g,1,260.0,Groceries
family-00205,family,Mustard oil 1L,1,185.0,Groceries
family-00205,family,Rice 5kg,1,390.0,Groceries
family-00206,family,Consultation,1,731.0,Health
family-00207,family,Tea 500g,1,260.0,Groceries
family-00207,family,Mustard oil 1L,1,185.0,Groceries
family-00207,family,Rice 5kg,1,390.0,Groceries
family-00208,family,Rice 5kg,1,390.0,Groceries
family-00208,family,Tea 500g,1,260.0,Groceries
family-00208,family,Mustard oil 1L,1,185.0,Groceries
family-00208,family,Atta 10kg,1,480.0,Groceries
family-00208,family,Vegetables,1,167.0,Groceries
family-00209,family,Tea 500g,1,260.0,Groceries
family-00209,family,Sugar 1kg,1,46.0,Groceries
family-00209,family,Toor dal 1kg,1,165.0,Groceries
family-00209,family,Atta 10kg,1,480.0,Groceries
family-00209,family,Vegetables,1,266.0,Groceries
family-00210,family,Mustard oil 1L,1,185.0,Groceries
family-00210,family,Vegetables,1,287.0,Groceries
family-00211,family,Toor dal 1kg,1,165.0,Groceries
family-00211,family,Vegetables,1,278.0,Groceries
family-00211,family,Sugar 1kg,1,46.0,Groceries
family-00211,family,Rice 5kg,1,390.0,Groceries
family-00212,family,Tea 500g,1,260.0,Groceries
family-00212,family,Atta 10kg,1,480.0,Groceries
family-00213,family,Detergent 2kg,1,380.0,Groceries
family-00213,family,Soap 4-pack,1,180.0,Groceries
family-00213,family,Toothpaste,1,110.0,Groceries
family-00214,family,Petrol,1,1620.0,Travel
family-00215,family,Masala dosa,1,170.0,Food & Dining
family-00215,family,Thali,1,320.0,Food & Dining
family-00216,family,Raj kachori,1,160.0,Food & Dining
family-00216,family,Thali,1,320.0,Food & Dining
family-00217,family,Veg biryani,1,260.0,Food & Dining
family-00217,family,Tandoori roti,1,35.0,Food & Dining
family-00217,family,Dal makhani,2,560.0,Food & Dining
family-00218,family,Petrol,1,1120.0,Travel
family-00219,family,Sugar 1kg,1,46.0,Groceries
family-00219,family,Toor dal 1kg,1,165.0,Groceries
family-00220,family,DTH recharge,1,297.0,Entertainment
family-00221,family,Petrol,1,1730.0,Travel
family-00222,family,Tea 500g,1,260.0,Groceries
family-00222,family,Vegetables,1,176.0,Groceries
family-00222,family,Rice 5kg,1,390.0,Groceries
family-00222,family,Sugar 1kg,1,46.0,Groceries
family-00222,family,Toor dal 1kg,1,165.0,Groceries
family-00223,family,Atta 10kg,1,480.0,Groceries
family-00223,family,Rice 5kg,1,390.0,Groceries
family-00223,family,Toor dal 1kg,1,165.0,Groceries
family-00224,family,Petrol,1,1948.0,Travel
family-00225,family,Paneer tikka,1,310.0,Food & Dining
family-00225,family,Dal makhani,1,280.0,Food & Dining
family-00226,family,Consultation,1,708.0,Health
family-00227,family,Veg biryani,1,260.0,Food & Dining
family-00227,family,Tandoori roti,2,70.0,Food & Dining
family-00227,family,Paneer tikka,1,310.0,Food & Dining
family-00227,family,Dal makhani,1,280.0,Food & Dining
family-00228,family,Petrol,1,1112.0,Travel
family-00229,family,Bandages,1,60.0,Health
family-00230,family,Detergent 2kg,1,380.0,Groceries
family-00230,family,Toothpaste,1,110.0,Groceries
family-00230,family,Biscuits family pack,1,120.0,Groceries
family-00230,family,Ghee 1L,1,620.0,Groceries
family-00231,family,Kurta,1,899.0,Shopping
family-00232,family,Petrol,1,1920.0,Travel
family-00233,family,Petrol,1,1495.0,Travel
family-00234,family,Petrol,1,2055.0,Travel
family-00235,family,Detergent 2kg,1,380.0,Groceries
family-00235,family,Namkeen,1,90.0,Groceries
family-00235,family,Soap 4-pack,1,180.0,Groceries
family-00236,family,Raj kachori,1,160.0,Food & Dining
family-00236,family,Masala dosa,2,340.0,Food & Dining
family-00236,family,Chole bhature,2,360.0,Food & Dining
family-00236,family,Thali,1,320.0,Food & Dining
family-00237,family,Electricity bill,1,2446.0,Bills & Utilities
family-00238,family,Toothpaste,1,110.0,Groceries
family-00238,family,Namkeen,1,90.0,Groceries
family-00238,family,Soap 4-pack,1,180.0,Groceries
family-00238,family,Biscuits family pack,1,120.0,Groceries
family-00238,family,Detergent 2kg,1,380.0,Groceries
family-00239,family,Paneer tikka,1,310.0,Food & Dining
family-00239,family,Tandoori roti,2,70.0,Food & Dining
family-00239,family,Dal makhani,1,280.0,Food & Dining
family-00239,family,Veg biryani,2,520.0,Food & Dining
family-00240,family,Car repair,1,18791.0,Travel
family-00241,family,Toor dal 1kg,1,165.0,Groceries
family-00241,family,Rice 5kg,1,390.0,Groceries
family-00241,family,Mustard oil 1L,1,185.0,Groceries
family-00241,family,Sugar 1kg,1,46.0,Groceries
family-00242,family,Postpaid plan,1,508.0,Bills & Utilities
family-00243,family,Vegetables,1,180.0,Groceries
family-00243,family,Tea 500g,1,260.0,Groceries
family-00243,family,Sugar 1kg,1,46.0,Groceries
family-00244,family,Toor dal 1kg,1,165.0,Groceries
family-00244,family,Tea 500g,1,260.0,Groceries
family-00244,family,Mustard oil 1L,1,185.0,Groceries
family-00244,family,Sugar 1kg,1,46.0,Groceries
family-00244,family,Vegetables,1,231.0,Groceries
family-00245,family,Tea 500g,1,260.0,Groceries
family-00245,family,Toor dal 1kg,1,165.0,Groceries
family-00245,family,Sugar 1kg,1,46.0,Groceries
family-00245,family,Rice 5kg,1,390.0,Groceries
family-00246,family,Sugar 1kg,1,46.0,Groceries
family-00246,family,Toor dal 1kg,1,165.0,Groceries
family-00246,family,Tea 500g,1,260.0,Groceries
family-00246,family,Mustard oil 1L,1,185.0,Groceries
family-00247,family,Atta 10kg,1,480.0,Groceries
family-00247,family,Sugar 1kg,1,46.0,Groceries
family-00247,family,Rice 5kg,1,390.0,Groceries
family-00247,family,Toor dal 1kg,1,165.0,Groceries
family-00248,family,Biscuits family pack,1,120.0,Groceries
family-00248,family,Toothpaste,1,110.0,Groceries
family-00248,family,Ghee 1L,1,620.0,Groceries
family-00248,family,Namkeen,1,90.0,Groceries
family-00248,family,Detergent 2kg,1,380.0,Groceries
family-00248,family,Soap 4-pack,1,180.0,Groceries
family-00249,family,Tea 500g,1,260.0,Groceries
family-00249,family,Toor dal 1kg,1,165.0,Groceries
family-00249,family,Mustard oil 1L,1,185.0,Groceries
family-00249,family,Sugar 1kg,1,46.0,Groceries
family-00249,family,Rice 5kg,1,390.0,Groceries
family-00250,family,Ghee 1L,1,620.0,Groceries
family-00250,family,Detergent 2kg,1,380.0,Groceries
family-00250,family,Soap 4-pack,1,180.0,Groceries
family-00251,family,Namkeen,1,90.0,Groceries
family-00251,family,Toothpaste,1,110.0,Groceries
family-00251,family,Biscuits family pack,1,120.0,Groceries
family-00251,family,Soap 4-pack,1,180.0,Groceries
family-00252,family,Diabetes medicine,1,420.0,Health
family-00252,family,Bandages,1,60.0,Health
family-00253,family,Kurta,1,899.0,Shopping
family-00253,family,School shoes,1,1199.0,Shopping
family-00253,family,Kids t-shirt,1,399.0,Shopping
family-00254,family,Tea 500g,1,260.0,Groceries
family-00254,family,Toor dal 1kg,1,165.0,Groceries
family-00254,family,Mustard oil 1L,1,185.0,Groceries
family-00254,family,Sugar 1kg,1,46.0,Groceries
family-00254,family,Rice 5kg,1,390.0,Groceries
family-00255,family,Mustard oil 1L,1,185.0,Groceries
family-00255,family,Toor dal 1kg,1,165.0,Groceries
family-00255,family,Rice 5kg,1,390.0,Groceries
family-00255,family,Atta 10kg,1,480.0,Groceries
family-00256,family,Sugar 1kg,1,46.0,Groceries
family-00256,family,Vegetables,1,239.0,Groceries
family-00256,family,Toor dal 1kg,1,165.0,Groceries
family-00257,family,Petrol,1,1808.0,Travel
family-00258,family,Toor dal 1kg,1,165.0,Groceries
family-00258,family,Tea 500g,1,260.0,Groceries
family-00258,family,Atta 10kg,1,480.0,Groceries
family-00258,family,Sugar 1kg,1,46.0,Groceries
family-00258,family,Mustard oil 1L,1,185.0,Groceries
family-00259,family,Sugar 1kg,1,46.0,Groceries
family-00259,family,Tea 500g,1,260.0,Groceries
family-00259,family,Mustard oil 1L,1,185.0,Groceries
family-00259,family,Atta 10kg,1,480.0,Groceries
family-00259,family,Toor dal 1kg,1,165.0,Groceries
family-00260,family,Veg biryani,1,260.0,Food & Dining
family-00260,family,Dal makhani,1,280.0,Food & Dining
family-00260,family,Tandoori roti,1,35.0,Food & Dining
family-00260,family,Paneer tikka,1,310.0,Food & Dining
family-00261,family,Toor dal 1kg,1,165.0,Groceries
family-00261,family,Vegetables,1,180.0,Groceries
family-00262,family,Toor dal 1kg,1,165.0,Groceries
family-00262,family,Atta 10kg,1,480.0,Groceries
family-00262,family,Rice 5kg,1,390.0,Groceries
family-00262,family,Vegetables,1,349.0,Groceries
family-00263,family,Namkeen,1,90.0,Groceries
family-00263,family,Ghee 1L,1,620.0,Groceries
family-00263,family,Biscuits family pack,1,120.0,Groceries
family-00263,family,Soap 4-pack,1,180.0,Groceries
family-00263,family,Toothpaste,1,110.0,Groceries
family-00264,family,Veg biryani,1,260.0,Food & Dining
family-00264,family,Dal makhani,1,280.0,Food & Dining
family-00264,family,Tandoori roti,1,35.0,Food & Dining
family-00265,family,Toor dal 1kg,1,165.0,Groceries
family-00265,family,Mustard oil 1L,1,185.0,Groceries
family-00265,family,Tea 500g,1,260.0,Groceries
family-00266,family,Vegetables,1,248.0,Groceries
family-00266,family,Mustard oil 1L,1,185.0,Groceries
family-00266,family,Sugar 1kg,1,46.0,Groceries
family-00266,family,Toor dal 1kg,1,165.0,Groceries
family-00266,family,Tea 500g,1,260.0,Groceries
family-00267,family,Petrol,1,1729.0,Travel
family-00268,family,School fees,1,18000.0,Bills & Utilities
family-00269,family,Vegetables,1,341.0,Groceries
family-00269,family,Mustard oil 1L,1,185.0,Groceries
family-00270,family,Kids t-shirt,1,399.0,Shopping
family-00270,family,Kurta,1,899.0,Shopping
family-00271,family,DTH recharge,1,297.0,Entertainment
family-00272,family,Kids t-shirt,1,399.0,Shopping
family-00272,family,Kurta,1,899.0,Shopping
family-00273,family,Toor dal 1kg,1,165.0,Groceries
family-00273,family,Sugar 1kg,1,46.0,Groceries
family-00273,family,Vegetables,1,156.0,Groceries
family-00273,family,Tea 500g,1,260.0,Groceries
family-00273,family,Mustard oil 1L,1,185.0,Groceries
family-00274,family,Sugar 1kg,1,46.0,Groceries
family-00274,family,Tea 500g,1,260.0,Groceries
family-00274,family,Mustard oil 1L,1,185.0,Groceries
family-00274,family,Rice 5kg,1,390.0,Groceries
family-00275,family,Petrol,1,1071.0,Travel
family-00276,family,Life insurance premium,1,12500.0,Bills & Utilities
family-00277,family,Sugar 1kg,1,46.0,Groceries
family-00277,family,Vegetables,1,192.0,Groceries
family-00278,family,Sugar 1kg,1,46.0,Groceries
family-00278,family,Tea 500g,1,260.0,Groceries
family-00278,family,Toor dal 1kg,1,165.0,Groceries
family-00278,family,Rice 5kg,1,390.0,Groceries
family-00278,family,Mustard oil 1L,1,185.0,Groceries
family-00279,family,Toor dal 1kg,1,165.0,Groceries
family-00279,family,Rice 5kg,1,390.0,Groceries
family-00279,family,Sugar 1kg,1,46.0,Groceries
family-00279,family,Mustard oil 1L,1,185.0,Groceries
family-00279,family,Atta 10kg,1,480.0,Groceries
family-00280,family,Petrol,1,1195.0,Travel
family-00281,family,Paneer tikka,1,310.0,Food & Dining
family-00281,family,Dal makhani,1,280.0,Food & Dining
family-00281,family,Tandoori roti,1,35.0,Food & Dining
family-00281,family,Veg biryani,1,260.0,Food & Dining
family-00282,family,Petrol,1,1496.0,Travel
family-00283,family,Petrol,1,2495.0,Travel
family-00284,family,Biscuits family pack,1,120.0,Groceries
family-00284,family,Namkeen,1,90.0,Groceries
family-00284,family,Detergent 2kg,1,380.0,Groceries
family-00284,family,Soap 4-pack,1,180.0,Groceries
family-00284,family,Ghee 1L,1,620.0,Groceries
family-00285,family,Namkeen,1,90.0,Groceries
family-00285,family,Biscuits family pack,1,120.0,Groceries
family-00285,family,Soap 4-pack,1,180.0,Groceries
family-00285,family,Detergent 2kg,1,380.0,Groceries
family-00285,family,Toothpaste,1,110.0,Groceries
family-00286,family,Paneer tikka,2,620.0,Food & Dining
family-00286,family,Tandoori roti,2,70.0,Food & Dining
family-00286,family,Veg biryani,1,260.0,Food & Dining
family-00287,family,Vitamin tablets,1,280.0,Health
family-00288,family,Electricity bill,1,3925.0,Bills & Utilities
family-00289,family,Ghee 1L,1,620.0,Groceries
family-00289,family,Namkeen,1,90.0,Groceries
family-00289,family,Soap 4-pack,1,180.0,Groceries
family-00289,family,Biscuits family pack,1,120.0,Groceries
family-00290,family,Soap 4-pack,1,180.0,Groceries
family-00290,family,Detergent 2kg,1,380.0,Groceries
family-00290,family,Biscuits family pack,1,120.0,Groceries
family-00290,family,Ghee 1L,1,620.0,Groceries
family-00291,family,Vegetables,1,185.0,Groceries
family-00291,family,Mustard oil 1L,1,185.0,Groceries
family-00292,family,Toor dal 1kg,1,165.0,Groceries
family-00292,family,Tea 500g,1,260.0,Groceries
family-00292,family,Vegetables,1,185.0,Groceries
family-00292,family,Sugar 1kg,1,46.0,Groceries
family-00293,family,Mustard oil 1L,1,185.0,Groceries
family-00293,family,Tea 500g,1,260.0,Groceries
family-00293,family,Rice 5kg,1,390.0,Groceries
family-00294,family,Postpaid plan,1,508.0,Bills & Utilities
family-00295,family,Gold earrings,1,58157.0,Shopping
family-00296,family,iPhone 16,1,79900.0,Shopping
family-00297,family,Mustard oil 1L,1,185.0,Groceries
family-00297,family,Vegetables,1,326.0,Groceries
family-00297,family,Atta 10kg,1,480.0,Groceries
family-00297,family,Sugar 1kg,1,46.0,Groceries
family-00297,family,Rice 5kg,1,390.0,Groceries
family-00298,family,Kids t-shirt,1,399.0,Shopping
family-00298,family,Kurta,1,899.0,Shopping
family-00299,family,Atta 10kg,1,480.0,Groceries
family-00299,family,Sugar 1kg,1,46.0,Groceries
family-00300,family,Tandoori roti,1,35.0,Food & Dining
family-00300,family,Paneer tikka,1,310.0,Food & Dining
family-00300,family,Veg biryani,1,260.0,Food & Dining
family-00301,family,Atta 10kg,1,480.0,Groceries
family-00301,family,Toor dal 1kg,1,165.0,Groceries
family-00302,family,Rice 5kg,1,390.0,Groceries
family-00302,family,Atta 10kg,1,480.0,Groceries
family-00302,family,Tea 500g,1,260.0,Groceries
family-00303,family,Soap 4-pack,1,180.0,Groceries
family-00303,family,Toothpaste,1,110.0,Groceries
family-00303,family,Ghee 1L,1,620.0,Groceries
family-00303,family,Biscuits family pack,1,120.0,Groceries
family-00303,family,Detergent 2kg,1,380.0,Groceries
family-00303,family,Namkeen,1,90.0,Groceries
family-00304,family,Biscuits family pack,1,120.0,Groceries
family-00304,family,Namkeen,1,90.0,Groceries
family-00304,family,Ghee 1L,1,620.0,Groceries
family-00304,family,Toothpaste,1,110.0,Groceries
family-00304,family,Detergent 2kg,1,380.0,Groceries
family-00305,family,Tandoori roti,1,35.0,Food & Dining
family-00305,family,Paneer tikka,1,310.0,Food & Dining
family-00305,family,Veg biryani,1,260.0,Food & Dining
family-00305,family,Dal makhani,1,280.0,Food & Dining
family-00306,family,Petrol,1,2440.0,Travel
family-00307,family,Atta 10kg,1,480.0,Groceries
family-00307,family,Mustard oil 1L,1,185.0,Groceries
family-00307,family,Rice 5kg,1,390.0,Groceries
family-00307,family,Toor dal 1kg,1,165.0,Groceries
family-00308,family,Paneer tikka,2,620.0,Food & Dining
family-00308,family,Veg biryani,1,260.0,Food & Dining
family-00309,family,Petrol,1,1652.0,Travel
family-00310,family,Saree,1,2499.0,Shopping
family-00310,family,School shoes,1,1199.0,Shopping
family-00311,family,DTH recharge,1,297.0,Entertainment
family-00312,family,Bandages,1,60.0,Health
family-00312,family,Diabetes medicine,1,420.0,Health
family-00313,family,Masala dosa,1,170.0,Food & Dining
family-00313,family,Thali,1,320.0,Food & Dining
family-00313,family,Rasmalai,1,140.0,Food & Dining
family-00313,family,Chole bhature,1,180.0,Food & Dining
family-00314,family,Atta 10kg,1,480.0,Groceries
family-00314,family,Mustard oil 1L,1,185.0,Groceries
family-00314,family,Tea 500g,1,260.0,Groceries
family-00315,family,Rasmalai,2,280.0,Food & Dining
family-00315,family,Thali,1,320.0,Food & Dining
family-00316,family,Rice 5kg,1,390.0,Groceries
family-00316,family,Sugar 1kg,1,46.0,Groceries
family-00316,family,Tea 500g,1,260.0,Groceries
family-00317,family,Petrol,1,1664.0,Travel
family-00318,family,Petrol,1,1931.0,Travel
family-00319,family,Saree,1,2499.0,Shopping
family-00320,family,Masala dosa,1,170.0,Food & Dining
family-00320,family,Raj kachori,1,160.0,Food & Dining
family-00321,family,Thali,1,320.0,Food & Dining
family-00321,family,Chole bhature,1,180.0,Food & Dining
family-00321,family,Rasmalai,1,140.0,Food & Dining
family-00322,family,Kurta,1,899.0,Shopping
family-00322,family,Saree,1,2499.0,Shopping
family-00322,family,School shoes,1,1199.0,Shopping
family-00323,family,Sugar 1kg,1,46.0,Groceries
family-00323,family,Toor dal 1kg,1,165.0,Groceries
family-00323,family,Tea 500g,1,260.0,Groceries
family-00323,family,Vegetables,1,269.0,Groceries
family-00323,family,Atta 10kg,1,480.0,Groceries
family-00324,family,Electricity bill,1,3944.0,Bills & Utilities
family-00325,family,Toor dal 1kg,1,165.0,Groceries
family-00325,family,Vegetables,1,346.0,Groceries
family-00325,family,Rice 5kg,1,390.0,Groceries
family-00326,family,Tandoori roti,1,35.0,Food & Dining
family-00326,family,Paneer tikka,1,310.0,Food & Dining
family-00326,family,Dal makhani,2,560.0,Food & Dining
family-00326,family,Veg biryani,1,260.0,Food & Dining
family-00327,family,Saree,1,2499.0,Shopping
family-00327,family,Kurta,1,899.0,Shopping
family-00328,family,Rice 5kg,1,390.0,Groceries
family-00328,family,Sugar 1kg,1,46.0,Groceries
family-00328,family,Vegetables,1,306.0,Groceries
family-00329,family,Soap 4-pack,1,180.0,Groceries
family-00329,family,Namkeen,1,90.0,Groceries
family-00329,family,Biscuits family pack,1,120.0,Groceries
family-00329,family,Toothpaste,1,110.0,Groceries
family-00330,family,Tea 500g,1,260.0,Groceries
family-00330,family,Vegetables,1,247.0,Groceries
family-00331,family,Postpaid plan,1,508.0,Bills & Utilities
family-00332,family,Soap 4-pack,1,180.0,Groceries
family-00332,family,Toothpaste,1,110.0,Groceries
family-00332,family,Namkeen,1,90.0,Groceries
family-00332,family,Biscuits family pack,1,120.0,Groceries
family-00332,family,Ghee 1L,1,620.0,Groceries
family-00332,family,Detergent 2kg,1,380.0,Groceries
family-00333,family,Bandages,1,60.0,Health
family-00333,family,Vitamin tablets,1,280.0,Health
family-00334,family,Sugar 1kg,1,46.0,Groceries
family-00334,family,Tea 500g,1,260.0,Groceries
family-00334,family,Rice 5kg,1,390.0,Groceries
family-00334,family,Atta 10kg,1,480.0,Groceries
family-00335,family,Atta 10kg,1,480.0,Groceries
family-00335,family,Mustard oil 1L,1,185.0,Groceries
family-00335,family,Rice 5kg,1,390.0,Groceries
family-00335,family,Vegetables,1,227.0,Groceries
family-00336,family,Soap 4-pack,1,180.0,Groceries
family-00336,family,Toothpaste,1,110.0,Groceries
family-00336,family,Detergent 2kg,1,380.0,Groceries
family-00336,family,Ghee 1L,1,620.0,Groceries
family-00336,family,Biscuits family pack,1,120.0,Groceries
family-00336,family,Namkeen,1,90.0,Groceries
family-00337,family,Detergent 2kg,1,380.0,Groceries
family-00337,family,Namkeen,1,90.0,Groceries
family-00337,family,Biscuits family pack,1,120.0,Groceries
family-00338,family,Soap 4-pack,1,180.0,Groceries
family-00338,family,Biscuits family pack,1,120.0,Groceries
family-00338,family,Toothpaste,1,110.0,Groceries
family-00338,family,Namkeen,1,90.0,Groceries
family-00338,family,Ghee 1L,1,620.0,Groceries
family-00338,family,Detergent 2kg,1,380.0,Groceries
family-00339,family,Sugar 1kg,1,46.0,Groceries
family-00339,family,Atta 10kg,1,480.0,Groceries
family-00339,family,Vegetables,1,211.0,Groceries
family-00339,family,Toor dal 1kg,1,165.0,Groceries
family-00339,family,Mustard oil 1L,1,185.0,Groceries
family-00340,family,Petrol,1,2371.0,Travel
family-00341,family,Vegetables,1,238.0,Groceries
family-00341,family,Toor dal 1kg,1,165.0,Groceries
family-00341,family,Sugar 1kg,1,46.0,Groceries
family-00342,family,Mustard oil 1L,1,185.0,Groceries
family-00342,family,Atta 10kg,1,480.0,Groceries
family-00342,family,Tea 500g,1,260.0,Groceries
family-00342,family,Rice 5kg,1,390.0,Groceries
family-00343,family,Mustard oil 1L,1,185.0,Groceries
family-00343,family,Vegetables,1,298.0,Groceries
family-00344,family,Rasmalai,2,280.0,Food & Dining
family-00344,family,Masala dosa,1,170.0,Food & Dining
family-00344,family,Chole bhature,2,360.0,Food & Dining
family-00345,family,Veg biryani,1,260.0,Food & Dining
family-00345,family,Paneer tikka,2,620.0,Food & Dining
family-00345,family,Tandoori roti,1,35.0,Food & Dining
family-00346,family,Ghee 1L,1,620.0,Groceries
family-00346,family,Detergent 2kg,1,380.0,Groceries
family-00346,family,Biscuits family pack,1,120.0,Groceries
family-00346,family,Namkeen,1,90.0,Groceries
family-00346,family,Soap 4-pack,1,180.0,Groceries
family-00346,family,Toothpaste,1,110.0,Groceries
family-00347,family,Vitamin tablets,1,280.0,Health
family-00347,family,Bandages,1,60.0,Health
family-00348,family,DTH recharge,1,297.0,Entertainment
family-00349,family,Mustard oil 1L,1,185.0,Groceries
family-00349,family,Toor dal 1kg,1,165.0,Groceries
family-00349,family,Sugar 1kg,1,46.0,Groceries
family-00349,family,Atta 10kg,1,480.0,Groceries
family-00350,family,Rice 5kg,1,390.0,Groceries
family-00350,family,Sugar 1kg,1,46.0,Groceries
family-00350,family,Toor dal 1kg,1,165.0,Groceries
family-00350,family,Vegetables,1,128.0,Groceries
family-00350,family,Tea 500g,1,260.0,Groceries
family-00351,family,Dal makhani,1,280.0,Food & Dining
family-00351,family,Veg biryani,1,260.0,Food & Dining
family-00352,family,Detergent 2kg,1,380.0,Groceries
family-00352,family,Soap 4-pack,1,180.0,Groceries
family-00352,family,Namkeen,1,90.0,Groceries
family-00352,family,Ghee 1L,1,620.0,Groceries
family-00352,family,Biscuits family pack,1,120.0,Groceries
family-00353,family,Vegetables,1,138.0,Groceries
family-00353,family,Toor dal 1kg,1,165.0,Groceries
family-00353,family,Mustard oil 1L,1,185.0,Groceries
family-00353,family,Tea 500g,1,260.0,Groceries
family-00354,family,Tandoori roti,1,35.0,Food & Dining
family-00354,family,Veg biryani,1,260.0,Food & Dining
family-00355,family,Mustard oil 1L,1,185.0,Groceries
family-00355,family,Toor dal 1kg,1,165.0,Groceries
family-00355,family,Rice 5kg,1,390.0,Groceries
family-00356,family,Tea 500g,1,260.0,Groceries
family-00356,family,Mustard oil 1L,1,185.0,Groceries
family-00356,family,Rice 5kg,1,390.0,Groceries
family-00356,family,Toor dal 1kg,1,165.0,Groceries
family-00357,family,Petrol,1,1222.0,Travel
family-00358,family,Bandages,1,60.0,Health
family-00358,family,Vitamin tablets,1,280.0,Health
family-00359,family,Tea 500g,1,260.0,Groceries
family-00359,family,Atta 10kg,1,480.0,Groceries
family-00359,family,Toor dal 1kg,1,165.0,Groceries
family-00360,family,Petrol,1,1887.0,Travel
family-00361,family,Electricity bill,1,2008.0,Bills & Utilities
family-00362,family,Namkeen,1,90.0,Groceries
family-00362,family,Toothpaste,1,110.0,Groceries
family-00362,family,Ghee 1L,1,620.0,Groceries
family-00362,family,Detergent 2kg,1,380.0,Groceries
family-00362,family,Biscuits family pack,1,120.0,Groceries
family-00363,family,Bandages,1,60.0,Health
family-00363,family,BP tablets strip,1,180.0,Health
family-00364,family,Postpaid plan,1,508.0,Bills & Utilities
family-00365,family,Petrol,1,2362.0,Travel
family-00366,family,Tea 500g,1,260.0,Groceries
family-00366,family,Toor dal 1kg,1,165.0,Groceries
family-00366,family,Mustard oil 1L,1,185.0,Groceries
family-00366,family,Vegetables,1,243.0,Groceries
family-00366,family,Sugar 1kg,1,46.0,Groceries
family-00367,family,Vegetables,1,193.0,Groceries
family-00367,family,Rice 5kg,1,390.0,Groceries
family-00368,family,Namkeen,1,90.0,Groceries
family-00368,family,Biscuits family pack,1,120.0,Groceries
family-00368,family,Detergent 2kg,1,380.0,Groceries
family-00368,family,Toothpaste,1,110.0,Groceries
family-00368,family,Soap 4-pack,1,180.0,Groceries
family-00368,family,Ghee 1L,1,620.0,Groceries
family-00369,family,Vegetables,1,173.0,Groceries
family-00369,family,Mustard oil 1L,1,185.0,Groceries
family-00369,family,Rice 5kg,1,390.0,Groceries
family-00369,family,Toor dal 1kg,1,165.0,Groceries
family-00370,family,Dal makhani,1,280.0,Food & Dining
family-00370,family,Paneer tikka,2,620.0,Food & Dining
family-00370,family,Tandoori roti,1,35.0,Food & Dining
family-00371,family,iPhone 16,1,79900.0,Shopping
family-00372,family,School fees,1,18000.0,Bills & Utilities
family-00373,family,Mustard oil 1L,1,185.0,Groceries
family-00373,family,Sugar 1kg,1,46.0,Groceries
family-00373,family,Toor dal 1kg,1,165.0,Groceries
family-00374,family,Sugar 1kg,1,46.0,Groceries
family-00374,family,Mustard oil 1L,1,185.0,Groceries
family-00374,family,Atta 10kg,1,480.0,Groceries
family-00374,family,Tea 500g,1,260.0,Groceries
family-00375,family,Tea 500g,1,260.0,Groceries
family-00375,family,Toor dal 1kg,1,165.0,Groceries
family-00376,family,Paneer tikka,2,620.0,Food & Dining
family-00376,family,Dal makhani,1,280.0,Food & Dining
family-00376,family,Tandoori roti,2,70.0,Food & Dining
family-00377,family,Petrol,1,2497.0,Travel
family-00378,family,DTH recharge,1,297.0,Entertainment
family-00379,family,Life insurance premium,1,12500.0,Bills & Utilities
family-00380,family,Vegetables,1,294.0,Groceries
family-00380,family,Rice 5kg,1,390.0,Groceries
family-00380,family,Sugar 1kg,1,46.0,Groceries
family-00381,family,Mustard oil 1L,1,185.0,Groceries
family-00381,family,Tea 500g,1,260.0,Groceries
family-00381,family,Atta 10kg,1,480.0,Groceries
family-00382,family,Thali,1,2532,Food & Dining
family-00382,family,Raj kachori,1,697,Food & Dining
family-00382,family,Rasmalai,2,1565,Food & Dining
family-00383,family,Namkeen,1,90.0,Groceries
family-00383,family,Soap 4-pack,1,180.0,Groceries
family-00383,family,Toothpaste,1,110.0,Groceries
family-00383,family,Biscuits family pack,1,120.0,Groceries
family-00383,family,Ghee 1L,1,620.0,Groceries
family-00384,family,Ghee 1L,1,620.0,Groceries
family-00384,family,Namkeen,1,90.0,Groceries
family-00384,family,Toothpaste,1,110.0,Groceries
family-00384,family,Detergent 2kg,1,380.0,Groceries
family-00385,family,Atta 10kg,1,480.0,Groceries
family-00385,family,Rice 5kg,1,390.0,Groceries
family-00385,family,Sugar 1kg,1,46.0,Groceries
family-00386,family,Sugar 1kg,1,46.0,Groceries
family-00386,family,Tea 500g,1,260.0,Groceries
family-00387,family,Atta 10kg,1,480.0,Groceries
family-00387,family,Tea 500g,1,260.0,Groceries
family-00387,family,Mustard oil 1L,1,185.0,Groceries
family-00388,family,Kids t-shirt,1,399.0,Shopping
family-00389,family,Biscuits family pack,1,120.0,Groceries
family-00389,family,Namkeen,1,90.0,Groceries
family-00389,family,Ghee 1L,1,620.0,Groceries
family-00389,family,Toothpaste,1,110.0,Groceries
family-00390,family,Rasmalai,1,140.0,Food & Dining
family-00390,family,Thali,1,320.0,Food & Dining
family-00391,family,Tandoori roti,1,35.0,Food & Dining
family-00391,family,Paneer tikka,1,310.0,Food & Dining
family-00391,family,Veg biryani,1,260.0,Food & Dining
family-00391,family,Dal makhani,1,280.0,Food & Dining
family-00392,family,Rice 5kg,1,390.0,Groceries
family-00392,family,Tea 500g,1,260.0,Groceries
family-00392,family,Toor dal 1kg,1,165.0,Groceries
family-00392,family,Vegetables,1,299.0,Groceries
family-00392,family,Atta 10kg,1,480.0,Groceries
family-00393,family,Petrol,1,1196.0,Travel
family-00394,family,Electricity bill,1,2138.0,Bills & Utilities
family-00395,family,Rice 5kg,1,390.0,Groceries
family-00395,family,Tea 500g,1,260.0,Groceries
family-00395,family,Atta 10kg,1,480.0,Groceries
family-00395,family,Toor dal 1kg,1,165.0,Groceries
family-00395,family,Sugar 1kg,1,46.0,Groceries
family-00396,family,Rice 5kg,1,390.0,Groceries
family-00396,family,Tea 500g,1,260.0,Groceries
family-00396,family,Sugar 1kg,1,46.0,Groceries
family-00396,family,Toor dal 1kg,1,165.0,Groceries
family-00396,family,Mustard oil 1L,1,185.0,Groceries
family-00397,family,Dal makhani,1,280.0,Food & Dining
family-00397,family,Tandoori roti,1,35.0,Food & Dining
family-00397,family,Veg biryani,2,520.0,Food & Dining
family-00397,family,Paneer tikka,1,310.0,Food & Dining
family-00398,family,Rice 5kg,1,390.0,Groceries
family-00398,family,Tea 500g,1,260.0,Groceries
family-00398,family,Sugar 1kg,1,46.0,Groceries
family-00398,family,Toor dal 1kg,1,165.0,Groceries
family-00398,family,Mustard oil 1L,1,185.0,Groceries
family-00399,family,Vitamin tablets,1,280.0,Health
family-00400,family,Atta 10kg,1,480.0,Groceries
family-00400,family,Rice 5kg,1,390.0,Groceries
family-00400,family,Vegetables,1,267.0,Groceries
family-00401,family,Tandoori roti,2,70.0,Food & Dining
family-00401,family,Veg biryani,2,520.0,Food & Dining
family-00401,family,Dal makhani,1,280.0,Food & Dining
family-00401,family,Paneer tikka,1,310.0,Food & Dining
family-00402,family,Veg biryani,1,260.0,Food & Dining
family-00402,family,Dal makhani,1,280.0,Food & Dining
family-00403,family,Tea 500g,1,260.0,Groceries
family-00403,family,Rice 5kg,1,390.0,Groceries
family-00403,family,Mustard oil 1L,1,185.0,Groceries
family-00403,family,Sugar 1kg,1,46.0,Groceries
family-00404,family,Soap 4-pack,1,180.0,Groceries
family-00404,family,Toothpaste,1,110.0,Groceries
family-00404,family,Biscuits family pack,1,120.0,Groceries
family-00405,family,Postpaid plan,1,508.0,Bills & Utilities
family-00406,family,Tandoori roti,2,70.0,Food & Dining
family-00406,family,Dal makhani,1,280.0,Food & Dining
family-00406,family,Veg biryani,1,260.0,Food & Dining
family-00406,family,Paneer tikka,1,310.0,Food & Dining
family-00407,family,Dal makhani,1,280.0,Food & Dining
family-00407,family,Tandoori roti,1,35.0,Food & Dining
family-00407,family,Paneer tikka,1,310.0,Food & Dining
family-00408,family,Toor dal 1kg,1,165.0,Groceries
family-00408,family,Atta 10kg,1,480.0,Groceries
family-00409,family,Toor dal 1kg,1,165.0,Groceries
family-00409,family,Atta 10kg,1,480.0,Groceries
family-00410,family,Petrol,1,1497.0,Travel
family-00411,family,Petrol,1,1986.0,Travel
family-00412,family,Sugar 1kg,1,46.0,Groceries
family-00412,family,Tea 500g,1,260.0,Groceries
family-00412,family,Toor dal 1kg,1,165.0,Groceries
family-00413,family,Saree,1,2499.0,Shopping
family-00413,family,School shoes,1,1199.0,Shopping
family-00413,family,Kurta,1,899.0,Shopping
family-00414,family,Toor dal 1kg,1,165.0,Groceries
family-00414,family,Sugar 1kg,1,46.0,Groceries
family-00415,family,Biscuits family pack,1,120.0,Groceries
family-00415,family,Namkeen,1,90.0,Groceries
family-00415,family,Detergent 2kg,1,380.0,Groceries
family-00415,family,Soap 4-pack,1,180.0,Groceries
family-00415,family,Ghee 1L,1,620.0,Groceries
family-00415,family,Toothpaste,1,110.0,Groceries
family-00416,family,Atta 10kg,1,480.0,Groceries
family-00416,family,Vegetables,1,216.0,Groceries
family-00416,family,Mustard oil 1L,1,185.0,Groceries
family-00416,family,Toor dal 1kg,1,165.0,Groceries
family-00416,family,Rice 5kg,1,390.0,Groceries
family-00417,family,Toor dal 1kg,1,165.0,Groceries
family-00417,family,Tea 500g,1,260.0,Groceries
family-00417,family,Rice 5kg,1,390.0,Groceries
family-00417,family,Sugar 1kg,1,46.0,Groceries
family-00418,family,Namkeen,1,90.0,Groceries
family-00418,family,Ghee 1L,1,620.0,Groceries
family-00418,family,Toothpaste,1,110.0,Groceries
family-00418,family,Detergent 2kg,1,380.0,Groceries
family-00419,family,Petrol,1,1377.0,Travel
family-00420,family,Ghee 1L,1,4949,Groceries
family-00420,family,Soap 4-pack,1,943,Groceries
family-00420,family,Detergent 2kg,1,2576,Groceries
family-00420,family,Toothpaste,1,675,Groceries
family-00420,family,Biscuits family pack,1,538,Groceries
family-00421,family,Biscuits family pack,1,120.0,Groceries
family-00421,family,Soap 4-pack,1,180.0,Groceries
family-00421,family,Ghee 1L,1,620.0,Groceries
family-00421,family,Detergent 2kg,1,380.0,Groceries
family-00421,family,Toothpaste,1,110.0,Groceries
family-00422,family,Detergent 2kg,1,380.0,Groceries
family-00422,family,Namkeen,1,90.0,Groceries
family-00422,family,Ghee 1L,1,620.0,Groceries
family-00423,family,DTH recharge,1,297.0,Entertainment
family-00424,family,Sugar 1kg,1,46.0,Groceries
family-00424,family,Mustard oil 1L,1,185.0,Groceries
family-00424,family,Toor dal 1kg,1,165.0,Groceries
family-00424,family,Atta 10kg,1,480.0,Groceries
family-00424,family,Tea 500g,1,260.0,Groceries
family-00425,family,Petrol,1,2472.0,Travel
family-00426,family,Petrol,1,2103.0,Travel
family-00427,family,Thali,1,320.0,Food & Dining
family-00427,family,Raj kachori,1,160.0,Food & Dining
family-00427,family,Masala dosa,2,340.0,Food & Dining
family-00428,family,Namkeen,1,90.0,Groceries
family-00428,family,Soap 4-pack,1,180.0,Groceries
family-00428,family,Biscuits family pack,1,120.0,Groceries
family-00428,family,Detergent 2kg,1,380.0,Groceries
family-00428,family,Toothpaste,1,110.0,Groceries
family-00429,family,Saree,1,2499.0,Shopping
family-00429,family,Kurta,1,899.0,Shopping
family-00430,family,Thali,1,320.0,Food & Dining
family-00430,family,Masala dosa,1,170.0,Food & Dining
family-00430,family,Chole bhature,1,180.0,Food & Dining
family-00431,family,Rasmalai,1,140.0,Food & Dining
family-00431,family,Masala dosa,1,170.0,Food & Dining
family-00431,family,Chole bhature,1,180.0,Food & Dining
family-00432,family,Diabetes medicine,1,420.0,Health
family-00433,family,Tea 500g,1,260.0,Groceries
family-00433,family,Mustard oil 1L,1,185.0,Groceries
family-00433,family,Atta 10kg,1,480.0,Groceries
family-00433,family,Toor dal 1kg,1,165.0,Groceries
family-00433,family,Rice 5kg,1,390.0,Groceries
family-00434,family,Detergent 2kg,1,380.0,Groceries
family-00434,family,Ghee 1L,1,620.0,Groceries
family-00434,family,Biscuits family pack,1,120.0,Groceries
family-00434,family,Namkeen,1,90.0,Groceries
family-00434,family,Soap 4-pack,1,180.0,Groceries
family-00435,family,Mustard oil 1L,1,185.0,Groceries
family-00435,family,Vegetables,1,313.0,Groceries
family-00435,family,Sugar 1kg,1,46.0,Groceries
family-00435,family,Tea 500g,1,260.0,Groceries
family-00435,family,Toor dal 1kg,1,165.0,Groceries
family-00436,family,Dal makhani,1,280.0,Food & Dining
family-00436,family,Paneer tikka,2,620.0,Food & Dining
family-00437,family,Petrol,1,1281.0,Travel
family-00438,family,Namkeen,1,90.0,Groceries
family-00438,family,Biscuits family pack,1,120.0,Groceries
family-00438,family,Ghee 1L,1,620.0,Groceries
family-00438,family,Toothpaste,1,110.0,Groceries
family-00438,family,Soap 4-pack,1,180.0,Groceries
family-00438,family,Detergent 2kg,1,380.0,Groceries
family-00439,family,Petrol,1,13722,Travel
family-00440,family,Vitamin tablets,1,1597,Health
family-00441,family,Vitamin tablets,1,280.0,Health
family-00441,family,BP tablets strip,1,180.0,Health
family-00442,family,School shoes,1,1199.0,Shopping
family-00443,family,Toor dal 1kg,1,165.0,Groceries
family-00443,family,Tea 500g,1,260.0,Groceries
family-00443,family,Vegetables,1,207.0,Groceries
family-00443,family,Atta 10kg,1,480.0,Groceries
family-00444,family,Mustard oil 1L,1,185.0,Groceries
family-00444,family,Vegetables,1,146.0,Groceries
family-00444,family,Rice 5kg,1,390.0,Groceries
family-00444,family,Toor dal 1kg,1,165.0,Groceries
family-00445,family,Toothpaste,1,110.0,Groceries
family-00445,family,Namkeen,1,90.0,Groceries
family-00445,family,Detergent 2kg,1,380.0,Groceries
family-00445,family,Ghee 1L,1,620.0,Groceries
family-00445,family,Biscuits family pack,1,120.0,Groceries
family-00445,family,Soap 4-pack,1,180.0,Groceries
family-00446,family,Electricity bill,1,3538.0,Bills & Utilities
family-00447,family,Biscuits family pack,1,120.0,Groceries
family-00447,family,Soap 4-pack,1,180.0,Groceries
family-00447,family,Detergent 2kg,1,380.0,Groceries
family-00447,family,Namkeen,1,90.0,Groceries
family-00447,family,Ghee 1L,1,620.0,Groceries
family-00448,family,Toor dal 1kg,1,165.0,Groceries
family-00448,family,Sugar 1kg,1,46.0,Groceries
family-00449,family,Toor dal 1kg,1,165.0,Groceries
family-00449,family,Rice 5kg,1,390.0,Groceries
family-00449,family,Sugar 1kg,1,46.0,Groceries
family-00449,family,Tea 500g,1,260.0,Groceries
family-00449,family,Vegetables,1,241.0,Groceries
family-00450,family,Vegetables,1,173.0,Groceries
family-00450,family,Rice 5kg,1,390.0,Groceries
family-00450,family,Sugar 1kg,1,46.0,Groceries
family-00451,family,Toor dal 1kg,1,165.0,Groceries
family-00451,family,Tea 500g,1,260.0,Groceries
family-00451,family,Sugar 1kg,1,46.0,Groceries
family-00451,family,Vegetables,1,265.0,Groceries
family-00451,family,Mustard oil 1L,1,185.0,Groceries
family-00452,family,Namkeen,1,90.0,Groceries
family-00452,family,Detergent 2kg,1,380.0,Groceries
family-00452,family,Toothpaste,1,110.0,Groceries
family-00452,family,Soap 4-pack,1,180.0,Groceries
family-00453,family,Tea 500g,1,260.0,Groceries
family-00453,family,Toor dal 1kg,1,165.0,Groceries
family-00453,family,Rice 5kg,1,390.0,Groceries
family-00453,family,Mustard oil 1L,1,185.0,Groceries
family-00453,family,Vegetables,1,228.0,Groceries
family-00454,family,Soap 4-pack,1,180.0,Groceries
family-00454,family,Detergent 2kg,1,380.0,Groceries
family-00454,family,Biscuits family pack,1,120.0,Groceries
family-00454,family,Toothpaste,1,110.0,Groceries
family-00454,family,Namkeen,1,90.0,Groceries
family-00455,family,Postpaid plan,1,508.0,Bills & Utilities
family-00456,family,Petrol,1,1424.0,Travel
family-00457,family,Masala dosa,1,170.0,Food & Dining
family-00457,family,Thali,2,640.0,Food & Dining
family-00457,family,Raj kachori,1,160.0,Food & Dining
family-00457,family,Chole bhature,1,180.0,Food & Dining
family-00458,family,Mustard oil 1L,1,185.0,Groceries
family-00458,family,Toor dal 1kg,1,165.0,Groceries
family-00458,family,Sugar 1kg,1,46.0,Groceries
family-00458,family,Rice 5kg,1,390.0,Groceries
family-00458,family,Tea 500g,1,260.0,Groceries
family-00459,family,Petrol,1,1290.0,Travel
family-00460,family,Bandages,1,60.0,Health
family-00461,family,Mustard oil 1L,1,185.0,Groceries
family-00461,family,Atta 10kg,1,480.0,Groceries
family-00461,family,Toor dal 1kg,1,165.0,Groceries
family-00461,family,Tea 500g,1,260.0,Groceries
family-00462,family,Petrol,1,1584.0,Travel
family-00463,family,Petrol,1,2142.0,Travel
family-00464,family,Biscuits family pack,1,120.0,Groceries
family-00464,family,Ghee 1L,1,620.0,Groceries
family-00464,family,Toothpaste,1,110.0,Groceries
family-00464,family,Namkeen,1,90.0,Groceries
family-00464,family,Detergent 2kg,1,380.0,Groceries
family-00465,family,Thali,1,320.0,Food & Dining
family-00465,family,Rasmalai,1,140.0,Food & Dining
family-00465,family,Chole bhature,1,180.0,Food & Dining
family-00466,family,Tandoori roti,1,35.0,Food & Dining
family-00466,family,Paneer tikka,1,310.0,Food & Dining
family-00466,family,Dal makhani,1,280.0,Food & Dining
family-00466,family,Veg biryani,1,260.0,Food & Dining
family-00467,family,DTH recharge,1,297.0,Entertainment
family-00468,family,Petrol,1,1178.0,Travel
family-00469,family,Paneer tikka,1,310.0,Food & Dining
family-00469,family,Tandoori roti,1,35.0,Food & Dining
family-00469,family,Dal makhani,1,280.0,Food & Dining
family-00470,family,Rice 5kg,1,2221,Groceries
family-00470,family,Atta 10kg,1,1961,Groceries
family-00470,family,Sugar 1kg,1,327,Groceries
family-00471,family,Petrol,1,1411.0,Travel
family-00472,family,Vegetables,1,174.0,Groceries
family-00472,family,Rice 5kg,1,390.0,Groceries
family-00472,family,Toor dal 1kg,1,165.0,Groceries
family-00472,family,Sugar 1kg,1,46.0,Groceries
family-00472,family,Atta 10kg,1,480.0,Groceries
family-00473,family,Thali,2,640.0,Food & Dining
family-00473,family,Raj kachori,1,160.0,Food & Dining
family-00474,family,Vegetables,1,252.0,Groceries
family-00474,family,Atta 10kg,1,480.0,Groceries
family-00474,family,Sugar 1kg,1,46.0,Groceries
family-00475,family,Ghee 1L,1,620.0,Groceries
family-00475,family,Toothpaste,1,110.0,Groceries
family-00475,family,Namkeen,1,90.0,Groceries
family-00475,family,Soap 4-pack,1,180.0,Groceries
family-00475,family,Biscuits family pack,1,120.0,Groceries
family-00476,family,Sugar 1kg,1,46.0,Groceries
family-00476,family,Toor dal 1kg,1,165.0,Groceries
family-00477,family,Vegetables,1,271.0,Groceries
family-00477,family,Tea 500g,1,260.0,Groceries
family-00477,family,Atta 10kg,1,480.0,Groceries
family-00478,family,Car repair,1,23428.0,Travel
family-00479,family,Vegetables,1,167.0,Groceries
family-00479,family,Rice 5kg,1,390.0,Groceries
family-00479,family,Mustard oil 1L,1,185.0,Groceries
family-00479,family,Sugar 1kg,1,46.0,Groceries
family-00480,family,School shoes,1,1199.0,Shopping
family-00481,family,Vegetables,1,167.0,Groceries
family-00481,family,Rice 5kg,1,390.0,Groceries
family-00481,family,Mustard oil 1L,1,185.0,Groceries
family-00481,family,Sugar 1kg,1,46.0,Groceries
family-00482,family,Tea 500g,1,260.0,Groceries
family-00482,family,Vegetables,1,140.0,Groceries
family-00483,family,Petrol,1,1707.0,Travel
family-00484,family,Atta 10kg,1,480.0,Groceries
family-00484,family,Sugar 1kg,1,46.0,Groceries
family-00485,family,Electricity bill,1,2226.0,Bills & Utilities
family-00486,family,Atta 10kg,1,480.0,Groceries
family-00486,family,Sugar 1kg,1,46.0,Groceries
family-00486,family,Rice 5kg,1,390.0,Groceries
family-00487,family,Biscuits family pack,1,120.0,Groceries
family-00487,family,Ghee 1L,1,620.0,Groceries
family-00487,family,Soap 4-pack,1,180.0,Groceries
family-00488,family,Vegetables,1,151.0,Groceries
family-00488,family,Tea 500g,1,260.0,Groceries
family-00488,family,Mustard oil 1L,1,185.0,Groceries
family-00489,family,Mustard oil 1L,1,185.0,Groceries
family-00489,family,Rice 5kg,1,390.0,Groceries
family-00489,family,Sugar 1kg,1,46.0,Groceries
family-00489,family,Atta 10kg,1,480.0,Groceries
family-00489,family,Toor dal 1kg,1,165.0,Groceries
family-00490,family,Petrol,1,1657.0,Travel
family-00491,family,Postpaid plan,1,508.0,Bills & Utilities
family-00492,family,Tea 500g,1,260.0,Groceries
family-00492,family,Vegetables,1,134.0,Groceries
family-00492,family,Rice 5kg,1,390.0,Groceries
family-00493,family,Biscuits family pack,1,120.0,Groceries
family-00493,family,Ghee 1L,1,620.0,Groceries
family-00493,family,Toothpaste,1,110.0,Groceries
family-00494,family,Soap 4-pack,1,180.0,Groceries
family-00494,family,Namkeen,1,90.0,Groceries
family-00494,family,Toothpaste,1,110.0,Groceries
family-00494,family,Detergent 2kg,1,380.0,Groceries
family-00495,family,Ghee 1L,1,620.0,Groceries
family-00495,family,Soap 4-pack,1,180.0,Groceries
family-00495,family,Namkeen,1,90.0,Groceries
family-00496,family,Paneer tikka,1,310.0,Food & Dining
family-00496,family,Veg biryani,1,260.0,Food & Dining
family-00496,family,Dal makhani,1,280.0,Food & Dining
family-00496,family,Tandoori roti,1,35.0,Food & Dining
family-00497,family,Tea 500g,1,260.0,Groceries
family-00497,family,Atta 10kg,1,480.0,Groceries
family-00497,family,Sugar 1kg,1,46.0,Groceries
family-00497,family,Vegetables,1,129.0,Groceries
family-00498,family,Namkeen,1,90.0,Groceries
family-00498,family,Soap 4-pack,1,180.0,Groceries
family-00498,family,Biscuits family pack,1,120.0,Groceries
family-00498,family,Toothpaste,1,110.0,Groceries
family-00498,family,Detergent 2kg,1,380.0,Groceries
family-00498,family,Ghee 1L,1,620.0,Groceries
family-00499,family,Sugar 1kg,1,46.0,Groceries
family-00499,family,Rice 5kg,1,390.0,Groceries
family-00499,family,Toor dal 1kg,1,165.0,Groceries
family-00500,family,Rice 5kg,1,390.0,Groceries
family-00500,family,Atta 10kg,1,480.0,Groceries
family-00501,family,Ghee 1L,1,620.0,Groceries
family-00501,family,Detergent 2kg,1,380.0,Groceries
family-00501,family,Soap 4-pack,1,180.0,Groceries
family-00501,family,Toothpaste,1,110.0,Groceries
family-00501,family,Namkeen,1,90.0,Groceries
family-00501,family,Biscuits family pack,1,120.0,Groceries
family-00502,family,Paneer tikka,1,310.0,Food & Dining
family-00502,family,Dal makhani,2,560.0,Food & Dining
family-00502,family,Tandoori roti,1,35.0,Food & Dining
family-00502,family,Veg biryani,1,260.0,Food & Dining
family-00503,family,Tea 500g,1,260.0,Groceries
family-00503,family,Atta 10kg,1,480.0,Groceries
family-00503,family,Rice 5kg,1,390.0,Groceries
family-00503,family,Vegetables,1,314.0,Groceries
family-00504,family,School fees,1,18000.0,Bills & Utilities
family-00505,family,Mustard oil 1L,1,185.0,Groceries
family-00505,family,Toor dal 1kg,1,165.0,Groceries
family-00505,family,Vegetables,1,219.0,Groceries
family-00505,family,Sugar 1kg,1,46.0,Groceries
family-00505,family,Rice 5kg,1,390.0,Groceries
family-00506,family,Rasmalai,2,280.0,Food & Dining
family-00506,family,Masala dosa,1,170.0,Food & Dining
family-00507,family,DTH recharge,1,297.0,Entertainment
family-00508,family,School shoes,1,1199.0,Shopping
family-00508,family,Saree,1,2499.0,Shopping
family-00509,family,Atta 10kg,1,480.0,Groceries
family-00509,family,Mustard oil 1L,1,185.0,Groceries
family-00509,family,Vegetables,1,240.0,Groceries
family-00509,family,Tea 500g,1,260.0,Groceries
family-00509,family,Toor dal 1kg,1,165.0,Groceries
family-00510,family,Life insurance premium,1,12500.0,Bills & Utilities
family-00511,family,Mustard oil 1L,1,836,Groceries
family-00511,family,Tea 500g,1,1374,Groceries
family-00511,family,Atta 10kg,1,2338,Groceries
family-00511,family,Sugar 1kg,1,358,Groceries
family-00511,family,Vegetables,1,1853,Groceries
family-00512,family,Sugar 1kg,1,46.0,Groceries
family-00512,family,Rice 5kg,1,390.0,Groceries
family-00512,family,Toor dal 1kg,1,165.0,Groceries
family-00512,family,Vegetables,1,223.0,Groceries
family-00513,family,Vegetables,1,258.0,Groceries
family-00513,family,Rice 5kg,1,390.0,Groceries
family-00513,family,Sugar 1kg,1,46.0,Groceries
family-00513,family,Atta 10kg,1,480.0,Groceries
family-00513,family,Toor dal 1kg,1,165.0,Groceries
family-00514,family,Biscuits family pack,1,120.0,Groceries
family-00514,family,Toothpaste,1,110.0,Groceries
family-00514,family,Namkeen,1,90.0,Groceries
family-00515,family,Rasmalai,1,140.0,Food & Dining
family-00515,family,Thali,2,640.0,Food & Dining
family-00515,family,Raj kachori,1,160.0,Food & Dining
family-00516,family,Diabetes medicine,1,420.0,Health
family-00517,family,Room night,1,11340.0,Travel
family-00518,family,Vegetables,1,135.0,Groceries
family-00518,family,Atta 10kg,1,480.0,Groceries
family-00519,family,Tea 500g,1,1741,Groceries
family-00519,family,Mustard oil 1L,1,782,Groceries
family-00519,family,Atta 10kg,1,2201,Groceries
family-00519,family,Rice 5kg,1,1586,Groceries
family-00519,family,Vegetables,1,1491,Groceries
family-00520,family,Chole bhature,2,360.0,Food & Dining
family-00520,family,Rasmalai,1,140.0,Food & Dining
family-00521,family,Mustard oil 1L,1,185.0,Groceries
family-00521,family,Toor dal 1kg,1,165.0,Groceries
family-00521,family,Rice 5kg,1,390.0,Groceries
family-00521,family,Sugar 1kg,1,46.0,Groceries
family-00521,family,Tea 500g,1,260.0,Groceries
family-00522,family,Rice 5kg,1,390.0,Groceries
family-00522,family,Toor dal 1kg,1,165.0,Groceries
family-00522,family,Mustard oil 1L,1,185.0,Groceries
family-00523,family,Electricity bill,1,2403.0,Bills & Utilities
family-00524,family,Tea 500g,1,260.0,Groceries
family-00524,family,Mustard oil 1L,1,185.0,Groceries
family-00524,family,Vegetables,1,156.0,Groceries
family-00525,family,Atta 10kg,1,480.0,Groceries
family-00525,family,Mustard oil 1L,1,185.0,Groceries
family-00525,family,Vegetables,1,237.0,Groceries
family-00525,family,Rice 5kg,1,390.0,Groceries
family-00526,family,Toothpaste,1,110.0,Groceries
family-00526,family,Detergent 2kg,1,380.0,Groceries
family-00526,family,Soap 4-pack,1,180.0,Groceries
family-00526,family,Namkeen,1,90.0,Groceries
family-00526,family,Biscuits family pack,1,120.0,Groceries
family-00527,family,Rasmalai,1,140.0,Food & Dining
family-00527,family,Masala dosa,1,170.0,Food & Dining
family-00527,family,Chole bhature,1,180.0,Food & Dining
family-00527,family,Thali,2,640.0,Food & Dining
family-00528,family,Petrol,1,1172.0,Travel
family-00529,family,Tea 500g,1,260.0,Groceries
family-00529,family,Sugar 1kg,1,46.0,Groceries
family-00530,family,Petrol,1,1207.0,Travel
family-00531,family,Rice 5kg,1,390.0,Groceries
family-00531,family,Toor dal 1kg,1,165.0,Groceries
family-00531,family,Atta 10kg,1,480.0,Groceries
family-00532,family,School shoes,1,1199.0,Shopping
family-00532,family,Kids t-shirt,1,399.0,Shopping
family-00532,family,Kurta,1,899.0,Shopping
family-00533,family,Postpaid plan,1,508.0,Bills & Utilities
family-00534,family,Tea 500g,1,260.0,Groceries
family-00534,family,Sugar 1kg,1,46.0,Groceries
family-00535,family,Vegetables,1,215.0,Groceries
family-00535,family,Toor dal 1kg,1,165.0,Groceries
family-00536,family,Sugar 1kg,1,46.0,Groceries
family-00536,family,Tea 500g,1,260.0,Groceries
family-00536,family,Vegetables,1,299.0,Groceries
family-00536,family,Atta 10kg,1,480.0,Groceries
family-00537,family,Rasmalai,1,140.0,Food & Dining
family-00537,family,Raj kachori,1,160.0,Food & Dining
family-00537,family,Masala dosa,2,340.0,Food & Dining
family-00538,family,Thali,1,320.0,Food & Dining
family-00538,family,Masala dosa,1,170.0,Food & Dining
family-00539,family,Sugar 1kg,1,46.0,Groceries
family-00539,family,Mustard oil 1L,1,185.0,Groceries
family-00540,family,Chole bhature,2,360.0,Food & Dining
family-00540,family,Thali,1,320.0,Food & Dining
family-00540,family,Rasmalai,1,140.0,Food & Dining
family-00540,family,Masala dosa,1,170.0,Food & Dining
family-00541,family,Rice 5kg,1,390.0,Groceries
family-00541,family,Tea 500g,1,260.0,Groceries
family-00541,family,Toor dal 1kg,1,165.0,Groceries
family-00541,family,Atta 10kg,1,480.0,Groceries
family-00541,family,Vegetables,1,154.0,Groceries
family-00542,family,Namkeen,1,90.0,Groceries
family-00542,family,Ghee 1L,1,620.0,Groceries
family-00542,family,Toothpaste,1,110.0,Groceries
family-00542,family,Biscuits family pack,1,120.0,Groceries
family-00542,family,Detergent 2kg,1,380.0,Groceries
family-00543,family,Biscuits family pack,1,120.0,Groceries
family-00543,family,Toothpaste,1,110.0,Groceries
family-00543,family,Namkeen,1,90.0,Groceries
family-00543,family,Detergent 2kg,1,380.0,Groceries
family-00544,family,Biscuits family pack,1,120.0,Groceries
family-00544,family,Detergent 2kg,1,380.0,Groceries
family-00544,family,Toothpaste,1,110.0,Groceries
family-00544,family,Ghee 1L,1,620.0,Groceries
family-00544,family,Soap 4-pack,1,180.0,Groceries
family-00544,family,Namkeen,1,90.0,Groceries
family-00545,family,Paneer tikka,1,310.0,Food & Dining
family-00545,family,Dal makhani,1,280.0,Food & Dining
family-00545,family,Tandoori roti,1,35.0,Food & Dining
family-00546,family,Tea 500g,1,260.0,Groceries
family-00546,family,Sugar 1kg,1,46.0,Groceries
family-00546,family,Vegetables,1,194.0,Groceries
family-00546,family,Rice 5kg,1,390.0,Groceries
family-00547,family,Chole bhature,1,180.0,Food & Dining
family-00547,family,Thali,1,320.0,Food & Dining
family-00548,family,Petrol,1,1390.0,Travel
family-00549,family,Mustard oil 1L,1,185.0,Groceries
family-00549,family,Rice 5kg,1,390.0,Groceries
family-00549,family,Toor dal 1kg,1,165.0,Groceries
family-00550,family,Kurta,1,899.0,Shopping
family-00550,family,Kids t-shirt,1,399.0,Shopping
family-00550,family,School shoes,1,1199.0,Shopping
family-00551,family,Rice 5kg,1,390.0,Groceries
family-00551,family,Mustard oil 1L,1,185.0,Groceries
family-00551,family,Toor dal 1kg,1,165.0,Groceries
family-00552,family,Petrol,1,1350.0,Travel
family-00553,family,Vegetables,1,207.0,Groceries
family-00553,family,Toor dal 1kg,1,165.0,Groceries
family-00553,family,Tea 500g,1,260.0,Groceries
family-00553,family,Mustard oil 1L,1,185.0,Groceries
family-00553,family,Atta 10kg,1,480.0,Groceries
family-00554,family,Veg biryani,1,260.0,Food & Dining
family-00554,family,Paneer tikka,1,310.0,Food & Dining
family-00554,family,Tandoori roti,1,35.0,Food & Dining
family-00555,family,Detergent 2kg,1,380.0,Groceries
family-00555,family,Biscuits family pack,1,120.0,Groceries
family-00555,family,Toothpaste,1,110.0,Groceries
family-00556,family,DTH recharge,1,297.0,Entertainment
family-00557,family,Soap 4-pack,1,180.0,Groceries
family-00557,family,Biscuits family pack,1,120.0,Groceries
family-00557,family,Namkeen,1,90.0,Groceries
family-00557,family,Ghee 1L,1,620.0,Groceries
family-00558,family,Sugar 1kg,1,46.0,Groceries
family-00558,family,Tea 500g,1,260.0,Groceries
family-00558,family,Rice 5kg,1,390.0,Groceries
family-00558,family,Mustard oil 1L,1,185.0,Groceries
family-00558,family,Toor dal 1kg,1,165.0,Groceries
family-00559,family,Petrol,1,1070.0,Travel
family-00560,family,Tea 500g,1,260.0,Groceries
family-00560,family,Rice 5kg,1,390.0,Groceries
family-00560,family,Vegetables,1,333.0,Groceries
family-00561,family,Atta 10kg,1,480.0,Groceries
family-00561,family,Vegetables,1,339.0,Groceries
family-00561,family,Rice 5kg,1,390.0,Groceries
family-00561,family,Tea 500g,1,260.0,Groceries
family-00561,family,Sugar 1kg,1,46.0,Groceries
family-00562,family,Biscuits family pack,1,120.0,Groceries
family-00562,family,Ghee 1L,1,620.0,Groceries
family-00562,family,Namkeen,1,90.0,Groceries
family-00562,family,Soap 4-pack,1,180.0,Groceries
family-00562,family,Detergent 2kg,1,380.0,Groceries
family-00563,family,Car repair,1,25381.0,Travel
family-00564,family,Tea 500g,1,260.0,Groceries
family-00564,family,Rice 5kg,1,390.0,Groceries
family-00564,family,Vegetables,1,256.0,Groceries
family-00564,family,Atta 10kg,1,480.0,Groceries
family-00564,family,Mustard oil 1L,1,185.0,Groceries
family-00565,family,Room night,1,10158.0,Travel
family-00566,family,Biscuits family pack,1,120.0,Groceries
family-00566,family,Toothpaste,1,110.0,Groceries
family-00566,family,Ghee 1L,1,620.0,Groceries
family-00567,family,Veg biryani,1,260.0,Food & Dining
family-00567,family,Tandoori roti,1,35.0,Food & Dining
family-00567,family,Paneer tikka,1,310.0,Food & Dining
family-00567,family,Dal makhani,1,280.0,Food & Dining
family-00568,family,Petrol,1,1392.0,Travel
family-00569,family,Mustard oil 1L,1,185.0,Groceries
family-00569,family,Sugar 1kg,1,46.0,Groceries
family-00569,family,Tea 500g,1,260.0,Groceries
family-00569,family,Vegetables,1,146.0,Groceries
family-00569,family,Toor dal 1kg,1,165.0,Groceries
family-00570,family,Vegetables,1,1604,Groceries
family-00570,family,Mustard oil 1L,1,1332,Groceries
family-00570,family,Atta 10kg,1,2392,Groceries
family-00570,family,Rice 5kg,1,1754,Groceries
family-00571,family,Ghee 1L,1,620.0,Groceries
family-00571,family,Toothpaste,1,110.0,Groceries
family-00571,family,Namkeen,1,90.0,Groceries
family-00571,family,Biscuits family pack,1,120.0,Groceries
family-00572,family,Paneer tikka,1,310.0,Food & Dining
family-00572,family,Tandoori roti,1,35.0,Food & Dining
family-00572,family,Dal makhani,1,280.0,Food & Dining
family-00573,family,Veg biryani,1,260.0,Food & Dining
family-00573,family,Dal makhani,1,280.0,Food & Dining
family-00573,family,Paneer tikka,1,310.0,Food & Dining
family-00574,family,Mustard oil 1L,1,185.0,Groceries
family-00574,family,Tea 500g,1,260.0,Groceries
family-00574,family,Sugar 1kg,1,46.0,Groceries
family-00574,family,Toor dal 1kg,1,165.0,Groceries
family-00575,family,Electricity bill,1,3330.0,Bills & Utilities
family-00576,family,Tea 500g,1,260.0,Groceries
family-00576,family,Mustard oil 1L,1,185.0,Groceries
family-00576,family,Toor dal 1kg,1,165.0,Groceries
family-00576,family,Vegetables,1,303.0,Groceries
family-00576,family,Atta 10kg,1,480.0,Groceries
family-00577,family,School shoes,1,1199.0,Shopping
family-00578,family,Soap 4-pack,1,180.0,Groceries
family-00578,family,Biscuits family pack,1,120.0,Groceries
family-00578,family,Namkeen,1,90.0,Groceries
family-00578,family,Ghee 1L,1,620.0,Groceries
family-00578,family,Detergent 2kg,1,380.0,Groceries
family-00579,family,Petrol,1,2191.0,Travel
family-00580,family,Consultation,1,786.0,Health
family-00581,family,Postpaid plan,1,508.0,Bills & Utilities
family-00582,family,Veg biryani,2,520.0,Food & Dining
family-00582,family,Dal makhani,1,280.0,Food & Dining
family-00583,family,Mustard oil 1L,1,185.0,Groceries
family-00583,family,Sugar 1kg,1,46.0,Groceries
family-00583,family,Toor dal 1kg,1,165.0,Groceries
family-00584,family,Biscuits family pack,1,120.0,Groceries
family-00584,family,Toothpaste,1,110.0,Groceries
family-00584,family,Soap 4-pack,1,180.0,Groceries
family-00584,family,Detergent 2kg,1,380.0,Groceries
family-00584,family,Ghee 1L,1,620.0,Groceries
family-00584,family,Namkeen,1,90.0,Groceries
family-00585,family,Biscuits family pack,1,120.0,Groceries
family-00585,family,Toothpaste,1,110.0,Groceries
family-00585,family,Soap 4-pack,1,180.0,Groceries
family-00585,family,Detergent 2kg,1,380.0,Groceries
family-00585,family,Ghee 1L,1,620.0,Groceries
family-00585,family,Namkeen,1,90.0,Groceries
family-00586,family,Toor dal 1kg,1,165.0,Groceries
family-00586,family,Vegetables,1,228.0,Groceries
family-00586,family,Atta 10kg,1,480.0,Groceries
family-00586,family,Mustard oil 1L,1,185.0,Groceries
family-00586,family,Sugar 1kg,1,46.0,Groceries
family-00587,family,Toor dal 1kg,1,165.0,Groceries
family-00587,family,Vegetables,1,228.0,Groceries
family-00587,family,Atta 10kg,1,480.0,Groceries
family-00587,family,Mustard oil 1L,1,185.0,Groceries
family-00587,family,Sugar 1kg,1,46.0,Groceries
family-00588,family,Petrol,1,2446.0,Travel
family-00589,family,Sugar 1kg,1,46.0,Groceries
family-00589,family,Vegetables,1,133.0,Groceries
family-00589,family,Toor dal 1kg,1,165.0,Groceries
family-00590,family,Soap 4-pack,1,180.0,Groceries
family-00590,family,Biscuits family pack,1,120.0,Groceries
family-00590,family,Detergent 2kg,1,380.0,Groceries
family-00591,family,Detergent 2kg,1,380.0,Groceries
family-00591,family,Biscuits family pack,1,120.0,Groceries
family-00591,family,Toothpaste,1,110.0,Groceries
family-00591,family,Soap 4-pack,1,180.0,Groceries
family-00592,family,Masala dosa,1,170.0,Food & Dining
family-00592,family,Thali,1,320.0,Food & Dining
family-00592,family,Chole bhature,1,180.0,Food & Dining
family-00592,family,Raj kachori,1,160.0,Food & Dining
family-00593,family,Toor dal 1kg,1,165.0,Groceries
family-00593,family,Atta 10kg,1,480.0,Groceries
family-00593,family,Tea 500g,1,260.0,Groceries
family-00593,family,Mustard oil 1L,1,185.0,Groceries
family-00593,family,Sugar 1kg,1,46.0,Groceries
family-00594,family,Raj kachori,1,160.0,Food & Dining
family-00594,family,Chole bhature,1,180.0,Food & Dining
family-00594,family,Thali,1,320.0,Food & Dining
family-00595,family,Vegetables,1,147.0,Groceries
family-00595,family,Mustard oil 1L,1,185.0,Groceries
family-00596,family,DTH recharge,1,297.0,Entertainment
family-00597,family,Toor dal 1kg,1,165.0,Groceries
family-00597,family,Atta 10kg,1,480.0,Groceries
family-00597,family,Mustard oil 1L,1,185.0,Groceries
family-00597,family,Sugar 1kg,1,46.0,Groceries
family-00598,family,Detergent 2kg,1,380.0,Groceries
family-00598,family,Ghee 1L,1,620.0,Groceries
family-00598,family,Toothpaste,1,110.0,Groceries
family-00599,family,Petrol,1,2394.0,Travel
family-00600,family,Vitamin tablets,1,280.0,Health
family-00600,family,BP tablets strip,1,180.0,Health
family-00601,family,Vitamin tablets,1,280.0,Health
family-00601,family,BP tablets strip,1,180.0,Health
family-00602,family,Rasmalai,1,140.0,Food & Dining
family-00602,family,Raj kachori,1,160.0,Food & Dining
family-00602,family,Masala dosa,1,170.0,Food & Dining
family-00602,family,Thali,2,640.0,Food & Dining
family-00603,family,Petrol,1,2236.0,Travel
family-00604,family,Masala dosa,1,170.0,Food & Dining
family-00604,family,Chole bhature,1,180.0,Food & Dining
family-00604,family,Thali,1,320.0,Food & Dining
family-00605,family,Toor dal 1kg,1,165.0,Groceries
family-00605,family,Sugar 1kg,1,46.0,Groceries
family-00605,family,Rice 5kg,1,390.0,Groceries
family-00605,family,Mustard oil 1L,1,185.0,Groceries
family-00606,family,Petrol,1,1009.0,Travel
family-00607,family,School shoes,1,1199.0,Shopping
family-00608,family,Sugar 1kg,1,46.0,Groceries
family-00608,family,Rice 5kg,1,390.0,Groceries
family-00609,family,Atta 10kg,1,480.0,Groceries
family-00609,family,Vegetables,1,175.0,Groceries
family-00609,family,Mustard oil 1L,1,185.0,Groceries
family-00610,family,School shoes,1,1199.0,Shopping
family-00611,family,Vegetables,1,202.0,Groceries
family-00611,family,Sugar 1kg,1,46.0,Groceries
family-00611,family,Atta 10kg,1,480.0,Groceries
family-00612,family,Mustard oil 1L,1,185.0,Groceries
family-00612,family,Vegetables,1,254.0,Groceries
family-00613,family,School shoes,1,1199.0,Shopping
family-00613,family,Kids t-shirt,1,399.0,Shopping
family-00614,family,Electricity bill,1,3699.0,Bills & Utilities
family-00615,family,Ghee 1L,1,620.0,Groceries
family-00615,family,Namkeen,1,90.0,Groceries
family-00615,family,Biscuits family pack,1,120.0,Groceries
family-00615,family,Toothpaste,1,110.0,Groceries
family-00615,family,Detergent 2kg,1,380.0,Groceries
family-00616,family,Thali,2,640.0,Food & Dining
family-00616,family,Chole bhature,1,180.0,Food & Dining
family-00616,family,Rasmalai,1,140.0,Food & Dining
family-00616,family,Raj kachori,2,320.0,Food & Dining
family-00617,family,Vegetables,1,261.0,Groceries
family-00617,family,Mustard oil 1L,1,185.0,Groceries
family-00617,family,Sugar 1kg,1,46.0,Groceries
family-00617,family,Toor dal 1kg,1,165.0,Groceries
family-00617,family,Tea 500g,1,260.0,Groceries
family-00618,family,Toor dal 1kg,1,165.0,Groceries
family-00618,family,Vegetables,1,331.0,Groceries
family-00618,family,Tea 500g,1,260.0,Groceries
family-00618,family,Rice 5kg,1,390.0,Groceries
family-00619,family,Atta 10kg,1,480.0,Groceries
family-00619,family,Vegetables,1,318.0,Groceries
family-00620,family,Soap 4-pack,1,180.0,Groceries
family-00620,family,Ghee 1L,1,620.0,Groceries
family-00620,family,Toothpaste,1,110.0,Groceries
family-00620,family,Detergent 2kg,1,380.0,Groceries
family-00621,family,Postpaid plan,1,508.0,Bills & Utilities
family-00622,family,Masala dosa,1,170.0,Food & Dining
family-00622,family,Thali,1,320.0,Food & Dining
family-00623,family,Sugar 1kg,1,46.0,Groceries
family-00623,family,Tea 500g,1,260.0,Groceries
family-00624,family,Petrol,1,2373.0,Travel
family-00625,family,Ghee 1L,1,620.0,Groceries
family-00625,family,Soap 4-pack,1,180.0,Groceries
family-00625,family,Namkeen,1,90.0,Groceries
family-00625,family,Biscuits family pack,1,120.0,Groceries
family-00625,family,Detergent 2kg,1,380.0,Groceries
family-00625,family,Toothpaste,1,110.0,Groceries
family-00626,family,Atta 10kg,1,480.0,Groceries
family-00626,family,Vegetables,1,245.0,Groceries
family-00626,family,Mustard oil 1L,1,185.0,Groceries
family-00627,family,Tea 500g,1,260.0,Groceries
family-00627,family,Rice 5kg,1,390.0,Groceries
family-00628,family,Sugar 1kg,1,46.0,Groceries
family-00628,family,Toor dal 1kg,1,165.0,Groceries
family-00629,family,Raj kachori,1,160.0,Food & Dining
family-00629,family,Rasmalai,2,280.0,Food & Dining
family-00629,family,Masala dosa,2,340.0,Food & Dining
family-00629,family,Thali,1,320.0,Food & Dining
family-00630,family,Mustard oil 1L,1,980,Groceries
family-00630,family,Sugar 1kg,1,220,Groceries
family-00630,family,Toor dal 1kg,1,811,Groceries
family-00630,family,Tea 500g,1,1612,Groceries
family-00630,family,Atta 10kg,1,2885,Groceries
family-00631,family,Tea 500g,1,260.0,Groceries
family-00631,family,Mustard oil 1L,1,185.0,Groceries
family-00632,family,LED TV 43in,1,27990.0,Shopping
family-00633,family,Namkeen,1,90.0,Groceries
family-00633,family,Detergent 2kg,1,380.0,Groceries
family-00633,family,Ghee 1L,1,620.0,Groceries
family-00634,family,School fees,1,18000.0,Bills & Utilities
family-00635,family,Mustard oil 1L,1,185.0,Groceries
family-00635,family,Rice 5kg,1,390.0,Groceries
family-00635,family,Vegetables,1,161.0,Groceries
family-00635,family,Sugar 1kg,1,46.0,Groceries
family-00635,family,Toor dal 1kg,1,165.0,Groceries
family-00636,family,Detergent 2kg,1,380.0,Groceries
family-00636,family,Soap 4-pack,1,180.0,Groceries
family-00636,family,Biscuits family pack,1,120.0,Groceries
family-00636,family,Ghee 1L,1,620.0,Groceries
family-00636,family,Namkeen,1,90.0,Groceries
family-00637,family,DTH recharge,1,297.0,Entertainment
family-00638,family,Life insurance premium,1,12500.0,Bills & Utilities
family-00639,family,Namkeen,1,90.0,Groceries
family-00639,family,Toothpaste,1,110.0,Groceries
family-00639,family,Detergent 2kg,1,380.0,Groceries
family-00639,family,Soap 4-pack,1,180.0,Groceries
family-00640,family,Chole bhature,1,180.0,Food & Dining
family-00640,family,Rasmalai,1,140.0,Food & Dining
family-00640,family,Thali,1,320.0,Food & Dining
family-00640,family,Masala dosa,1,170.0,Food & Dining
family-00641,family,Bandages,1,60.0,Health
family-00642,family,Masala dosa,1,170.0,Food & Dining
family-00642,family,Chole bhature,1,180.0,Food & Dining
family-00642,family,Rasmalai,2,280.0,Food & Dining
family-00643,family,Petrol,1,2190.0,Travel
family-00644,family,Petrol,1,1377.0,Travel
family-00645,family,Vegetables,1,323.0,Groceries
family-00645,family,Tea 500g,1,260.0,Groceries
family-00645,family,Sugar 1kg,1,46.0,Groceries
family-00645,family,Mustard oil 1L,1,185.0,Groceries
family-00645,family,Toor dal 1kg,1,165.0,Groceries
family-00646,family,Raj kachori,1,160.0,Food & Dining
family-00646,family,Chole bhature,1,180.0,Food & Dining
family-00647,family,Paneer tikka,1,310.0,Food & Dining
family-00647,family,Veg biryani,1,260.0,Food & Dining
family-00647,family,Tandoori roti,1,35.0,Food & Dining
family-00648,family,Sugar 1kg,1,46.0,Groceries
family-00648,family,Mustard oil 1L,1,185.0,Groceries
family-00648,family,Vegetables,1,300.0,Groceries
family-00649,family,Masala dosa,2,340.0,Food & Dining
family-00649,family,Thali,1,320.0,Food & Dining
family-00649,family,Rasmalai,1,140.0,Food & Dining
family-00649,family,Raj kachori,1,160.0,Food & Dining
family-00650,family,Vitamin tablets,1,280.0,Health
family-00650,family,Bandages,1,60.0,Health
family-00651,family,Electricity bill,1,2762.0,Bills & Utilities
family-00652,family,Atta 10kg,1,480.0,Groceries
family-00652,family,Rice 5kg,1,390.0,Groceries
family-00652,family,Sugar 1kg,1,46.0,Groceries
family-00653,family,Rice 5kg,1,390.0,Groceries
family-00653,family,Toor dal 1kg,1,165.0,Groceries
family-00654,family,LED TV 43in,1,27990.0,Shopping
family-00655,family,Postpaid plan,1,508.0,Bills & Utilities
family-00656,family,Paneer tikka,1,310.0,Food & Dining
family-00656,family,Dal makhani,1,280.0,Food & Dining
family-00657,family,School shoes,1,1199.0,Shopping
family-00658,family,Saree,1,2499.0,Shopping
family-00658,family,School shoes,1,1199.0,Shopping
family-00658,family,Kids t-shirt,1,399.0,Shopping
family-00659,family,Bandages,1,60.0,Health
family-00660,family,Biscuits family pack,1,120.0,Groceries
family-00660,family,Soap 4-pack,1,180.0,Groceries
family-00660,family,Toothpaste,1,110.0,Groceries
family-00660,family,Detergent 2kg,1,380.0,Groceries
family-00660,family,Ghee 1L,1,620.0,Groceries
family-00661,family,Atta 10kg,1,480.0,Groceries
family-00661,family,Vegetables,1,190.0,Groceries
family-00661,family,Tea 500g,1,260.0,Groceries
family-00661,family,Mustard oil 1L,1,185.0,Groceries
family-00661,family,Sugar 1kg,1,46.0,Groceries
family-00662,family,Dal makhani,1,280.0,Food & Dining
family-00662,family,Paneer tikka,1,310.0,Food & Dining
family-00662,family,Veg biryani,1,260.0,Food & Dining
family-00662,family,Tandoori roti,1,35.0,Food & Dining
family-00663,family,Petrol,1,1948.0,Travel
family-00664,family,Vegetables,1,172.0,Groceries
family-00664,family,Rice 5kg,1,390.0,Groceries
family-00664,family,Mustard oil 1L,1,185.0,Groceries
family-00664,family,Sugar 1kg,1,46.0,Groceries
family-00665,family,Petrol,1,1621.0,Travel
family-00666,family,Tea 500g,1,260.0,Groceries
family-00666,family,Mustard oil 1L,1,185.0,Groceries
family-00666,family,Toor dal 1kg,1,165.0,Groceries
family-00666,family,Sugar 1kg,1,46.0,Groceries
family-00666,family,Vegetables,1,125.0,Groceries
family-00667,family,Mustard oil 1L,1,185.0,Groceries
family-00667,family,Tea 500g,1,260.0,Groceries
family-00667,family,Rice 5kg,1,390.0,Groceries
family-00667,family,Toor dal 1kg,1,165.0,Groceries
family-00667,family,Atta 10kg,1,480.0,Groceries
family-00668,family,Atta 10kg,1,480.0,Groceries
family-00668,family,Vegetables,1,199.0,Groceries
family-00668,family,Sugar 1kg,1,46.0,Groceries
family-00668,family,Mustard oil 1L,1,185.0,Groceries
family-00668,family,Toor dal 1kg,1,165.0,Groceries
family-00669,family,DTH recharge,1,297.0,Entertainment
family-00670,family,Masala dosa,2,340.0,Food & Dining
family-00670,family,Chole bhature,1,180.0,Food & Dining
family-00671,family,Veg biryani,1,260.0,Food & Dining
family-00671,family,Tandoori roti,1,35.0,Food & Dining
family-00671,family,Paneer tikka,1,310.0,Food & Dining
family-00672,family,Atta 10kg,1,480.0,Groceries
family-00672,family,Vegetables,1,244.0,Groceries
family-00672,family,Sugar 1kg,1,46.0,Groceries
family-00672,family,Rice 5kg,1,390.0,Groceries
family-00672,family,Tea 500g,1,260.0,Groceries
family-00673,family,Petrol,1,2189.0,Travel
family-00674,family,Atta 10kg,1,480.0,Groceries
family-00674,family,Tea 500g,1,260.0,Groceries
family-00674,family,Toor dal 1kg,1,165.0,Groceries
family-00674,family,Mustard oil 1L,1,185.0,Groceries
family-00675,family,Tea 500g,1,260.0,Groceries
family-00675,family,Vegetables,1,151.0,Groceries
family-00675,family,Atta 10kg,1,480.0,Groceries
family-00676,family,Soap 4-pack,1,180.0,Groceries
family-00676,family,Toothpaste,1,110.0,Groceries
family-00676,family,Namkeen,1,90.0,Groceries
family-00677,family,Rice 5kg,1,390.0,Groceries
family-00677,family,Vegetables,1,176.0,Groceries
family-00677,family,Atta 10kg,1,480.0,Groceries
family-00678,family,Petrol,1,1703.0,Travel
family-00679,family,Rice 5kg,1,390.0,Groceries
family-00679,family,Sugar 1kg,1,46.0,Groceries
family-00680,family,Vegetables,1,310.0,Groceries
family-00680,family,Atta 10kg,1,480.0,Groceries
family-00680,family,Toor dal 1kg,1,165.0,Groceries
family-00680,family,Rice 5kg,1,390.0,Groceries
family-00681,family,Soap 4-pack,1,180.0,Groceries
family-00681,family,Biscuits family pack,1,120.0,Groceries
family-00681,family,Detergent 2kg,1,380.0,Groceries
family-00682,family,Petrol,1,1524.0,Travel
family-00683,family,Mustard oil 1L,1,185.0,Groceries
family-00683,family,Tea 500g,1,260.0,Groceries
family-00683,family,Sugar 1kg,1,46.0,Groceries
family-00683,family,Rice 5kg,1,390.0,Groceries
family-00684,family,Ghee 1L,1,620.0,Groceries
family-00684,family,Soap 4-pack,1,180.0,Groceries
family-00684,family,Biscuits family pack,1,120.0,Groceries
family-00685,family,Electricity bill,1,3735.0,Bills & Utilities
family-00686,family,Toor dal 1kg,1,165.0,Groceries
family-00686,family,Atta 10kg,1,480.0,Groceries
family-00686,family,Tea 500g,1,260.0,Groceries
family-00687,family,Toor dal 1kg,1,165.0,Groceries
family-00687,family,Sugar 1kg,1,46.0,Groceries
family-00688,family,Mustard oil 1L,1,185.0,Groceries
family-00688,family,Sugar 1kg,1,46.0,Groceries
family-00689,family,Paneer tikka,1,310.0,Food & Dining
family-00689,family,Veg biryani,1,260.0,Food & Dining
family-00689,family,Tandoori roti,1,35.0,Food & Dining
family-00690,family,Kurta,1,899.0,Shopping
family-00690,family,Kids t-shirt,1,399.0,Shopping
family-00691,family,Veg biryani,2,520.0,Food & Dining
family-00691,family,Tandoori roti,2,70.0,Food & Dining
family-00692,family,Postpaid plan,1,508.0,Bills & Utilities
family-00693,family,Tea 500g,1,260.0,Groceries
family-00693,family,Vegetables,1,234.0,Groceries
family-00694,family,Ghee 1L,1,620.0,Groceries
family-00694,family,Biscuits family pack,1,120.0,Groceries
family-00694,family,Detergent 2kg,1,380.0,Groceries
family-00695,family,Mustard oil 1L,1,185.0,Groceries
family-00695,family,Rice 5kg,1,390.0,Groceries
family-00695,family,Toor dal 1kg,1,165.0,Groceries
family-00695,family,Tea 500g,1,260.0,Groceries
family-00696,family,Soap 4-pack,1,180.0,Groceries
family-00696,family,Toothpaste,1,110.0,Groceries
family-00696,family,Ghee 1L,1,620.0,Groceries
family-00696,family,Detergent 2kg,1,380.0,Groceries
family-00696,family,Biscuits family pack,1,120.0,Groceries
family-00697,family,Tandoori roti,1,35.0,Food & Dining
family-00697,family,Paneer tikka,1,310.0,Food & Dining
family-00697,family,Veg biryani,1,260.0,Food & Dining
family-00697,family,Dal makhani,2,560.0,Food & Dining
family-00698,family,Petrol,1,2184.0,Travel
family-00699,family,Petrol,1,2073.0,Travel
family-00700,family,Atta 10kg,1,480.0,Groceries
family-00700,family,Mustard oil 1L,1,185.0,Groceries
family-00700,family,Vegetables,1,304.0,Groceries
family-00700,family,Toor dal 1kg,1,165.0,Groceries
family-00701,family,Detergent 2kg,1,380.0,Groceries
family-00701,family,Biscuits family pack,1,120.0,Groceries
family-00701,family,Ghee 1L,1,620.0,Groceries
family-00701,family,Soap 4-pack,1,180.0,Groceries
family-00701,family,Namkeen,1,90.0,Groceries
family-00701,family,Toothpaste,1,110.0,Groceries
family-00702,family,Rasmalai,1,140.0,Food & Dining
family-00702,family,Thali,1,320.0,Food & Dining
family-00702,family,Masala dosa,1,170.0,Food & Dining
family-00702,family,Chole bhature,2,360.0,Food & Dining
family-00703,family,Petrol,1,1897.0,Travel
family-00704,family,Rice 5kg,1,390.0,Groceries
family-00704,family,Toor dal 1kg,1,165.0,Groceries
family-00704,family,Tea 500g,1,260.0,Groceries
family-00704,family,Mustard oil 1L,1,185.0,Groceries
family-00704,family,Atta 10kg,1,480.0,Groceries
family-00705,family,Toothpaste,1,110.0,Groceries
family-00705,family,Detergent 2kg,1,380.0,Groceries
family-00705,family,Soap 4-pack,1,180.0,Groceries
family-00705,family,Namkeen,1,90.0,Groceries
family-00705,family,Ghee 1L,1,620.0,Groceries
family-00705,family,Biscuits family pack,1,120.0,Groceries
family-00706,family,Masala dosa,1,170.0,Food & Dining
family-00706,family,Thali,1,320.0,Food & Dining
family-00707,family,Petrol,1,2391.0,Travel
family-00708,family,Thali,1,320.0,Food & Dining
family-00708,family,Raj kachori,1,160.0,Food & Dining
family-00708,family,Rasmalai,1,140.0,Food & Dining
family-00709,family,Namkeen,1,90.0,Groceries
family-00709,family,Soap 4-pack,1,180.0,Groceries
family-00709,family,Detergent 2kg,1,380.0,Groceries
family-00710,family,DTH recharge,1,297.0,Entertainment
family-00711,family,Veg biryani,1,260.0,Food & Dining
family-00711,family,Tandoori roti,2,70.0,Food & Dining
family-00712,family,Petrol,1,2223.0,Travel
family-00713,family,Rice 5kg,1,390.0,Groceries
family-00713,family,Sugar 1kg,1,46.0,Groceries
family-00713,family,Toor dal 1kg,1,165.0,Groceries
family-00713,family,Vegetables,1,209.0,Groceries
family-00713,family,Mustard oil 1L,1,185.0,Groceries
family-00714,family,Biscuits family pack,1,120.0,Groceries
family-00714,family,Toothpaste,1,110.0,Groceries
family-00714,family,Namkeen,1,90.0,Groceries
family-00714,family,Ghee 1L,1,620.0,Groceries
family-00714,family,Detergent 2kg,1,380.0,Groceries
family-00714,family,Soap 4-pack,1,180.0,Groceries
family-00715,family,Chole bhature,1,180.0,Food & Dining
family-00715,family,Raj kachori,1,160.0,Food & Dining
family-00715,family,Masala dosa,1,170.0,Food & Dining
family-00716,family,Vegetables,1,342.0,Groceries
family-00716,family,Toor dal 1kg,1,165.0,Groceries
family-00717,family,Dal makhani,2,560.0,Food & Dining
family-00717,family,Veg biryani,1,260.0,Food & Dining
family-00717,family,Paneer tikka,1,310.0,Food & Dining
family-00718,family,Paneer tikka,1,310.0,Food & Dining
family-00718,family,Dal makhani,1,280.0,Food & Dining
family-00718,family,Veg biryani,1,260.0,Food & Dining
family-00719,family,School shoes,1,1199.0,Shopping
family-00719,family,Kids t-shirt,1,399.0,Shopping
family-00719,family,Saree,1,2499.0,Shopping
family-00720,family,Toothpaste,1,110.0,Groceries
family-00720,family,Namkeen,1,90.0,Groceries
family-00720,family,Detergent 2kg,1,380.0,Groceries
family-00720,family,Soap 4-pack,1,180.0,Groceries
family-00721,family,Atta 10kg,1,480.0,Groceries
family-00721,family,Vegetables,1,304.0,Groceries
family-00721,family,Toor dal 1kg,1,165.0,Groceries
family-00722,family,Toothpaste,1,110.0,Groceries
family-00722,family,Ghee 1L,1,620.0,Groceries
family-00722,family,Soap 4-pack,1,180.0,Groceries
family-00722,family,Biscuits family pack,1,120.0,Groceries
family-00722,family,Detergent 2kg,1,380.0,Groceries
family-00722,family,Namkeen,1,90.0,Groceries
family-00723,family,Kurta,1,899.0,Shopping
family-00724,family,Rasmalai,2,280.0,Food & Dining
family-00724,family,Raj kachori,1,160.0,Food & Dining
family-00725,family,Electricity bill,1,3325.0,Bills & Utilities
family-00726,family,Toothpaste,1,110.0,Groceries
family-00726,family,Biscuits family pack,1,120.0,Groceries
family-00726,family,Soap 4-pack,1,180.0,Groceries
family-00726,family,Namkeen,1,90.0,Groceries
family-00726,family,Detergent 2kg,1,380.0,Groceries
family-00727,family,School shoes,1,1199.0,Shopping
family-00727,family,Saree,1,2499.0,Shopping
family-00728,family,Sugar 1kg,1,46.0,Groceries
family-00728,family,Mustard oil 1L,1,185.0,Groceries
family-00728,family,Toor dal 1kg,1,165.0,Groceries
family-00729,family,Atta 10kg,1,480.0,Groceries
family-00729,family,Vegetables,1,242.0,Groceries
family-00729,family,Rice 5kg,1,390.0,Groceries
family-00729,family,Mustard oil 1L,1,185.0,Groceries
family-00729,family,Toor dal 1kg,1,165.0,Groceries
family-00730,family,Biscuits family pack,1,120.0,Groceries
family-00730,family,Toothpaste,1,110.0,Groceries
family-00730,family,Detergent 2kg,1,380.0,Groceries
family-00731,family,Rasmalai,1,140.0,Food & Dining
family-00731,family,Thali,1,320.0,Food & Dining
family-00732,family,Paneer tikka,1,310.0,Food & Dining
family-00732,family,Dal makhani,1,280.0,Food & Dining
family-00733,family,Soap 4-pack,1,180.0,Groceries
family-00733,family,Ghee 1L,1,620.0,Groceries
family-00733,family,Namkeen,1,90.0,Groceries
family-00733,family,Toothpaste,1,110.0,Groceries
family-00734,family,Postpaid plan,1,508.0,Bills & Utilities
family-00735,family,Namkeen,1,90.0,Groceries
family-00735,family,Toothpaste,1,110.0,Groceries
family-00735,family,Detergent 2kg,1,380.0,Groceries
family-00735,family,Biscuits family pack,1,120.0,Groceries
family-00736,family,Rasmalai,1,140.0,Food & Dining
family-00736,family,Chole bhature,1,180.0,Food & Dining
family-00737,family,Veg biryani,2,520.0,Food & Dining
family-00737,family,Dal makhani,1,280.0,Food & Dining
family-00737,family,Paneer tikka,1,310.0,Food & Dining
family-00738,family,Petrol,1,1581.0,Travel
family-00739,family,Kurta,1,899.0,Shopping
family-00740,family,Saree,1,2499.0,Shopping
family-00741,family,Paneer tikka,1,310.0,Food & Dining
family-00741,family,Dal makhani,1,280.0,Food & Dining
