tx_id,persona,date,weekday,merchant,category,service_type,payment_method,n_items,subtotal,tax,cgst,sgst,gst_rate,gstin,total,recurring,is_anomaly,anomaly_type
student-00000,student,2025-04-01,Tue,Amruttulya Chai,Food & Dining,restaurant,UPI,2,65.0,0.0,,,,,65.0,False,False,
student-00001,student,2025-04-01,Tue,College Canteen,Food & Dining,restaurant,Cash,2,90.0,0.0,,,,,90.0,False,False,
student-00002,student,2025-04-02,Wed,Amruttulya Chai,Food & Dining,restaurant,UPI,1,35.0,0.0,,,,,35.0,False,False,
student-00003,student,2025-04-02,Wed,Amruttulya Chai,Food & Dining,restaurant,UPI,1,35.0,0.0,,,,,35.0,False,False,
student-00004,student,2025-04-02,Wed,Swiggy,Food & Dining,restaurant,UPI,3,710.0,35.5,17.75,17.75,5,27XKGBC0426S1Z5,746.0,False,False,
student-00005,student,2025-04-02,Wed,D-Mart,Groceries,groceries,UPI,4,552.0,27.6,13.8,13.8,5,27CMJWX9755E1ZJ,580.0,False,False,
student-00006,student,2025-04-02,Wed,Uber,Travel,cab,UPI,1,349.0,17.45,8.72,8.72,5,27GMGDY2965Z1ZY,366.0,False,False,
student-00007,student,2025-04-03,Thu,Amruttulya Chai,Food & Dining,restaurant,Cash,1,81,0.0,,,,,81.0,False,True,spike
student-00008,student,2025-04-03,Thu,Rapido,Travel,cab,UPI,1,120.0,6.0,3.0,3.0,5,27GGEZE0457T1ZW,126.0,False,False,
student-00009,student,2025-04-04,Fri,Amruttulya Chai,Food & Dining,restaurant,UPI,1,35.0,0.0,,,,,35.0,False,False,
student-00010,student,2025-04-04,Fri,Amruttulya Chai,Food & Dining,restaurant,Cash,2,95.0,0.0,,,,,95.0,False,False,
student-00011,student,2025-04-04,Fri,Amruttulya Chai,Food & Dining,restaurant,Cash,1,30.0,0.0,,,,,30.0,False,False,
student-00012,student,2025-04-04,Fri,Jio,Bills & Utilities,telecom,UPI,1,253.0,45.54,22.77,22.77,18,27HGOQQ4697J1ZR,299.0,True,False,
student-00013,student,2025-04-04,Fri,Amruttulya Chai,Food & Dining,restaurant,Cash,2,95.0,0.0,,,,,95.0,False,True,duplicate
student-00014,student,2025-04-05,Sat,Amruttulya Chai,Food & Dining,restaurant,UPI,1,35.0,0.0,,,,,35.0,False,False,
student-00015,student,2025-04-05,Sat,Sunrise PG,Bills & Utilities,other,UPI,1,7500.0,0.0,,,,,7500.0,True,False,
student-00016,student,2025-04-06,Sun,PVR Cinemas,Entertainment,movies,UPI,2,514.0,92.52,46.26,46.26,18,27FPFIK2511K1ZB,607.0,False,False,
student-00017,student,2025-04-07,Mon,Swiggy,Food & Dining,restaurant,UPI,2,440.0,22.0,11.0,11.0,5,27XKGBC0426S1Z5,462.0,False,False,
student-00018,student,2025-04-08,Tue,College Canteen,Food & Dining,restaurant,UPI,1,20.0,0.0,,,,,20.0,False,False,
student-00019,student,2025-04-08,Tue,College Canteen,Food & Dining,restaurant,UPI,2,70.0,0.0,,,,,70.0,False,False,
student-00020,student,2025-04-09,Wed,College Canteen,Food & Dining,restaurant,UPI,1,20.0,0.0,,,,,20.0,False,False,
student-00021,student,2025-04-09,Wed,Rapido,Travel,cab,UPI,1,130.0,6.5,3.25,3.25,5,27GGEZE0457T1ZW,136.0,False,False,
student-00022,student,2025-04-10,Thu,Amruttulya Chai,Food & Dining,restaurant,UPI,1,35.0,0.0,,,,,35.0,False,False,
student-00023,student,2025-04-10,Thu,College Canteen,Food & Dining,restaurant,UPI,1,40.0,0.0,,,,,40.0,False,False,
student-00024,student,2025-04-11,Fri,Amruttulya Chai,Food & Dining,restaurant,UPI,1,35.0,0.0,,,,,35.0,False,False,
student-00025,student,2025-04-11,Fri,College Canteen,Food & Dining,restaurant,UPI,1,50.0,0.0,,,,,50.0,False,False,
student-00026,student,2025-04-11,Fri,Rapido,Travel,cab,UPI,1,78.0,3.9,1.95,1.95,5,27GGEZE0457T1ZW,82.0,False,False,
student-00027,student,2025-04-12,Sat,Swiggy,Food & Dining,restaurant,Cash,2,235.0,11.75,5.88,5.88,5,27XKGBC0426S1Z5,247.0,False,False,
student-00028,student,2025-04-13,Sun,D-Mart,Groceries,groceries,Cash,4,475.0,23.75,11.88,11.88,5,27CMJWX9755E1ZJ,499.0,False,False,
student-00029,student,2025-04-13,Sun,D-Mart,Groceries,groceries,UPI,3,489.0,24.45,12.22,12.22,5,27CMJWX9755E1ZJ,513.0,False,False,
student-00030,student,2025-04-13,Sun,Myntra,Shopping,clothing,UPI,1,1299.0,155.88,77.94,77.94,12,27ARDCB0955U1ZP,1455.0,False,False,
student-00031,student,2025-04-14,Mon,Amruttulya Chai,Food & Dining,restaurant,Cash,1,30.0,0.0,,,,,30.0,False,False,
student-00032,student,2025-04-14,Mon,Amruttulya Chai,Food & Dining,restaurant,Card,1,70.0,0.0,,,,,70.0,False,False,
student-00033,student,2025-04-14,Mon,Swiggy,Food & Dining,restaurant,UPI,3,510.0,25.5,12.75,12.75,5,27XKGBC0426S1Z5,536.0,False,False,
student-00034,student,2025-04-15,Tue,Amruttulya Chai,Food & Dining,restaurant,UPI,2,85.0,0.0,,,,,85.0,False,False,
student-00035,student,2025-04-15,Tue,Domino's,Food & Dining,restaurant,UPI,1,129.0,6.45,3.23,3.23,5,27VNABW2204S1ZD,135.0,False,False,
student-00036,student,2025-04-15,Tue,Rapido,Travel,cab,UPI,1,101.0,5.05,2.52,2.52,5,27GGEZE0457T1ZW,106.0,False,False,
student-00037,student,2025-04-16,Wed,College Canteen,Food & Dining,restaurant,UPI,1,140.0,0.0,,,,,140.0,False,False,
student-00038,student,2025-04-17,Thu,Amruttulya Chai,Food & Dining,restaurant,Card,1,30.0,0.0,,,,,30.0,False,False,
student-00039,student,2025-04-17,Thu,Amruttulya Chai,Food & Dining,restaurant,UPI,1,70.0,0.0,,,,,70.0,False,False,
student-00040,student,2025-04-17,Thu,Rapido,Travel,cab,UPI,1,60.0,3.0,1.5,1.5,5,27GGEZE0457T1ZW,63.0,False,False,
student-00041,student,2025-04-17,Thu,Stationery Mart,Shopping,other,UPI,1,102.0,0.0,,,,,102.0,False,False,
student-00042,student,2025-04-18,Fri,Rapido,Travel,cab,UPI,1,61.0,3.05,1.52,1.52,5,27GGEZE0457T1ZW,64.0,False,False,
student-00043,student,2025-04-18,Fri,Rapido,Travel,cab,Card,1,98.0,4.9,2.45,2.45,5,27GGEZE0457T1ZW,103.0,False,False,
student-00044,student,2025-04-18,Fri,PVR Cinemas,Entertainment,movies,UPI,2,626.0,112.68,56.34,56.34,18,27FPFIK2511K1ZB,739.0,False,False,
student-00045,student,2025-04-18,Fri,Spotify,Entertainment,subscription,UPI,1,101.0,18.18,9.09,9.09,18,27OAXQT6211P1ZR,119.0,True,False,
student-00046,student,2025-04-19,Sat,Amruttulya Chai,Food & Dining,restaurant,UPI,2,45.0,0.0,,,,,45.0,False,False,
student-00047,student,2025-04-19,Sat,Rapido,Travel,cab,UPI,1,139.0,6.95,3.48,3.48,5,27GGEZE0457T1ZW,146.0,False,False,
student-00048,student,2025-04-20,Sun,Swiggy,Food & Dining,restaurant,UPI,2,235.0,11.75,5.88,5.88,5,27XKGBC0426S1Z5,247.0,False,False,
student-00049,student,2025-04-20,Sun,Uber,Travel,cab,UPI,1,224.0,11.2,5.6,5.6,5,27GMGDY2965Z1ZY,235.0,False,False,
student-00050,student,2025-04-21,Mon,Amruttulya Chai,Food & Dining,restaurant,UPI,1,30.0,0.0,,,,,30.0,False,False,
student-00051,student,2025-04-21,Mon,Rapido,Travel,cab,UPI,1,75.0,3.75,1.88,1.88,5,27GGEZE0457T1ZW,79.0,False,False,
student-00052,student,2025-04-22,Tue,Amruttulya Chai,Food & Dining,restaurant,UPI,2,50.0,0.0,,,,,50.0,False,False,
student-00053,student,2025-04-22,Tue,Rapido,Travel,cab,UPI,1,46.0,2.3,1.15,1.15,5,27GGEZE0457T1ZW,48.0,False,False,
student-00054,student,2025-04-24,Thu,College Canteen,Food & Dining,restaurant,UPI,2,70.0,0.0,,,,,70.0,False,False,
student-00055,student,2025-04-25,Fri,Amruttulya Chai,Food & Dining,restaurant,UPI,1,35.0,0.0,,,,,35.0,False,False,
student-00056,student,2025-04-25,Fri,College Canteen,Food & Dining,restaurant,UPI,1,20.0,0.0,,,,,20.0,False,False,
student-00057,student,2025-04-25,Fri,College Canteen,Food & Dining,restaurant,UPI,1,20.0,0.0,,,,,20.0,False,False,
student-00058,student,2025-04-25,Fri,College Canteen,Food & Dining,restaurant,UPI,2,110.0,0.0,,,,,110.0,False,False,
student-00059,student,2025-04-25,Fri,Swiggy,Food & Dining,restaurant,UPI,3,750.0,37.5,18.75,18.75,5,27XKGBC0426S1Z5,788.0,False,False,
student-00060,student,2025-04-26,Sat,Amruttulya Chai,Food & Dining,restaurant,UPI,1,35.0,0.0,,,,,35.0,False,False,
student-00061,student,2025-04-26,Sat,Swiggy,Food & Dining,restaurant,UPI,2,285.0,14.25,7.12,7.12,5,27XKGBC0426S1Z5,299.0,False,False,
student-00062,student,2025-04-27,Sun,Amruttulya Chai,Food & Dining,restaurant,Cash,1,30.0,0.0,,,,,30.0,False,False,
student-00063,student,2025-04-27,Sun,Swiggy,Food & Dining,restaurant,UPI,1,190.0,9.5,4.75,4.75,5,27XKGBC0426S1Z5,200.0,False,False,
student-00064,student,2025-04-28,Mon,Amruttulya Chai,Food & Dining,restaurant,Cash,2,50.0,0.0,,,,,50.0,False,False,
student-00065,student,2025-04-28,Mon,Rapido,Travel,cab,UPI,1,53.0,2.65,1.32,1.32,5,27GGEZE0457T1ZW,56.0,False,False,
student-00066,student,2025-04-29,Tue,Myntra,Shopping,clothing,UPI,1,1799.0,215.88,107.94,107.94,12,27ARDCB0955U1ZP,2015.0,False,False,
student-00067,student,2025-04-30,Wed,Amruttulya Chai,Food & Dining,restaurant,UPI,1,30.0,0.0,,,,,30.0,False,False,
student-00068,student,2025-04-30,Wed,College Canteen,Food & Dining,restaurant,UPI,2,60.0,0.0,,,,,60.0,False,False,
student-00069,student,2025-04-30,Wed,Rapido,Travel,cab,UPI,1,53.0,2.65,1.32,1.32,5,27GGEZE0457T1ZW,56.0,False,False,
student-00070,student,2025-05-01,Thu,Amruttulya Chai,Food & Dining,restaurant,UPI,1,15.0,0.0,,,,,15.0,False,False,
student-00071,student,2025-05-01,Thu,Amruttulya Chai,Food & Dining,restaurant,UPI,1,30.0,0.0,,,,,30.0,False,False,
student-00072,student,2025-05-01,Thu,College Canteen,Food & Dining,restaurant,UPI,1,70.0,0.0,,,,,70.0,False,False,
student-00073,student,2025-05-01,Thu,Swiggy,Food & Dining,restaurant,UPI,3,565.0,28.25,14.12,14.12,5,27XKGBC0426S1Z5,593.0,False,False,
student-00074,student,2025-05-01,Thu,D-Mart,Groceries,groceries,UPI,4,352.0,17.6,8.8,8.8,5,27CMJWX9755E1ZJ,370.0,False,False,
student-00075,student,2025-05-01,Thu,Rapido,Travel,cab,UPI,1,136.0,6.8,3.4,3.4,5,27GGEZE0457T1ZW,143.0,False,False,
student-00076,student,2025-05-02,Fri,Amruttulya Chai,Food & Dining,restaurant,UPI,1,30.0,0.0,,,,,30.0,False,False,
student-00077,student,2025-05-02,Fri,Rapido,Travel,cab,Card,1,68.0,3.4,1.7,1.7,5,27GGEZE0457T1ZW,71.0,False,False,
student-00078,student,2025-05-02,Fri,Jio,Bills & Utilities,telecom,UPI,1,253.0,45.54,22.77,22.77,18,27HGOQQ4697J1ZR,299.0,True,False,
student-00079,student,2025-05-03,Sat,Amruttulya Chai,Food & Dining,restaurant,UPI,1,30.0,0.0,,,,,30.0,False,False,
student-00080,student,2025-05-03,Sat,Swiggy,Food & Dining,restaurant,UPI,3,880.0,44.0,22.0,22.0,5,27XKGBC0426S1Z5,924.0,False,False,
student-00081,student,2025-05-04,Sun,Amruttulya Chai,Food & Dining,restaurant,UPI,1,35.0,0.0,,,,,35.0,False,False,
student-00082,student,2025-05-04,Sun,Domino's,Food & Dining,restaurant,UPI,2,519.0,25.95,12.97,12.97,5,27VNABW2204S1ZD,545.0,False,False,
student-00083,student,2025-05-05,Mon,Sunrise PG,Bills & Utilities,other,UPI,1,7500.0,0.0,,,,,7500.0,True,False,
student-00084,student,2025-05-06,Tue,Amruttulya Chai,Food & Dining,restaurant,UPI,2,65.0,0.0,,,,,65.0,False,False,
student-00085,student,2025-05-06,Tue,Amruttulya Chai,Food & Dining,restaurant,UPI,2,65.0,0.0,,,,,65.0,False,False,
student-00086,student,2025-05-06,Tue,College Canteen,Food & Dining,restaurant,UPI,1,50.0,0.0,,,,,50.0,False,False,
student-00087,student,2025-05-07,Wed,Amruttulya Chai,Food & Dining,restaurant,UPI,2,95.0,0.0,,,,,95.0,False,False,
student-00088,student,2025-05-07,Wed,College Canteen,Food & Dining,restaurant,Cash,2,90.0,0.0,,,,,90.0,False,False,
student-00089,student,2025-05-07,Wed,College Canteen,Food & Dining,restaurant,UPI,1,70.0,0.0,,,,,70.0,False,False,
student-00090,student,2025-05-07,Wed,Swiggy,Food & Dining,restaurant,UPI,2,325.0,16.25,8.12,8.12,5,27XKGBC0426S1Z5,341.0,False,False,
student-00091,student,2025-05-08,Thu,Amruttulya Chai,Food & Dining,restaurant,UPI,2,65.0,0.0,,,,,65.0,False,False,
student-00092,student,2025-05-08,Thu,Amruttulya Chai,Food & Dining,restaurant,UPI,1,15.0,0.0,,,,,15.0,False,False,
student-00093,student,2025-05-08,Thu,Amruttulya Chai,Food & Dining,restaurant,UPI,1,35.0,0.0,,,,,35.0,False,False,
student-00094,student,2025-05-10,Sat,College Canteen,Food & Dining,restaurant,UPI,1,20.0,0.0,,,,,20.0,False,False,
student-00095,student,2025-05-11,Sun,Swiggy,Food & Dining,restaurant,Card,2,670.0,33.5,16.75,16.75,5,27XKGBC0426S1Z5,704.0,False,False,
student-00096,student,2025-05-11,Sun,Domino's,Food & Dining,restaurant,UPI,1,60.0,3.0,1.5,1.5,5,27VNABW2204S1ZD,63.0,False,False,
student-00097,student,2025-05-11,Sun,Uber,Travel,cab,UPI,1,365.0,18.25,9.12,9.12,5,27GMGDY2965Z1ZY,383.0,False,False,
student-00098,student,2025-05-12,Mon,Amruttulya Chai,Food & Dining,restaurant,UPI,2,45.0,0.0,,,,,45.0,False,False,
student-00099,student,2025-05-12,Mon,Swiggy,Food & Dining,restaurant,UPI,2,370.0,18.5,9.25,9.25,5,27XKGBC0426S1Z5,388.0,False,False,
student-00100,student,2025-05-12,Mon,PVR Cinemas,Entertainment,movies,UPI,2,619.0,111.42,55.71,55.71,18,27FPFIK2511K1ZB,730.0,False,False,
student-00101,student,2025-05-13,Tue,Amruttulya Chai,Food & Dining,restaurant,Cash,2,50.0,0.0,,,,,50.0,False,False,
student-00102,student,2025-05-13,Tue,College Canteen,Food & Dining,restaurant,UPI,1,50.0,0.0,,,,,50.0,False,False,
student-00103,student,2025-05-13,Tue,Swiggy,Food & Dining,restaurant,UPI,3,565.0,28.25,14.12,14.12,5,27XKGBC0426S1Z5,593.0,False,False,
student-00104,student,2025-05-14,Wed,Amruttulya Chai,Food & Dining,restaurant,UPI,2,50.0,0.0,,,,,50.0,False,False,
student-00105,student,2025-05-14,Wed,College Canteen,Food & Dining,restaurant,UPI,1,20.0,0.0,,,,,20.0,False,False,
student-00106,student,2025-05-14,Wed,Swiggy,Food & Dining,restaurant,UPI,3,600.0,30.0,15.0,15.0,5,27XKGBC0426S1Z5,630.0,False,False,
student-00107,student,2025-05-15,Thu,Amruttulya Chai,Food & Dining,restaurant,UPI,1,15.0,0.0,,,,,15.0,False,False,
student-00108,student,2025-05-15,Thu,Amruttulya Chai,Food & Dining,restaurant,UPI,2,45.0,0.0,,,,,45.0,False,False,
student-00109,student,2025-05-15,Thu,Amruttulya Chai,Food & Dining,restaurant,UPI,2,45.0,0.0,,,,,45.0,False,True,duplicate
student-00110,student,2025-05-16,Fri,College Canteen,Food & Dining,restaurant,Card,1,20.0,0.0,,,,,20.0,False,False,
student-00111,student,2025-05-17,Sat,Amruttulya Chai,Food & Dining,restaurant,UPI,2,45.0,0.0,,,,,45.0,False,False,
student-00112,student,2025-05-17,Sat,Swiggy,Food & Dining,restaurant,Cash,2,800.0,40.0,20.0,20.0,5,27XKGBC0426S1Z5,840.0,False,False,
student-00113,student,2025-05-18,Sun,Amruttulya Chai,Food & Dining,restaurant,UPI,2,60.0,0.0,,,,,60.0,False,False,
student-00114,student,2025-05-18,Sun,College Canteen,Food & Dining,restaurant,UPI,2,60.0,0.0,,,,,60.0,False,False,
student-00115,student,2025-05-18,Sun,Spotify,Entertainment,subscription,UPI,1,101.0,18.18,9.09,9.09,18,27OAXQT6211P1ZR,119.0,True,False,
student-00116,student,2025-05-19,Mon,College Canteen,Food & Dining,restaurant,Card,1,100.0,0.0,,,,,100.0,False,False,
student-00117,student,2025-05-20,Tue,Rapido,Travel,cab,UPI,1,120.0,6.0,3.0,3.0,5,27GGEZE0457T1ZW,126.0,False,False,
student-00118,student,2025-05-21,Wed,Amruttulya Chai,Food & Dining,restaurant,UPI,1,60.0,0.0,,,,,60.0,False,False,
student-00119,student,2025-05-21,Wed,College Canteen,Food & Dining,restaurant,UPI,1,50.0,0.0,,,,,50.0,False,False,
student-00120,student,2025-05-21,Wed,Swiggy,Food & Dining,restaurant,UPI,1,190.0,9.5,4.75,4.75,5,27XKGBC0426S1Z5,200.0,False,False,
student-00121,student,2025-05-22,Thu,College Canteen,Food & Dining,restaurant,UPI,2,160.0,0.0,,,,,160.0,False,False,
student-00122,student,2025-05-22,Thu,Rapido,Travel,cab,UPI,1,97.0,4.85,2.42,2.42,5,27GGEZE0457T1ZW,102.0,False,False,
student-00123,student,2025-05-22,Thu,Rapido,Travel,cab,Card,1,93.0,4.65,2.33,2.33,5,27GGEZE0457T1ZW,98.0,False,False,
student-00124,student,2025-05-23,Fri,Amruttulya Chai,Food & Dining,restaurant,UPI,1,70.0,0.0,,,,,70.0,False,False,
student-00125,student,2025-05-23,Fri,Amruttulya Chai,Food & Dining,restaurant,Cash,1,60.0,0.0,,,,,60.0,False,False,
student-00126,student,2025-05-23,Fri,College Canteen,Food & Dining,restaurant,UPI,1,20.0,0.0,,,,,20.0,False,False,
student-00127,student,2025-05-23,Fri,College Canteen,Food & Dining,restaurant,Cash,1,70.0,0.0,,,,,70.0,False,False,
student-00128,student,2025-05-23,Fri,D-Mart,Groceries,groceries,UPI,3,358.0,17.9,8.95,8.95,5,27CMJWX9755E1ZJ,376.0,False,False,
student-00129,student,2025-05-23,Fri,Rapido,Travel,cab,UPI,1,122.0,6.1,3.05,3.05,5,27GGEZE0457T1ZW,128.0,False,False,
student-00130,student,2025-05-24,Sat,Uber,Travel,cab,UPI,1,162.0,8.1,4.05,4.05,5,27GMGDY2965Z1ZY,170.0,False,False,
student-00131,student,2025-05-25,Sun,College Canteen,Food & Dining,restaurant,Card,2,90.0,0.0,,,,,90.0,False,False,
student-00132,student,2025-05-25,Sun,Rapido,Travel,cab,Cash,1,136.0,6.8,3.4,3.4,5,27GGEZE0457T1ZW,143.0,False,False,
student-00133,student,2025-05-26,Mon,Amruttulya Chai,Food & Dining,restaurant,UPI,1,30.0,0.0,,,,,30.0,False,False,
student-00134,student,2025-05-27,Tue,Swiggy,Food & Dining,restaurant,UPI,3,1180.0,59.0,29.5,29.5,5,27XKGBC0426S1Z5,1239.0,False,False,
student-00135,student,2025-05-27,Tue,Rapido,Travel,cab,Cash,1,110.0,5.5,2.75,2.75,5,27GGEZE0457T1ZW,116.0,False,False,
student-00136,student,2025-05-28,Wed,Rapido,Travel,cab,UPI,1,94.0,4.7,2.35,2.35,5,27GGEZE0457T1ZW,99.0,False,False,
student-00137,student,2025-05-29,Thu,College Canteen,Food & Dining,restaurant,UPI,2,70.0,0.0,,,,,70.0,False,False,
student-00138,student,2025-05-29,Thu,College Canteen,Food & Dining,restaurant,UPI,2,90.0,0.0,,,,,90.0,False,False,
student-00139,student,2025-05-30,Fri,Amruttulya Chai,Food & Dining,restaurant,UPI,2,45.0,0.0,,,,,45.0,False,False,
student-00140,student,2025-05-30,Fri,Amruttulya Chai,Food & Dining,restaurant,UPI,2,50.0,0.0,,,,,50.0,False,False,
student-00141,student,2025-05-30,Fri,College Canteen,Food & Dining,restaurant,UPI,2,40.0,0.0,,,,,40.0,False,False,
student-00142,student,2025-05-30,Fri,College Canteen,Food & Dining,restaurant,UPI,1,50.0,0.0,,,,,50.0,False,False,
student-00143,student,2025-05-30,Fri,Domino's,Food & Dining,restaurant,Card,1,459.0,22.95,11.47,11.47,5,27VNABW2204S1ZD,482.0,False,False,
student-00144,student,2025-05-30,Fri,Rapido,Travel,cab,UPI,1,124.0,6.2,3.1,3.1,5,27GGEZE0457T1ZW,130.0,False,False,
student-00145,student,2025-05-30,Fri,Jio,Bills & Utilities,telecom,UPI,1,253.0,45.54,22.77,22.77,18,27HGOQQ4697J1ZR,299.0,True,False,
student-00146,student,2025-05-31,Sat,Amruttulya Chai,Food & Dining,restaurant,Cash,1,15.0,0.0,,,,,15.0,False,False,
student-00147,student,2025-05-31,Sat,Domino's,Food & Dining,restaurant,UPI,3,648.0,32.4,16.2,16.2,5,27VNABW2204S1ZD,680.0,False,False,
student-00148,student,2025-05-31,Sat,Tanishq,Shopping,jewellery,UPI,1,45000.0,1350.0,675.0,675.0,3,27MROAH4702T1ZT,46350.0,False,True,unusual_merchant
student-00149,student,2025-06-01,Sun,D-Mart,Groceries,groceries,UPI,2,290.0,14.5,7.25,7.25,5,27CMJWX9755E1ZJ,304.0,False,False,
student-00150,student,2025-06-02,Mon,Amruttulya Chai,Food & Dining,restaurant,Cash,2,65.0,0.0,,,,,65.0,False,False,
student-00151,student,2025-06-02,Mon,Rapido,Travel,cab,UPI,1,70.0,3.5,1.75,1.75,5,27GGEZE0457T1ZW,74.0,False,False,
student-00152,student,2025-06-02,Mon,Rapido,Travel,cab,UPI,1,70.0,3.5,1.75,1.75,5,27GGEZE0457T1ZW,74.0,False,True,duplicate
student-00153,student,2025-06-03,Tue,Amruttulya Chai,Food & Dining,restaurant,UPI,2,100.0,0.0,,,,,100.0,False,False,
student-00154,student,2025-06-03,Tue,Amruttulya Chai,Food & Dining,restaurant,Cash,2,65.0,0.0,,,,,65.0,False,False,
student-00155,student,2025-06-03,Tue,Amruttulya Chai,Food & Dining,restaurant,UPI,2,85.0,0.0,,,,,85.0,False,False,
student-00156,student,2025-06-03,Tue,College Canteen,Food & Dining,restaurant,Cash,1,50.0,0.0,,,,,50.0,False,False,
student-00157,student,2025-06-04,Wed,Amruttulya Chai,Food & Dining,restaurant,UPI,1,35.0,0.0,,,,,35.0,False,False,
student-00158,student,2025-06-04,Wed,Amruttulya Chai,Food & Dining,restaurant,UPI,1,70.0,0.0,,,,,70.0,False,False,
student-00159,student,2025-06-04,Wed,College Canteen,Food & Dining,restaurant,UPI,1,20.0,0.0,,,,,20.0,False,False,
student-00160,student,2025-06-04,Wed,College Canteen,Food & Dining,restaurant,UPI,2,40.0,0.0,,,,,40.0,False,False,
student-00161,student,2025-06-04,Wed,D-Mart,Groceries,groceries,UPI,2,236.0,11.8,5.9,5.9,5,27CMJWX9755E1ZJ,248.0,False,False,
student-00162,student,2025-06-05,Thu,Sunrise PG,Bills & Utilities,other,UPI,1,7500.0,0.0,,,,,7500.0,True,False,
student-00163,student,2025-06-06,Fri,Amruttulya Chai,Food & Dining,restaurant,UPI,2,65.0,0.0,,,,,65.0,False,False,
student-00164,student,2025-06-06,Fri,D-Mart,Groceries,groceries,UPI,4,3970,198.5,99.25,99.25,5,27CMJWX9755E1ZJ,4168.0,False,True,spike
student-00165,student,2025-06-07,Sat,Amruttulya Chai,Food & Dining,restaurant,UPI,1,30.0,0.0,,,,,30.0,False,False,
student-00166,student,2025-06-07,Sat,College Canteen,Food & Dining,restaurant,UPI,1,20.0,0.0,,,,,20.0,False,False,
student-00167,student,2025-06-07,Sat,Swiggy,Food & Dining,restaurant,UPI,3,565.0,28.25,14.12,14.12,5,27XKGBC0426S1Z5,593.0,False,False,
student-00168,student,2025-06-07,Sat,Domino's,Food & Dining,restaurant,UPI,3,648.0,32.4,16.2,16.2,5,27VNABW2204S1ZD,680.0,False,False,
student-00169,student,2025-06-07,Sat,Rapido,Travel,cab,UPI,1,45.0,2.25,1.12,1.12,5,27GGEZE0457T1ZW,47.0,False,False,
student-00170,student,2025-06-08,Sun,Amruttulya Chai,Food & Dining,restaurant,UPI,2,45.0,0.0,,,,,45.0,False,False,
student-00171,student,2025-06-08,Sun,Amruttulya Chai,Food & Dining,restaurant,UPI,2,95.0,0.0,,,,,95.0,False,False,
student-00172,student,2025-06-08,Sun,College Canteen,Food & Dining,restaurant,UPI,2,60.0,0.0,,,,,60.0,False,False,
student-00173,student,2025-06-08,Sun,Rapido,Travel,cab,UPI,1,103.0,5.15,2.58,2.58,5,27GGEZE0457T1ZW,108.0,False,False,
student-00174,student,2025-06-08,Sun,Rapido,Travel,cab,UPI,1,122.0,6.1,3.05,3.05,5,27GGEZE0457T1ZW,128.0,False,False,
student-00175,student,2025-06-09,Mon,College Canteen,Food & Dining,restaurant,Card,2,170.0,0.0,,,,,170.0,False,False,
student-00176,student,2025-06-09,Mon,Myntra,Shopping,clothing,UPI,1,5381,645.72,322.86,322.86,12,27ARDCB0955U1ZP,6027.0,False,True,spike
student-00177,student,2025-06-10,Tue,College Canteen,Food & Dining,restaurant,UPI,1,20.0,0.0,,,,,20.0,False,False,
student-00178,student,2025-06-10,Tue,College Canteen,Food & Dining,restaurant,Card,1,70.0,0.0,,,,,70.0,False,False,
student-00179,student,2025-06-11,Wed,D-Mart,Groceries,groceries,UPI,3,276.0,13.8,6.9,6.9,5,27CMJWX9755E1ZJ,290.0,False,False,
student-00180,student,2025-06-12,Thu,College Canteen,Food & Dining,restaurant,UPI,1,50.0,0.0,,,,,50.0,False,False,
student-00181,student,2025-06-13,Fri,Amruttulya Chai,Food & Dining,restaurant,Cash,1,30.0,0.0,,,,,30.0,False,False,
student-00182,student,2025-06-13,Fri,Amruttulya Chai,Food & Dining,restaurant,UPI,1,70.0,0.0,,,,,70.0,False,False,
student-00183,student,2025-06-13,Fri,Amruttulya Chai,Food & Dining,restaurant,UPI,2,65.0,0.0,,,,,65.0,False,False,
student-00184,student,2025-06-13,Fri,College Canteen,Food & Dining,restaurant,UPI,2,40.0,0.0,,,,,40.0,False,False,
student-00185,student,2025-06-13,Fri,College Canteen,Food & Dining,restaurant,UPI,2,70.0,0.0,,,,,70.0,False,False,
student-00186,student,2025-06-13,Fri,Swiggy,Food & Dining,restaurant,UPI,3,600.0,30.0,15.0,15.0,5,27XKGBC0426S1Z5,630.0,False,False,
student-00187,student,2025-06-14,Sat,Amruttulya Chai,Food & Dining,restaurant,Cash,1,30.0,0.0,,,,,30.0,False,False,
student-00188,student,2025-06-14,Sat,Amruttulya Chai,Food & Dining,restaurant,UPI,2,100.0,0.0,,,,,100.0,False,False,
student-00189,student,2025-06-14,Sat,Amruttulya Chai,Food & Dining,restaurant,UPI,2,85.0,0.0,,,,,85.0,False,False,
student-00190,student,2025-06-14,Sat,College Canteen,Food & Dining,restaurant,Cash,1,40.0,0.0,,,,,40.0,False,False,
student-00191,student,2025-06-14,Sat,Uber,Travel,cab,UPI,1,1948,97.4,48.7,48.7,5,27GMGDY2965Z1ZY,2045.0,False,True,spike
student-00192,student,2025-06-15,Sun,College Canteen,Food & Dining,restaurant,UPI,2,40.0,0.0,,,,,40.0,False,False,
student-00193,student,2025-06-15,Sun,Swiggy,Food & Dining,restaurant,UPI,1,240.0,12.0,6.0,6.0,5,27XKGBC0426S1Z5,252.0,False,False,
student-00194,student,2025-06-16,Mon,Amruttulya Chai,Food & Dining,restaurant,UPI,2,75.0,0.0,,,,,75.0,False,False,
student-00195,student,2025-06-16,Mon,Amruttulya Chai,Food & Dining,restaurant,UPI,1,15.0,0.0,,,,,15.0,False,False,
student-00196,student,2025-06-16,Mon,Swiggy,Food & Dining,restaurant,UPI,1,45.0,2.25,1.12,1.12,5,27XKGBC0426S1Z5,47.0,False,False,
student-00197,student,2025-06-16,Mon,Myntra,Shopping,clothing,UPI,2,4298.0,515.76,257.88,257.88,12,27ARDCB0955U1ZP,4814.0,False,False,
student-00198,student,2025-06-17,Tue,D-Mart,Groceries,groceries,UPI,4,398.0,19.9,9.95,9.95,5,27CMJWX9755E1ZJ,418.0,False,False,
student-00199,student,2025-06-17,Tue,Rapido,Travel,cab,UPI,1,83.0,4.15,2.08,2.08,5,27GGEZE0457T1ZW,87.0,False,False,
student-00200,student,2025-06-17,Tue,Rapido,Travel,cab,UPI,1,89.0,4.45,2.23,2.23,5,27GGEZE0457T1ZW,93.0,False,False,
student-00201,student,2025-06-18,Wed,College Canteen,Food & Dining,restaurant,UPI,1,40.0,0.0,,,,,40.0,False,False,
student-00202,student,2025-06-18,Wed,Spotify,Entertainment,subscription,UPI,1,101.0,18.18,9.09,9.09,18,27OAXQT6211P1ZR,119.0,True,False,
student-00203,student,2025-06-19,Thu,Amruttulya Chai,Food & Dining,restaurant,UPI,1,30.0,0.0,,,,,30.0,False,False,
student-00204,student,2025-06-19,Thu,Swiggy,Food & Dining,restaurant,UPI,2,660.0,33.0,16.5,16.5,5,27XKGBC0426S1Z5,693.0,False,False,
student-00205,student,2025-06-20,Fri,Amruttulya Chai,Food & Dining,restaurant,UPI,2,75.0,0.0,,,,,75.0,False,False,
student-00206,student,2025-06-20,Fri,Swiggy,Food & Dining,restaurant,UPI,1,160.0,8.0,4.0,4.0,5,27XKGBC0426S1Z5,168.0,False,False,
student-00207,student,2025-06-20,Fri,Swiggy,Food & Dining,restaurant,Cash,3,760.0,38.0,19.0,19.0,5,27XKGBC0426S1Z5,798.0,False,False,
student-00208,student,2025-06-21,Sat,Rapido,Travel,cab,Card,1,68.0,3.4,1.7,1.7,5,27GGEZE0457T1ZW,71.0,False,False,
student-00209,student,2025-06-22,Sun,Amruttulya Chai,Food & Dining,restaurant,UPI,2,100.0,0.0,,,,,100.0,False,False,
student-00210,student,2025-06-22,Sun,D-Mart,Groceries,groceries,Card,3,284.0,14.2,7.1,7.1,5,27CMJWX9755E1ZJ,298.0,False,False,
student-00211,student,2025-06-22,Sun,Rapido,Travel,cab,Cash,1,64.0,3.2,1.6,1.6,5,27GGEZE0457T1ZW,67.0,False,False,
student-00212,student,2025-06-22,Sun,Rapido,Travel,cab,UPI,1,136.0,6.8,3.4,3.4,5,27GGEZE0457T1ZW,143.0,False,False,
student-00213,student,2025-06-23,Mon,Amruttulya Chai,Food & Dining,restaurant,Card,2,45.0,0.0,,,,,45.0,False,False,
student-00214,student,2025-06-23,Mon,College Canteen,Food & Dining,restaurant,UPI,1,20.0,0.0,,,,,20.0,False,False,
student-00215,student,2025-06-23,Mon,Swiggy,Food & Dining,restaurant,UPI,1,45.0,2.25,1.12,1.12,5,27XKGBC0426S1Z5,47.0,False,False,
student-00216,student,2025-06-23,Mon,Uber,Travel,cab,UPI,1,318.0,15.9,7.95,7.95,5,27GMGDY2965Z1ZY,334.0,False,False,
student-00217,student,2025-06-25,Wed,College Canteen,Food & Dining,restaurant,UPI,2,160.0,0.0,,,,,160.0,False,False,
student-00218,student,2025-06-26,Thu,College Canteen,Food & Dining,restaurant,UPI,1,20.0,0.0,,,,,20.0,False,False,
student-00219,student,2025-06-27,Fri,Amruttulya Chai,Food & Dining,restaurant,UPI,1,30.0,0.0,,,,,30.0,False,False,
student-00220,student,2025-06-27,Fri,College Canteen,Food & Dining,restaurant,UPI,2,160.0,0.0,,,,,160.0,False,False,
student-00221,student,2025-06-27,Fri,Jio,Bills & Utilities,telecom,UPI,1,253.0,45.54,22.77,22.77,18,27HGOQQ4697J1ZR,299.0,True,False,
student-00222,student,2025-06-28,Sat,Rapido,Travel,cab,UPI,1,128.0,6.4,3.2,3.2,5,27GGEZE0457T1ZW,134.0,False,False,
student-00223,student,2025-06-28,Sat,Rapido,Travel,cab,UPI,1,435,21.75,10.88,10.88,5,27GGEZE0457T1ZW,457.0,False,True,spike
student-00224,student,2025-06-30,Mon,Amruttulya Chai,Food & Dining,restaurant,UPI,1,15.0,0.0,,,,,15.0,False,False,
student-00225,student,2025-06-30,Mon,Amruttulya Chai,Food & Dining,restaurant,UPI,1,35.0,0.0,,,,,35.0,False,False,
student-00226,student,2025-06-30,Mon,Amruttulya Chai,Food & Dining,restaurant,UPI,2,60.0,0.0,,,,,60.0,False,False,
student-00227,student,2025-06-30,Mon,College Canteen,Food & Dining,restaurant,UPI,2,120.0,0.0,,,,,120.0,False,False,
student-00228,student,2025-07-02,Wed,Amruttulya Chai,Food & Dining,restaurant,UPI,1,60.0,0.0,,,,,60.0,False,False,
student-00229,student,2025-07-02,Wed,Amruttulya Chai,Food & Dining,restaurant,UPI,2,50.0,0.0,,,,,50.0,False,False,
student-00230,student,2025-07-02,Wed,Swiggy,Food & Dining,restaurant,UPI,2,470.0,23.5,11.75,11.75,5,27XKGBC0426S1Z5,494.0,False,False,
student-00231,student,2025-07-02,Wed,Domino's,Food & Dining,restaurant,UPI,1,129.0,6.45,3.23,3.23,5,27VNABW2204S1ZD,135.0,False,False,
student-00232,student,2025-07-02,Wed,Rapido,Travel,cab,Cash,1,96.0,4.8,2.4,2.4,5,27GGEZE0457T1ZW,101.0,False,False,
student-00233,student,2025-07-02,Wed,Rapido,Travel,cab,UPI,1,134.0,6.7,3.35,3.35,5,27GGEZE0457T1ZW,141.0,False,False,
student-00234,student,2025-07-03,Thu,Amruttulya Chai,Food & Dining,restaurant,UPI,2,50.0,0.0,,,,,50.0,False,False,
student-00235,student,2025-07-03,Thu,Amruttulya Chai,Food & Dining,restaurant,UPI,2,65.0,0.0,,,,,65.0,False,False,
student-00236,student,2025-07-03,Thu,College Canteen,Food & Dining,restaurant,UPI,1,20.0,0.0,,,,,20.0,False,False,
student-00237,student,2025-07-03,Thu,Swiggy,Food & Dining,restaurant,UPI,1,45.0,2.25,1.12,1.12,5,27XKGBC0426S1Z5,47.0,False,False,
student-00238,student,2025-07-04,Fri,Amruttulya Chai,Food & Dining,restaurant,UPI,1,35.0,0.0,,,,,35.0,False,False,
student-00239,student,2025-07-05,Sat,Amruttulya Chai,Food & Dining,restaurant,UPI,2,50.0,0.0,,,,,50.0,False,False,
student-00240,student,2025-07-05,Sat,Amruttulya Chai,Food & Dining,restaurant,Card,1,15.0,0.0,,,,,15.0,False,False,
student-00241,student,2025-07-05,Sat,College Canteen,Food & Dining,restaurant,Cash,1,20.0,0.0,,,,,20.0,False,False,
student-00242,student,2025-07-05,Sat,Swiggy,Food & Dining,restaurant,Cash,3,405.0,20.25,10.12,10.12,5,27XKGBC0426S1Z5,425.0,False,False,
student-00243,student,2025-07-05,Sat,Uber,Travel,cab,UPI,1,299.0,14.95,7.47,7.47,5,27GMGDY2965Z1ZY,314.0,False,False,
student-00244,student,2025-07-05,Sat,Sunrise PG,Bills & Utilities,other,UPI,1,7500.0,0.0,,,,,7500.0,True,False,
student-00245,student,2025-07-05,Sat,Tanishq,Shopping,jewellery,UPI,1,45000.0,1350.0,675.0,675.0,3,27MROAH4702T1ZT,46350.0,False,True,unusual_merchant
student-00246,student,2025-07-06,Sun,Amruttulya Chai,Food & Dining,restaurant,UPI,1,30.0,0.0,,,,,30.0,False,False,
student-00247,student,2025-07-06,Sun,College Canteen,Food & Dining,restaurant,Cash,2,70.0,0.0,,,,,70.0,False,False,
student-00248,student,2025-07-07,Mon,Amruttulya Chai,Food & Dining,restaurant,Cash,1,30.0,0.0,,,,,30.0,False,False,
student-00249,student,2025-07-07,Mon,Amruttulya Chai,Food & Dining,restaurant,UPI,2,65.0,0.0,,,,,65.0,False,False,
student-00250,student,2025-07-07,Mon,College Canteen,Food & Dining,restaurant,UPI,2,120.0,0.0,,,,,120.0,False,False,
student-00251,student,2025-07-07,Mon,Swiggy,Food & Dining,restaurant,Cash,2,360.0,18.0,9.0,9.0,5,27XKGBC0426S1Z5,378.0,False,False,
student-00252,student,2025-07-08,Tue,College Canteen,Food & Dining,restaurant,UPI,1,20.0,0.0,,,,,20.0,False,False,
student-00253,student,2025-07-09,Wed,Swiggy,Food & Dining,restaurant,UPI,2,560.0,28.0,14.0,14.0,5,27XKGBC0426S1Z5,588.0,False,False,
student-00254,student,2025-07-09,Wed,Rapido,Travel,cab,UPI,1,72.0,3.6,1.8,1.8,5,27GGEZE0457T1ZW,76.0,False,False,
student-00255,student,2025-07-10,Thu,Amruttulya Chai,Food & Dining,restaurant,UPI,2,376,0.0,,,,,376.0,False,True,spike
student-00256,student,2025-07-11,Fri,Amruttulya Chai,Food & Dining,restaurant,UPI,1,30.0,0.0,,,,,30.0,False,False,
student-00257,student,2025-07-11,Fri,Amruttulya Chai,Food & Dining,restaurant,UPI,1,30.0,0.0,,,,,30.0,False,False,
student-00258,student,2025-07-11,Fri,Swiggy,Food & Dining,restaurant,Card,2,430.0,21.5,10.75,10.75,5,27XKGBC0426S1Z5,452.0,False,False,
student-00259,student,2025-07-11,Fri,Swiggy,Food & Dining,restaurant,Card,2,430.0,21.5,10.75,10.75,5,27XKGBC0426S1Z5,452.0,False,True,duplicate
student-00260,student,2025-07-13,Sun,Amruttulya Chai,Food & Dining,restaurant,UPI,1,15.0,0.0,,,,,15.0,False,False,
student-00261,student,2025-07-13,Sun,Amruttulya Chai,Food & Dining,restaurant,UPI,1,30.0,0.0,,,,,30.0,False,False,
student-00262,student,2025-07-13,Sun,Amruttulya Chai,Food & Dining,restaurant,Cash,2,100.0,0.0,,,,,100.0,False,False,
student-00263,student,2025-07-13,Sun,College Canteen,Food & Dining,restaurant,UPI,1,50.0,0.0,,,,,50.0,False,False,
student-00264,student,2025-07-13,Sun,Rapido,Travel,cab,UPI,1,57.0,2.85,1.43,1.43,5,27GGEZE0457T1ZW,60.0,False,False,
student-00265,student,2025-07-13,Sun,Rapido,Travel,cab,UPI,1,57.0,2.85,1.43,1.43,5,27GGEZE0457T1ZW,60.0,False,True,duplicate
student-00266,student,2025-07-14,Mon,Amruttulya Chai,Food & Dining,restaurant,UPI,1,15.0,0.0,,,,,15.0,False,False,
student-00267,student,2025-07-14,Mon,College Canteen,Food & Dining,restaurant,UPI,2,90.0,0.0,,,,,90.0,False,False,
student-00268,student,2025-07-14,Mon,Rapido,Travel,cab,UPI,1,107.0,5.35,2.67,2.67,5,27GGEZE0457T1ZW,112.0,False,False,
student-00269,student,2025-07-14,Mon,Rapido,Travel,cab,UPI,1,53.0,2.65,1.32,1.32,5,27GGEZE0457T1ZW,56.0,False,False,
student-00270,student,2025-07-15,Tue,Amruttulya Chai,Food & Dining,restaurant,Card,1,30.0,0.0,,,,,30.0,False,False,
student-00271,student,2025-07-15,Tue,College Canteen,Food & Dining,restaurant,UPI,2,160.0,0.0,,,,,160.0,False,False,
student-00272,student,2025-07-15,Tue,Amruttulya Chai,Food & Dining,restaurant,Card,1,30.0,0.0,,,,,30.0,False,True,duplicate
student-00273,student,2025-07-16,Wed,Amruttulya Chai,Food & Dining,restaurant,Card,1,15.0,0.0,,,,,15.0,False,False,
student-00274,student,2025-07-16,Wed,Rapido,Travel,cab,UPI,1,117.0,5.85,2.92,2.92,5,27GGEZE0457T1ZW,123.0,False,False,
student-00275,student,2025-07-16,Wed,Rapido,Travel,cab,UPI,1,70.0,3.5,1.75,1.75,5,27GGEZE0457T1ZW,74.0,False,False,
student-00276,student,2025-07-17,Thu,Amruttulya Chai,Food & Dining,restaurant,Cash,2,65.0,0.0,,,,,65.0,False,False,
student-00277,student,2025-07-17,Thu,Amruttulya Chai,Food & Dining,restaurant,Cash,2,50.0,0.0,,,,,50.0,False,False,
student-00278,student,2025-07-17,Thu,Amruttulya Chai,Food & Dining,restaurant,UPI,1,35.0,0.0,,,,,35.0,False,False,
student-00279,student,2025-07-17,Thu,Uber,Travel,cab,UPI,1,395.0,19.75,9.88,9.88,5,27GMGDY2965Z1ZY,415.0,False,False,
student-00280,student,2025-07-18,Fri,Amruttulya Chai,Food & Dining,restaurant,UPI,1,70.0,0.0,,,,,70.0,False,False,
student-00281,student,2025-07-18,Fri,College Canteen,Food & Dining,restaurant,UPI,1,50.0,0.0,,,,,50.0,False,False,
student-00282,student,2025-07-18,Fri,Spotify,Entertainment,subscription,UPI,1,101.0,18.18,9.09,9.09,18,27OAXQT6211P1ZR,119.0,True,False,
student-00283,student,2025-07-19,Sat,Swiggy,Food & Dining,restaurant,UPI,2,320.0,16.0,8.0,8.0,5,27XKGBC0426S1Z5,336.0,False,False,
student-00284,student,2025-07-19,Sat,D-Mart,Groceries,groceries,UPI,2,413.0,20.65,10.32,10.32,5,27CMJWX9755E1ZJ,434.0,False,False,
student-00285,student,2025-07-19,Sat,Uber,Travel,cab,UPI,1,201.0,10.05,5.03,5.03,5,27GMGDY2965Z1ZY,211.0,False,False,
student-00286,student,2025-07-20,Sun,Amruttulya Chai,Food & Dining,restaurant,UPI,2,50.0,0.0,,,,,50.0,False,False,
student-00287,student,2025-07-20,Sun,Rapido,Travel,cab,Cash,1,131.0,6.55,3.27,3.27,5,27GGEZE0457T1ZW,138.0,False,False,
student-00288,student,2025-07-22,Tue,Amruttulya Chai,Food & Dining,restaurant,UPI,1,30.0,0.0,,,,,30.0,False,False,
student-00289,student,2025-07-22,Tue,College Canteen,Food & Dining,restaurant,UPI,1,20.0,0.0,,,,,20.0,False,False,
student-00290,student,2025-07-22,Tue,College Canteen,Food & Dining,restaurant,UPI,1,20.0,0.0,,,,,20.0,False,False,
student-00291,student,2025-07-23,Wed,Amruttulya Chai,Food & Dining,restaurant,Card,1,60.0,0.0,,,,,60.0,False,False,
student-00292,student,2025-07-23,Wed,College Canteen,Food & Dining,restaurant,UPI,2,110.0,0.0,,,,,110.0,False,False,
student-00293,student,2025-07-23,Wed,Swiggy,Food & Dining,restaurant,UPI,3,565.0,28.25,14.12,14.12,5,27XKGBC0426S1Z5,593.0,False,False,
student-00294,student,2025-07-24,Thu,Amruttulya Chai,Food & Dining,restaurant,UPI,1,60.0,0.0,,,,,60.0,False,False,
student-00295,student,2025-07-24,Thu,College Canteen,Food & Dining,restaurant,UPI,2,40.0,0.0,,,,,40.0,False,False,
student-00296,student,2025-07-25,Fri,Amruttulya Chai,Food & Dining,restaurant,UPI,1,35.0,0.0,,,,,35.0,False,False,
student-00297,student,2025-07-25,Fri,Amruttulya Chai,Food & Dining,restaurant,Cash,1,15.0,0.0,,,,,15.0,False,False,
student-00298,student,2025-07-25,Fri,Amruttulya Chai,Food & Dining,restaurant,UPI,2,85.0,0.0,,,,,85.0,False,False,
student-00299,student,2025-07-25,Fri,College Canteen,Food & Dining,restaurant,UPI,1,70.0,0.0,,,,,70.0,False,False,
student-00300,student,2025-07-25,Fri,College Canteen,Food & Dining,restaurant,UPI,1,20.0,0.0,,,,,20.0,False,False,
student-00301,student,2025-07-25,Fri,College Canteen,Food & Dining,restaurant,UPI,2,90.0,0.0,,,,,90.0,False,False,
student-00302,student,2025-07-25,Fri,Swiggy,Food & Dining,restaurant,UPI,3,410.0,20.5,10.25,10.25,5,27XKGBC0426S1Z5,430.0,False,False,
student-00303,student,2025-07-25,Fri,Jio,Bills & Utilities,telecom,UPI,1,253.0,45.54,22.77,22.77,18,27HGOQQ4697J1ZR,299.0,True,False,
student-00304,student,2025-07-26,Sat,Amruttulya Chai,Food & Dining,restaurant,UPI,2,50.0,0.0,,,,,50.0,False,False,
student-00305,student,2025-07-26,Sat,D-Mart,Groceries,groceries,Cash,3,253.0,12.65,6.33,6.33,5,27CMJWX9755E1ZJ,266.0,False,False,
student-00306,student,2025-07-27,Sun,Amruttulya Chai,Food & Dining,restaurant,UPI,2,50.0,0.0,,,,,50.0,False,False,
student-00307,student,2025-07-27,Sun,Amruttulya Chai,Food & Dining,restaurant,UPI,1,70.0,0.0,,,,,70.0,False,False,
student-00308,student,2025-07-27,Sun,D-Mart,Groceries,groceries,Cash,3,281.0,14.05,7.03,7.03,5,27CMJWX9755E1ZJ,295.0,False,False,
student-00309,student,2025-07-27,Sun,Stationery Mart,Shopping,other,UPI,2,110.0,0.0,,,,,110.0,False,False,
student-00310,student,2025-07-28,Mon,Amruttulya Chai,Food & Dining,restaurant,UPI,1,30.0,0.0,,,,,30.0,False,False,
student-00311,student,2025-07-28,Mon,College Canteen,Food & Dining,restaurant,UPI,1,70.0,0.0,,,,,70.0,False,False,
student-00312,student,2025-07-28,Mon,College Canteen,Food & Dining,restaurant,Cash,1,70.0,0.0,,,,,70.0,False,False,
student-00313,student,2025-07-28,Mon,Amruttulya Chai,Food & Dining,restaurant,UPI,1,30.0,0.0,,,,,30.0,False,True,duplicate
student-00314,student,2025-07-29,Tue,Rapido,Travel,cab,Cash,1,62.0,3.1,1.55,1.55,5,27GGEZE0457T1ZW,65.0,False,False,
student-00315,student,2025-07-30,Wed,Amruttulya Chai,Food & Dining,restaurant,UPI,2,75.0,0.0,,,,,75.0,False,False,
student-00316,student,2025-07-30,Wed,College Canteen,Food & Dining,restaurant,UPI,2,90.0,0.0,,,,,90.0,False,False,
student-00317,student,2025-07-31,Thu,Amruttulya Chai,Food & Dining,restaurant,UPI,2,60.0,0.0,,,,,60.0,False,False,
student-00318,student,2025-07-31,Thu,Amruttulya Chai,Food & Dining,restaurant,UPI,2,65.0,0.0,,,,,65.0,False,False,
student-00319,student,2025-07-31,Thu,Rapido,Travel,cab,UPI,1,101.0,5.05,2.52,2.52,5,27GGEZE0457T1ZW,106.0,False,False,
student-00320,student,2025-07-31,Thu,Rapido,Travel,cab,UPI,1,115.0,5.75,2.88,2.88,5,27GGEZE0457T1ZW,121.0,False,False,
student-00321,student,2025-08-01,Fri,Tanishq,Shopping,jewellery,UPI,1,45000.0,1350.0,675.0,675.0,3,27MROAH4702T1ZT,46350.0,False,True,unusual_merchant
student-00322,student,2025-08-02,Sat,D-Mart,Groceries,groceries,UPI,4,552.0,27.6,13.8,13.8,5,27CMJWX9755E1ZJ,580.0,False,False,
student-00323,student,2025-08-04,Mon,Amruttulya Chai,Food & Dining,restaurant,Cash,2,65.0,0.0,,,,,65.0,False,False,
student-00324,student,2025-08-04,Mon,College Canteen,Food & Dining,restaurant,UPI,2,40.0,0.0,,,,,40.0,False,False,
student-00325,student,2025-08-04,Mon,Swiggy,Food & Dining,restaurant,UPI,1,80.0,4.0,2.0,2.0,5,27XKGBC0426S1Z5,84.0,False,False,
student-00326,student,2025-08-04,Mon,Rapido,Travel,cab,UPI,1,121.0,6.05,3.02,3.02,5,27GGEZE0457T1ZW,127.0,False,False,
student-00327,student,2025-08-05,Tue,Amruttulya Chai,Food & Dining,restaurant,UPI,2,50.0,0.0,,,,,50.0,False,False,
student-00328,student,2025-08-05,Tue,Swiggy,Food & Dining,restaurant,UPI,3,960.0,48.0,24.0,24.0,5,27XKGBC0426S1Z5,1008.0,False,False,
student-00329,student,2025-08-05,Tue,Sunrise PG,Bills & Utilities,other,UPI,1,7500.0,0.0,,,,,7500.0,True,False,
student-00330,student,2025-08-06,Wed,Amruttulya Chai,Food & Dining,restaurant,UPI,1,15.0,0.0,,,,,15.0,False,False,
student-00331,student,2025-08-06,Wed,Amruttulya Chai,Food & Dining,restaurant,UPI,1,35.0,0.0,,,,,35.0,False,False,
student-00332,student,2025-08-06,Wed,Swiggy,Food & Dining,restaurant,UPI,3,360.0,18.0,9.0,9.0,5,27XKGBC0426S1Z5,378.0,False,False,
student-00333,student,2025-08-06,Wed,Swiggy,Food & Dining,restaurant,UPI,3,710.0,35.5,17.75,17.75,5,27XKGBC0426S1Z5,746.0,False,False,
student-00334,student,2025-08-06,Wed,MakeMyTrip,Travel,air,UPI,1,8400.0,420.0,210.0,210.0,5,27DXOGL6519H1ZY,8820.0,False,True,unusual_merchant
student-00335,student,2025-08-07,Thu,Amruttulya Chai,Food & Dining,restaurant,UPI,1,35.0,0.0,,,,,35.0,False,False,
student-00336,student,2025-08-07,Thu,Rapido,Travel,cab,Cash,1,104.0,5.2,2.6,2.6,5,27GGEZE0457T1ZW,109.0,False,False,
student-00337,student,2025-08-07,Thu,Amruttulya Chai,Food & Dining,restaurant,UPI,1,35.0,0.0,,,,,35.0,False,True,duplicate
student-00338,student,2025-08-08,Fri,Rapido,Travel,cab,UPI,1,115.0,5.75,2.88,2.88,5,27GGEZE0457T1ZW,121.0,False,False,
student-00339,student,2025-08-08,Fri,Uber,Travel,cab,Cash,1,302.0,15.1,7.55,7.55,5,27GMGDY2965Z1ZY,317.0,False,False,
student-00340,student,2025-08-10,Sun,Amruttulya Chai,Food & Dining,restaurant,UPI,1,15.0,0.0,,,,,15.0,False,False,
student-00341,student,2025-08-10,Sun,Swiggy,Food & Dining,restaurant,UPI,2,325.0,16.25,8.12,8.12,5,27XKGBC0426S1Z5,341.0,False,False,
student-00342,student,2025-08-10,Sun,PVR Cinemas,Entertainment,movies,UPI,2,592.0,106.56,53.28,53.28,18,27FPFIK2511K1ZB,699.0,False,False,
student-00343,student,2025-08-11,Mon,Amruttulya Chai,Food & Dining,restaurant,UPI,2,45.0,0.0,,,,,45.0,False,False,
student-00344,student,2025-08-11,Mon,College Canteen,Food & Dining,restaurant,Cash,1,20.0,0.0,,,,,20.0,False,False,
student-00345,student,2025-08-11,Mon,Rapido,Travel,cab,UPI,1,103.0,5.15,2.58,2.58,5,27GGEZE0457T1ZW,108.0,False,False,
student-00346,student,2025-08-11,Mon,Stationery Mart,Shopping,other,UPI,1,115.0,0.0,,,,,115.0,False,False,
student-00347,student,2025-08-12,Tue,Amruttulya Chai,Food & Dining,restaurant,UPI,1,70.0,0.0,,,,,70.0,False,False,
student-00348,student,2025-08-12,Tue,Tanishq,Shopping,jewellery,UPI,1,45000.0,1350.0,675.0,675.0,3,27MROAH4702T1ZT,46350.0,False,True,unusual_merchant
student-00349,student,2025-08-13,Wed,Amruttulya Chai,Food & Dining,restaurant,UPI,2,65.0,0.0,,,,,65.0,False,False,
student-00350,student,2025-08-13,Wed,College Canteen,Food & Dining,restaurant,Cash,2,90.0,0.0,,,,,90.0,False,False,
student-00351,student,2025-08-14,Thu,Amruttulya Chai,Food & Dining,restaurant,UPI,1,60.0,0.0,,,,,60.0,False,False,
student-00352,student,2025-08-14,Thu,College Canteen,Food & Dining,restaurant,UPI,2,90.0,0.0,,,,,90.0,False,False,
student-00353,student,2025-08-14,Thu,Swiggy,Food & Dining,restaurant,UPI,2,125.0,6.25,3.12,3.12,5,27XKGBC0426S1Z5,131.0,False,False,
student-00354,student,2025-08-14,Thu,Domino's,Food & Dining,restaurant,UPI,2,519.0,25.95,12.97,12.97,5,27VNABW2204S1ZD,545.0,False,False,
student-00355,student,2025-08-14,Thu,Uber,Travel,cab,UPI,1,284.0,14.2,7.1,7.1,5,27GMGDY2965Z1ZY,298.0,False,False,
student-00356,student,2025-08-15,Fri,Amruttulya Chai,Food & Dining,restaurant,UPI,2,45.0,0.0,,,,,45.0,False,False,
student-00357,student,2025-08-15,Fri,College Canteen,Food & Dining,restaurant,Card,1,20.0,0.0,,,,,20.0,False,False,
student-00358,student,2025-08-15,Fri,College Canteen,Food & Dining,restaurant,UPI,2,70.0,0.0,,,,,70.0,False,False,
student-00359,student,2025-08-17,Sun,Amruttulya Chai,Food & Dining,restaurant,UPI,1,15.0,0.0,,,,,15.0,False,False,
student-00360,student,2025-08-18,Mon,Rapido,Travel,cab,UPI,1,113.0,5.65,2.83,2.83,5,27GGEZE0457T1ZW,119.0,False,False,
student-00361,student,2025-08-18,Mon,Spotify,Entertainment,subscription,UPI,1,101.0,18.18,9.09,9.09,18,27OAXQT6211P1ZR,119.0,True,False,
student-00362,student,2025-08-19,Tue,Domino's,Food & Dining,restaurant,UPI,3,648.0,32.4,16.2,16.2,5,27VNABW2204S1ZD,680.0,False,False,
student-00363,student,2025-08-20,Wed,Amruttulya Chai,Food & Dining,restaurant,Cash,2,65.0,0.0,,,,,65.0,False,False,
student-00364,student,2025-08-21,Thu,Rapido,Travel,cab,UPI,1,66.0,3.3,1.65,1.65,5,27GGEZE0457T1ZW,69.0,False,False,
student-00365,student,2025-08-21,Thu,Myntra,Shopping,clothing,UPI,2,3798.0,455.76,227.88,227.88,12,27ARDCB0955U1ZP,4254.0,False,False,
student-00366,student,2025-08-22,Fri,Amruttulya Chai,Food & Dining,restaurant,UPI,1,30.0,0.0,,,,,30.0,False,False,
student-00367,student,2025-08-22,Fri,Amruttulya Chai,Food & Dining,restaurant,UPI,2,65.0,0.0,,,,,65.0,False,False,
student-00368,student,2025-08-22,Fri,Jio,Bills & Utilities,telecom,UPI,1,253.0,45.54,22.77,22.77,18,27HGOQQ4697J1ZR,299.0,True,False,
student-00369,student,2025-08-23,Sat,Rapido,Travel,cab,UPI,1,46.0,2.3,1.15,1.15,5,27GGEZE0457T1ZW,48.0,False,False,
student-00370,student,2025-08-24,Sun,Amruttulya Chai,Food & Dining,restaurant,Card,1,35.0,0.0,,,,,35.0,False,False,
student-00371,student,2025-08-25,Mon,Amruttulya Chai,Food & Dining,restaurant,UPI,1,35.0,0.0,,,,,35.0,False,False,
student-00372,student,2025-08-25,Mon,College Canteen,Food & Dining,restaurant,Cash,2,80.0,0.0,,,,,80.0,False,False,
student-00373,student,2025-08-25,Mon,College Canteen,Food & Dining,restaurant,UPI,2,70.0,0.0,,,,,70.0,False,False,
student-00374,student,2025-08-26,Tue,Amruttulya Chai,Food & Dining,restaurant,Cash,1,35.0,0.0,,,,,35.0,False,False,
student-00375,student,2025-08-26,Tue,College Canteen,Food & Dining,restaurant,UPI,1,70.0,0.0,,,,,70.0,False,False,
student-00376,student,2025-08-27,Wed,Amruttulya Chai,Food & Dining,restaurant,UPI,2,100.0,0.0,,,,,100.0,False,False,
student-00377,student,2025-08-27,Wed,College Canteen,Food & Dining,restaurant,UPI,1,20.0,0.0,,,,,20.0,False,False,
student-00378,student,2025-08-27,Wed,Domino's,Food & Dining,restaurant,UPI,1,129.0,6.45,3.23,3.23,5,27VNABW2204S1ZD,135.0,False,False,
student-00379,student,2025-08-27,Wed,PVR Cinemas,Entertainment,movies,UPI,1,242.0,43.56,21.78,21.78,18,27FPFIK2511K1ZB,286.0,False,False,
student-00380,student,2025-08-27,Wed,Stationery Mart,Shopping,other,UPI,2,112.0,0.0,,,,,112.0,False,False,
student-00381,student,2025-08-28,Thu,Amruttulya Chai,Food & Dining,restaurant,Cash,1,30.0,0.0,,,,,30.0,False,False,
student-00382,student,2025-08-28,Thu,Rapido,Travel,cab,UPI,1,95.0,4.75,2.38,2.38,5,27GGEZE0457T1ZW,100.0,False,False,
student-00383,student,2025-08-29,Fri,Amruttulya Chai,Food & Dining,restaurant,UPI,1,15.0,0.0,,,,,15.0,False,False,
student-00384,student,2025-08-30,Sat,Amruttulya Chai,Food & Dining,restaurant,UPI,1,15.0,0.0,,,,,15.0,False,False,
student-00385,student,2025-08-31,Sun,Amruttulya Chai,Food & Dining,restaurant,UPI,2,50.0,0.0,,,,,50.0,False,False,
student-00386,student,2025-08-31,Sun,College Canteen,Food & Dining,restaurant,UPI,2,140.0,0.0,,,,,140.0,False,False,
student-00387,student,2025-08-31,Sun,D-Mart,Groceries,groceries,UPI,4,526.0,26.3,13.15,13.15,5,27CMJWX9755E1ZJ,552.0,False,False,
student-00388,student,2025-08-31,Sun,Uber,Travel,cab,UPI,1,415.0,20.75,10.38,10.38,5,27GMGDY2965Z1ZY,436.0,False,False,
student-00389,student,2025-09-01,Mon,Amruttulya Chai,Food & Dining,restaurant,UPI,1,15.0,0.0,,,,,15.0,False,False,
student-00390,student,2025-09-01,Mon,Amruttulya Chai,Food & Dining,restaurant,UPI,1,15.0,0.0,,,,,15.0,False,False,
student-00391,student,2025-09-01,Mon,College Canteen,Food & Dining,restaurant,UPI,2,90.0,0.0,,,,,90.0,False,False,
student-00392,student,2025-09-01,Mon,Rapido,Travel,cab,UPI,1,45.0,2.25,1.12,1.12,5,27GGEZE0457T1ZW,47.0,False,False,
student-00393,student,2025-09-01,Mon,Rapido,Travel,cab,Cash,1,113.0,5.65,2.83,2.83,5,27GGEZE0457T1ZW,119.0,False,False,
student-00394,student,2025-09-02,Tue,Amruttulya Chai,Food & Dining,restaurant,UPI,1,30.0,0.0,,,,,30.0,False,False,
student-00395,student,2025-09-02,Tue,College Canteen,Food & Dining,restaurant,Card,1,50.0,0.0,,,,,50.0,False,False,
student-00396,student,2025-09-02,Tue,College Canteen,Food & Dining,restaurant,UPI,1,40.0,0.0,,,,,40.0,False,False,
student-00397,student,2025-09-02,Tue,Swiggy,Food & Dining,restaurant,Card,1,280.0,14.0,7.0,7.0,5,27XKGBC0426S1Z5,294.0,False,False,
student-00398,student,2025-09-02,Tue,Swiggy,Food & Dining,restaurant,Card,1,280.0,14.0,7.0,7.0,5,27XKGBC0426S1Z5,294.0,False,True,duplicate
student-00399,student,2025-09-03,Wed,Amruttulya Chai,Food & Dining,restaurant,UPI,1,60.0,0.0,,,,,60.0,False,False,
student-00400,student,2025-09-03,Wed,Swiggy,Food & Dining,restaurant,UPI,1,240.0,12.0,6.0,6.0,5,27XKGBC0426S1Z5,252.0,False,False,
student-00401,student,2025-09-04,Thu,Amruttulya Chai,Food & Dining,restaurant,UPI,1,35.0,0.0,,,,,35.0,False,False,
student-00402,student,2025-09-04,Thu,Amruttulya Chai,Food & Dining,restaurant,UPI,2,45.0,0.0,,,,,45.0,False,False,
student-00403,student,2025-09-04,Thu,College Canteen,Food & Dining,restaurant,Card,2,40.0,0.0,,,,,40.0,False,False,
student-00404,student,2025-09-04,Thu,Uber,Travel,cab,Card,1,384.0,19.2,9.6,9.6,5,27GMGDY2965Z1ZY,403.0,False,False,
student-00405,student,2025-09-05,Fri,PVR Cinemas,Entertainment,movies,UPI,2,504.0,90.72,45.36,45.36,18,27FPFIK2511K1ZB,595.0,False,False,
student-00406,student,2025-09-05,Fri,Stationery Mart,Shopping,other,UPI,2,108.0,0.0,,,,,108.0,False,False,
student-00407,student,2025-09-05,Fri,Sunrise PG,Bills & Utilities,other,UPI,1,7500.0,0.0,,,,,7500.0,True,False,
student-00408,student,2025-09-06,Sat,Amruttulya Chai,Food & Dining,restaurant,Cash,2,50.0,0.0,,,,,50.0,False,False,
student-00409,student,2025-09-06,Sat,Amruttulya Chai,Food & Dining,restaurant,Cash,1,35.0,0.0,,,,,35.0,False,False,
student-00410,student,2025-09-06,Sat,Amruttulya Chai,Food & Dining,restaurant,UPI,1,15.0,0.0,,,,,15.0,False,False,
student-00411,student,2025-09-06,Sat,College Canteen,Food & Dining,restaurant,UPI,1,20.0,0.0,,,,,20.0,False,False,
student-00412,student,2025-09-06,Sat,Swiggy,Food & Dining,restaurant,UPI,2,470.0,23.5,11.75,11.75,5,27XKGBC0426S1Z5,494.0,False,False,
student-00413,student,2025-09-06,Sat,Rapido,Travel,cab,UPI,1,84.0,4.2,2.1,2.1,5,27GGEZE0457T1ZW,88.0,False,False,
student-00414,student,2025-09-07,Sun,Swiggy,Food & Dining,restaurant,UPI,1,45.0,2.25,1.12,1.12,5,27XKGBC0426S1Z5,47.0,False,False,
student-00415,student,2025-09-07,Sun,Swiggy,Food & Dining,restaurant,UPI,2,1040.0,52.0,26.0,26.0,5,27XKGBC0426S1Z5,1092.0,False,False,
student-00416,student,2025-09-07,Sun,Rapido,Travel,cab,UPI,1,120.0,6.0,3.0,3.0,5,27GGEZE0457T1ZW,126.0,False,False,
student-00417,student,2025-09-07,Sun,Uber,Travel,cab,UPI,1,357.0,17.85,8.93,8.93,5,27GMGDY2965Z1ZY,375.0,False,False,
student-00418,student,2025-09-08,Mon,Amruttulya Chai,Food & Dining,restaurant,Card,1,60.0,0.0,,,,,60.0,False,False,
student-00419,student,2025-09-08,Mon,Amruttulya Chai,Food & Dining,restaurant,UPI,1,30.0,0.0,,,,,30.0,False,False,
student-00420,student,2025-09-08,Mon,College Canteen,Food & Dining,restaurant,UPI,1,70.0,0.0,,,,,70.0,False,False,
student-00421,student,2025-09-09,Tue,Swiggy,Food & Dining,restaurant,UPI,1,90.0,4.5,2.25,2.25,5,27XKGBC0426S1Z5,94.0,False,False,
student-00422,student,2025-09-10,Wed,Amruttulya Chai,Food & Dining,restaurant,UPI,1,30.0,0.0,,,,,30.0,False,False,
student-00423,student,2025-09-11,Thu,D-Mart,Groceries,groceries,Cash,2,208.0,10.4,5.2,5.2,5,27CMJWX9755E1ZJ,218.0,False,False,
student-00424,student,2025-09-12,Fri,Amruttulya Chai,Food & Dining,restaurant,UPI,2,65.0,0.0,,,,,65.0,False,False,
student-00425,student,2025-09-12,Fri,Uber,Travel,cab,UPI,1,177.0,8.85,4.42,4.42,5,27GMGDY2965Z1ZY,186.0,False,False,
student-00426,student,2025-09-12,Fri,Stationery Mart,Shopping,other,UPI,2,162.0,0.0,,,,,162.0,False,False,
student-00427,student,2025-09-13,Sat,Rapido,Travel,cab,Cash,1,84.0,4.2,2.1,2.1,5,27GGEZE0457T1ZW,88.0,False,False,
student-00428,student,2025-09-14,Sun,Amruttulya Chai,Food & Dining,restaurant,UPI,1,35.0,0.0,,,,,35.0,False,False,
student-00429,student,2025-09-14,Sun,Swiggy,Food & Dining,restaurant,UPI,3,665.0,33.25,16.62,16.62,5,27XKGBC0426S1Z5,698.0,False,False,
student-00430,student,2025-09-15,Mon,Amruttulya Chai,Food & Dining,restaurant,UPI,2,50.0,0.0,,,,,50.0,False,False,
student-00431,student,2025-09-15,Mon,Swiggy,Food & Dining,restaurant,UPI,2,430.0,21.5,10.75,10.75,5,27XKGBC0426S1Z5,452.0,False,False,
student-00432,student,2025-09-16,Tue,College Canteen,Food & Dining,restaurant,UPI,2,90.0,0.0,,,,,90.0,False,False,
student-00433,student,2025-09-16,Tue,Rapido,Travel,cab,Card,1,89.0,4.45,2.23,2.23,5,27GGEZE0457T1ZW,93.0,False,False,
student-00434,student,2025-09-17,Wed,Swiggy,Food & Dining,restaurant,UPI,1,190.0,9.5,4.75,4.75,5,27XKGBC0426S1Z5,200.0,False,False,
student-00435,student,2025-09-17,Wed,Rapido,Travel,cab,UPI,1,92.0,4.6,2.3,2.3,5,27GGEZE0457T1ZW,97.0,False,False,
student-00436,student,2025-09-18,Thu,Swiggy,Food & Dining,restaurant,UPI,2,670.0,33.5,16.75,16.75,5,27XKGBC0426S1Z5,704.0,False,False,
student-00437,student,2025-09-18,Thu,Rapido,Travel,cab,UPI,1,96.0,4.8,2.4,2.4,5,27GGEZE0457T1ZW,101.0,False,False,
student-00438,student,2025-09-18,Thu,Spotify,Entertainment,subscription,UPI,1,101.0,18.18,9.09,9.09,18,27OAXQT6211P1ZR,119.0,True,False,
student-00439,student,2025-09-18,Thu,Rapido,Travel,cab,UPI,1,96.0,4.8,2.4,2.4,5,27GGEZE0457T1ZW,101.0,False,True,duplicate
student-00440,student,2025-09-19,Fri,College Canteen,Food & Dining,restaurant,Card,2,40.0,0.0,,,,,40.0,False,False,
student-00441,student,2025-09-19,Fri,College Canteen,Food & Dining,restaurant,Cash,1,20.0,0.0,,,,,20.0,False,False,
student-00442,student,2025-09-19,Fri,Domino's,Food & Dining,restaurant,Cash,1,60.0,3.0,1.5,1.5,5,27VNABW2204S1ZD,63.0,False,False,
student-00443,student,2025-09-19,Fri,Jio,Bills & Utilities,telecom,UPI,1,253.0,45.54,22.77,22.77,18,27HGOQQ4697J1ZR,299.0,True,False,
student-00444,student,2025-09-21,Sun,Amruttulya Chai,Food & Dining,restaurant,UPI,2,85.0,0.0,,,,,85.0,False,False,
student-00445,student,2025-09-21,Sun,D-Mart,Groceries,groceries,UPI,3,512.0,25.6,12.8,12.8,5,27CMJWX9755E1ZJ,538.0,False,False,
student-00446,student,2025-09-21,Sun,D-Mart,Groceries,groceries,UPI,2,213.0,10.65,5.33,5.33,5,27CMJWX9755E1ZJ,224.0,False,False,
student-00447,student,2025-09-21,Sun,Tanishq,Shopping,jewellery,UPI,1,45000.0,1350.0,675.0,675.0,3,27MROAH4702T1ZT,46350.0,False,True,unusual_merchant
student-00448,student,2025-09-23,Tue,Amruttulya Chai,Food & Dining,restaurant,Cash,1,30.0,0.0,,,,,30.0,False,False,
student-00449,student,2025-09-23,Tue,Amruttulya Chai,Food & Dining,restaurant,UPI,1,30.0,0.0,,,,,30.0,False,False,
student-00450,student,2025-09-23,Tue,College Canteen,Food & Dining,restaurant,UPI,2,40.0,0.0,,,,,40.0,False,False,
student-00451,student,2025-09-23,Tue,Swiggy,Food & Dining,restaurant,UPI,1,190.0,9.5,4.75,4.75,5,27XKGBC0426S1Z5,200.0,False,False,
student-00452,student,2025-09-23,Tue,Domino's,Food & Dining,restaurant,UPI,2,588.0,29.4,14.7,14.7,5,27VNABW2204S1ZD,617.0,False,False,
student-00453,student,2025-09-23,Tue,Rapido,Travel,cab,Cash,1,64.0,3.2,1.6,1.6,5,27GGEZE0457T1ZW,67.0,False,False,
student-00454,student,2025-09-23,Tue,Rapido,Travel,cab,UPI,1,107.0,5.35,2.67,2.67,5,27GGEZE0457T1ZW,112.0,False,False,
student-00455,student,2025-09-23,Tue,Rapido,Travel,cab,UPI,1,61.0,3.05,1.52,1.52,5,27GGEZE0457T1ZW,64.0,False,False,
student-00456,student,2025-09-24,Wed,Amruttulya Chai,Food & Dining,restaurant,Cash,2,85.0,0.0,,,,,85.0,False,False,
student-00457,student,2025-09-24,Wed,Rapido,Travel,cab,UPI,1,78.0,3.9,1.95,1.95,5,27GGEZE0457T1ZW,82.0,False,False,
student-00458,student,2025-09-24,Wed,Rapido,Travel,cab,UPI,1,62.0,3.1,1.55,1.55,5,27GGEZE0457T1ZW,65.0,False,False,
student-00459,student,2025-09-24,Wed,Rapido,Travel,cab,UPI,1,119.0,5.95,2.98,2.98,5,27GGEZE0457T1ZW,125.0,False,False,
student-00460,student,2025-09-24,Wed,Amruttulya Chai,Food & Dining,restaurant,Cash,2,85.0,0.0,,,,,85.0,False,True,duplicate
student-00461,student,2025-09-26,Fri,College Canteen,Food & Dining,restaurant,UPI,2,90.0,0.0,,,,,90.0,False,False,
student-00462,student,2025-09-26,Fri,Rapido,Travel,cab,Card,1,45.0,2.25,1.12,1.12,5,27GGEZE0457T1ZW,47.0,False,False,
student-00463,student,2025-09-27,Sat,Rapido,Travel,cab,UPI,1,61.0,3.05,1.52,1.52,5,27GGEZE0457T1ZW,64.0,False,False,
student-00464,student,2025-09-28,Sun,Amruttulya Chai,Food & Dining,restaurant,UPI,1,70.0,0.0,,,,,70.0,False,False,
student-00465,student,2025-09-28,Sun,Swiggy,Food & Dining,restaurant,Cash,3,315.0,15.75,7.88,7.88,5,27XKGBC0426S1Z5,331.0,False,False,
student-00466,student,2025-09-28,Sun,PVR Cinemas,Entertainment,movies,UPI,1,320.0,57.6,28.8,28.8,18,27FPFIK2511K1ZB,378.0,False,False,
student-00467,student,2025-09-29,Mon,Amruttulya Chai,Food & Dining,restaurant,UPI,2,45.0,0.0,,,,,45.0,False,False,
student-00468,student,2025-09-29,Mon,College Canteen,Food & Dining,restaurant,Cash,2,120.0,0.0,,,,,120.0,False,False,
student-00469,student,2025-09-29,Mon,College Canteen,Food & Dining,restaurant,UPI,1,50.0,0.0,,,,,50.0,False,False,
student-00470,student,2025-09-29,Mon,College Canteen,Food & Dining,restaurant,UPI,2,40.0,0.0,,,,,40.0,False,False,
student-00471,student,2025-09-30,Tue,Amruttulya Chai,Food & Dining,restaurant,UPI,1,15.0,0.0,,,,,15.0,False,False,
student-00472,student,2025-10-01,Wed,College Canteen,Food & Dining,restaurant,UPI,1,20.0,0.0,,,,,20.0,False,False,
student-00473,student,2025-10-02,Thu,Amruttulya Chai,Food & Dining,restaurant,UPI,1,15.0,0.0,,,,,15.0,False,False,
student-00474,student,2025-10-02,Thu,Amruttulya Chai,Food & Dining,restaurant,Cash,2,95.0,0.0,,,,,95.0,False,False,
student-00475,student,2025-10-02,Thu,College Canteen,Food & Dining,restaurant,Cash,1,50.0,0.0,,,,,50.0,False,False,
student-00476,student,2025-10-02,Thu,College Canteen,Food & Dining,restaurant,UPI,1,20.0,0.0,,,,,20.0,False,False,
student-00477,student,2025-10-02,Thu,D-Mart,Groceries,groceries,UPI,4,321.0,16.05,8.03,8.03,5,27CMJWX9755E1ZJ,337.0,False,False,
student-00478,student,2025-10-02,Thu,Rapido,Travel,cab,UPI,1,51.0,2.55,1.27,1.27,5,27GGEZE0457T1ZW,54.0,False,False,
student-00479,student,2025-10-02,Thu,Myntra,Shopping,clothing,Card,1,1299.0,64.95,32.48,32.48,5,27ARDCB0955U1ZP,1364.0,False,False,
student-00480,student,2025-10-02,Thu,Myntra,Shopping,clothing,Card,1,1299.0,64.95,32.48,32.48,5,27ARDCB0955U1ZP,1364.0,False,True,duplicate
student-00481,student,2025-10-04,Sat,Swiggy,Food & Dining,restaurant,UPI,1,45.0,2.25,1.12,1.12,5,27XKGBC0426S1Z5,47.0,False,False,
student-00482,student,2025-10-05,Sun,Amruttulya Chai,Food & Dining,restaurant,Cash,2,75.0,0.0,,,,,75.0,False,False,
student-00483,student,2025-10-05,Sun,Amruttulya Chai,Food & Dining,restaurant,UPI,1,60.0,0.0,,,,,60.0,False,False,
student-00484,student,2025-10-05,Sun,Amruttulya Chai,Food & Dining,restaurant,UPI,1,35.0,0.0,,,,,35.0,False,False,
student-00485,student,2025-10-05,Sun,Rapido,Travel,cab,UPI,1,66.0,3.3,1.65,1.65,5,27GGEZE0457T1ZW,69.0,False,False,
student-00486,student,2025-10-05,Sun,Sunrise PG,Bills & Utilities,other,UPI,1,7500.0,0.0,,,,,7500.0,True,False,
student-00487,student,2025-10-05,Sun,Croma,Shopping,electronics,UPI,1,62000.0,11160.0,5580.0,5580.0,18,27MHYTZ8013Z1ZL,73160.0,False,True,unusual_merchant
student-00488,student,2025-10-05,Sun,Tanishq,Shopping,jewellery,UPI,1,45000.0,1350.0,675.0,675.0,3,27MROAH4702T1ZT,46350.0,False,True,unusual_merchant
student-00489,student,2025-10-06,Mon,Rapido,Travel,cab,UPI,1,120.0,6.0,3.0,3.0,5,27GGEZE0457T1ZW,126.0,False,False,
student-00490,student,2025-10-07,Tue,Amruttulya Chai,Food & Dining,restaurant,Cash,2,45.0,0.0,,,,,45.0,False,False,
student-00491,student,2025-10-07,Tue,College Canteen,Food & Dining,restaurant,UPI,1,20.0,0.0,,,,,20.0,False,False,
student-00492,student,2025-10-07,Tue,Swiggy,Food & Dining,restaurant,Cash,1,45.0,2.25,1.12,1.12,5,27XKGBC0426S1Z5,47.0,False,False,
student-00493,student,2025-10-08,Wed,Amruttulya Chai,Food & Dining,restaurant,Cash,1,30.0,0.0,,,,,30.0,False,False,
student-00494,student,2025-10-11,Sat,Domino's,Food & Dining,restaurant,UPI,1,459.0,22.95,11.47,11.47,5,27VNABW2204S1ZD,482.0,False,False,
student-00495,student,2025-10-11,Sat,PVR Cinemas,Entertainment,movies,UPI,2,607.0,109.26,54.63,54.63,18,27FPFIK2511K1ZB,716.0,False,False,
student-00496,student,2025-10-12,Sun,Domino's,Food & Dining,restaurant,UPI,3,648.0,32.4,16.2,16.2,5,27VNABW2204S1ZD,680.0,False,False,
student-00497,student,2025-10-12,Sun,Myntra,Shopping,clothing,Cash,2,1898.0,94.9,47.45,47.45,5,27ARDCB0955U1ZP,1993.0,False,False,
student-00498,student,2025-10-15,Wed,Amruttulya Chai,Food & Dining,restaurant,Cash,2,100.0,0.0,,,,,100.0,False,False,
student-00499,student,2025-10-15,Wed,College Canteen,Food & Dining,restaurant,UPI,2,120.0,0.0,,,,,120.0,False,False,
student-00500,student,2025-10-15,Wed,Swiggy,Food & Dining,restaurant,UPI,2,620.0,31.0,15.5,15.5,5,27XKGBC0426S1Z5,651.0,False,False,
student-00501,student,2025-10-16,Thu,Amruttulya Chai,Food & Dining,restaurant,Cash,2,65.0,0.0,,,,,65.0,False,False,
student-00502,student,2025-10-16,Thu,College Canteen,Food & Dining,restaurant,Cash,2,90.0,0.0,,,,,90.0,False,False,
student-00503,student,2025-10-17,Fri,Amruttulya Chai,Food & Dining,restaurant,Cash,1,30.0,0.0,,,,,30.0,False,False,
student-00504,student,2025-10-17,Fri,Jio,Bills & Utilities,telecom,UPI,1,253.0,45.54,22.77,22.77,18,27HGOQQ4697J1ZR,299.0,True,False,
student-00505,student,2025-10-18,Sat,Swiggy,Food & Dining,restaurant,Cash,3,550.0,27.5,13.75,13.75,5,27XKGBC0426S1Z5,578.0,False,False,
student-00506,student,2025-10-18,Sat,Spotify,Entertainment,subscription,UPI,1,101.0,18.18,9.09,9.09,18,27OAXQT6211P1ZR,119.0,True,False,
student-00507,student,2025-10-19,Sun,Amruttulya Chai,Food & Dining,restaurant,UPI,2,50.0,0.0,,,,,50.0,False,False,
student-00508,student,2025-10-20,Mon,Amruttulya Chai,Food & Dining,restaurant,UPI,2,95.0,0.0,,,,,95.0,False,False,
student-00509,student,2025-10-20,Mon,Amruttulya Chai,Food & Dining,restaurant,UPI,1,30.0,0.0,,,,,30.0,False,False,
student-00510,student,2025-10-20,Mon,Rapido,Travel,cab,UPI,1,117.0,5.85,2.92,2.92,5,27GGEZE0457T1ZW,123.0,False,False,
student-00511,student,2025-10-21,Tue,Amruttulya Chai,Food & Dining,restaurant,UPI,2,45.0,0.0,,,,,45.0,False,False,
student-00512,student,2025-10-21,Tue,Amruttulya Chai,Food & Dining,restaurant,UPI,2,45.0,0.0,,,,,45.0,False,True,duplicate
student-00513,student,2025-10-22,Wed,Amruttulya Chai,Food & Dining,restaurant,UPI,2,65.0,0.0,,,,,65.0,False,False,
student-00514,student,2025-10-22,Wed,Swiggy,Food & Dining,restaurant,UPI,2,330.0,16.5,8.25,8.25,5,27XKGBC0426S1Z5,346.0,False,False,
student-00515,student,2025-10-23,Thu,Amruttulya Chai,Food & Dining,restaurant,UPI,2,50.0,0.0,,,,,50.0,False,False,
student-00516,student,2025-10-23,Thu,Amruttulya Chai,Food & Dining,restaurant,UPI,2,45.0,0.0,,,,,45.0,False,False,
student-00517,student,2025-10-23,Thu,Amruttulya Chai,Food & Dining,restaurant,UPI,2,65.0,0.0,,,,,65.0,False,False,
student-00518,student,2025-10-23,Thu,College Canteen,Food & Dining,restaurant,Cash,1,50.0,0.0,,,,,50.0,False,False,
student-00519,student,2025-10-24,Fri,Amruttulya Chai,Food & Dining,restaurant,UPI,2,45.0,0.0,,,,,45.0,False,False,
student-00520,student,2025-10-24,Fri,Amruttulya Chai,Food & Dining,restaurant,UPI,1,35.0,0.0,,,,,35.0,False,False,
student-00521,student,2025-10-24,Fri,Domino's,Food & Dining,restaurant,UPI,3,3283,164.15,82.08,82.08,5,27VNABW2204S1ZD,3447.0,False,True,spike
student-00522,student,2025-10-25,Sat,Amruttulya Chai,Food & Dining,restaurant,Cash,1,35.0,0.0,,,,,35.0,False,False,
student-00523,student,2025-10-25,Sat,Amruttulya Chai,Food & Dining,restaurant,UPI,1,30.0,0.0,,,,,30.0,False,False,
student-00524,student,2025-10-26,Sun,Amruttulya Chai,Food & Dining,restaurant,UPI,1,70.0,0.0,,,,,70.0,False,False,
student-00525,student,2025-10-26,Sun,Swiggy,Food & Dining,restaurant,UPI,1,380.0,19.0,9.5,9.5,5,27XKGBC0426S1Z5,399.0,False,False,
student-00526,student,2025-10-27,Mon,Amruttulya Chai,Food & Dining,restaurant,UPI,2,50.0,0.0,,,,,50.0,False,False,
student-00527,student,2025-10-27,Mon,Amruttulya Chai,Food & Dining,restaurant,UPI,2,45.0,0.0,,,,,45.0,False,False,
student-00528,student,2025-10-27,Mon,College Canteen,Food & Dining,restaurant,UPI,2,170.0,0.0,,,,,170.0,False,False,
student-00529,student,2025-10-29,Wed,Amruttulya Chai,Food & Dining,restaurant,UPI,1,35.0,0.0,,,,,35.0,False,False,
student-00530,student,2025-10-29,Wed,Amruttulya Chai,Food & Dining,restaurant,Cash,2,45.0,0.0,,,,,45.0,False,False,
student-00531,student,2025-10-30,Thu,Amruttulya Chai,Food & Dining,restaurant,UPI,2,65.0,0.0,,,,,65.0,False,False,
student-00532,student,2025-10-30,Thu,Amruttulya Chai,Food & Dining,restaurant,UPI,2,45.0,0.0,,,,,45.0,False,False,
student-00533,student,2025-10-31,Fri,Amruttulya Chai,Food & Dining,restaurant,UPI,1,30.0,0.0,,,,,30.0,False,False,
student-00534,student,2025-11-01,Sat,Amruttulya Chai,Food & Dining,restaurant,UPI,1,30.0,0.0,,,,,30.0,False,False,
student-00535,student,2025-11-02,Sun,Amruttulya Chai,Food & Dining,restaurant,UPI,2,50.0,0.0,,,,,50.0,False,False,
student-00536,student,2025-11-02,Sun,Amruttulya Chai,Food & Dining,restaurant,UPI,1,30.0,0.0,,,,,30.0,False,False,
student-00537,student,2025-11-02,Sun,Amruttulya Chai,Food & Dining,restaurant,Cash,1,30.0,0.0,,,,,30.0,False,False,
student-00538,student,2025-11-02,Sun,Swiggy,Food & Dining,restaurant,Cash,2,440.0,22.0,11.0,11.0,5,27XKGBC0426S1Z5,462.0,False,False,
student-00539,student,2025-11-02,Sun,Rapido,Travel,cab,UPI,1,134.0,6.7,3.35,3.35,5,27GGEZE0457T1ZW,141.0,False,False,
student-00540,student,2025-11-03,Mon,Amruttulya Chai,Food & Dining,restaurant,UPI,1,15.0,0.0,,,,,15.0,False,False,
student-00541,student,2025-11-03,Mon,Amruttulya Chai,Food & Dining,restaurant,UPI,2,65.0,0.0,,,,,65.0,False,False,
student-00542,student,2025-11-05,Wed,College Canteen,Food & Dining,restaurant,UPI,2,90.0,0.0,,,,,90.0,False,False,
student-00543,student,2025-11-05,Wed,College Canteen,Food & Dining,restaurant,UPI,2,170.0,0.0,,,,,170.0,False,False,
student-00544,student,2025-11-05,Wed,College Canteen,Food & Dining,restaurant,UPI,1,20.0,0.0,,,,,20.0,False,False,
student-00545,student,2025-11-05,Wed,Uber,Travel,cab,UPI,1,275.0,13.75,6.88,6.88,5,27GMGDY2965Z1ZY,289.0,False,False,
student-00546,student,2025-11-05,Wed,Sunrise PG,Bills & Utilities,other,UPI,1,7500.0,0.0,,,,,7500.0,True,False,
student-00547,student,2025-11-06,Thu,Amruttulya Chai,Food & Dining,restaurant,UPI,2,695,0.0,,,,,695.0,False,True,spike
student-00548,student,2025-11-06,Thu,Stationery Mart,Shopping,other,UPI,2,99.0,0.0,,,,,99.0,False,False,
student-00549,student,2025-11-07,Fri,Amruttulya Chai,Food & Dining,restaurant,UPI,2,45.0,0.0,,,,,45.0,False,False,
student-00550,student,2025-11-07,Fri,Amruttulya Chai,Food & Dining,restaurant,UPI,1,35.0,0.0,,,,,35.0,False,False,
student-00551,student,2025-11-07,Fri,College Canteen,Food & Dining,restaurant,Cash,2,190.0,0.0,,,,,190.0,False,False,
student-00552,student,2025-11-07,Fri,Rapido,Travel,cab,UPI,1,86.0,4.3,2.15,2.15,5,27GGEZE0457T1ZW,90.0,False,False,
student-00553,student,2025-11-08,Sat,Swiggy,Food & Dining,restaurant,Cash,3,475.0,23.75,11.88,11.88,5,27XKGBC0426S1Z5,499.0,False,False,
student-00554,student,2025-11-08,Sat,Domino's,Food & Dining,restaurant,Cash,1,129.0,6.45,3.23,3.23,5,27VNABW2204S1ZD,135.0,False,False,
student-00555,student,2025-11-09,Sun,Amruttulya Chai,Food & Dining,restaurant,UPI,2,45.0,0.0,,,,,45.0,False,False,
student-00556,student,2025-11-09,Sun,Rapido,Travel,cab,UPI,1,130.0,6.5,3.25,3.25,5,27GGEZE0457T1ZW,136.0,False,False,
student-00557,student,2025-11-10,Mon,Amruttulya Chai,Food & Dining,restaurant,UPI,1,60.0,0.0,,,,,60.0,False,False,
student-00558,student,2025-11-10,Mon,College Canteen,Food & Dining,restaurant,UPI,1,50.0,0.0,,,,,50.0,False,False,
student-00559,student,2025-11-10,Mon,Rapido,Travel,cab,UPI,1,98.0,4.9,2.45,2.45,5,27GGEZE0457T1ZW,103.0,False,False,
student-00560,student,2025-11-11,Tue,Amruttulya Chai,Food & Dining,restaurant,UPI,1,15.0,0.0,,,,,15.0,False,False,
student-00561,student,2025-11-11,Tue,Amruttulya Chai,Food & Dining,restaurant,UPI,2,65.0,0.0,,,,,65.0,False,False,
student-00562,student,2025-11-11,Tue,Amruttulya Chai,Food & Dining,restaurant,Cash,2,65.0,0.0,,,,,65.0,False,False,
student-00563,student,2025-11-12,Wed,Amruttulya Chai,Food & Dining,restaurant,UPI,2,45.0,0.0,,,,,45.0,False,False,
student-00564,student,2025-11-13,Thu,Amruttulya Chai,Food & Dining,restaurant,UPI,2,45.0,0.0,,,,,45.0,False,False,
student-00565,student,2025-11-14,Fri,Swiggy,Food & Dining,restaurant,UPI,3,510.0,25.5,12.75,12.75,5,27XKGBC0426S1Z5,536.0,False,False,
student-00566,student,2025-11-14,Fri,Rapido,Travel,cab,UPI,1,72.0,3.6,1.8,1.8,5,27GGEZE0457T1ZW,76.0,False,False,
student-00567,student,2025-11-14,Fri,Jio,Bills & Utilities,telecom,UPI,1,253.0,45.54,22.77,22.77,18,27HGOQQ4697J1ZR,299.0,True,False,
student-00568,student,2025-11-15,Sat,Swiggy,Food & Dining,restaurant,UPI,1,190.0,9.5,4.75,4.75,5,27XKGBC0426S1Z5,200.0,False,False,
student-00569,student,2025-11-15,Sat,Rapido,Travel,cab,UPI,1,90.0,4.5,2.25,2.25,5,27GGEZE0457T1ZW,94.0,False,False,
student-00570,student,2025-11-17,Mon,Amruttulya Chai,Food & Dining,restaurant,UPI,2,65.0,0.0,,,,,65.0,False,False,
student-00571,student,2025-11-17,Mon,College Canteen,Food & Dining,restaurant,UPI,1,20.0,0.0,,,,,20.0,False,False,
student-00572,student,2025-11-17,Mon,Swiggy,Food & Dining,restaurant,UPI,2,320.0,16.0,8.0,8.0,5,27XKGBC0426S1Z5,336.0,False,False,
student-00573,student,2025-11-17,Mon,Uber,Travel,cab,UPI,1,236.0,11.8,5.9,5.9,5,27GMGDY2965Z1ZY,248.0,False,False,
student-00574,student,2025-11-18,Tue,Spotify,Entertainment,subscription,UPI,1,101.0,18.18,9.09,9.09,18,27OAXQT6211P1ZR,119.0,True,False,
student-00575,student,2025-11-20,Thu,Swiggy,Food & Dining,restaurant,UPI,3,600.0,30.0,15.0,15.0,5,27XKGBC0426S1Z5,630.0,False,False,
student-00576,student,2025-11-20,Thu,Rapido,Travel,cab,Card,1,127.0,6.35,3.17,3.17,5,27GGEZE0457T1ZW,133.0,False,False,
student-00577,student,2025-11-21,Fri,Amruttulya Chai,Food & Dining,restaurant,UPI,1,35.0,0.0,,,,,35.0,False,False,
student-00578,student,2025-11-22,Sat,Amruttulya Chai,Food & Dining,restaurant,UPI,1,15.0,0.0,,,,,15.0,False,False,
student-00579,student,2025-11-23,Sun,Amruttulya Chai,Food & Dining,restaurant,Cash,2,45.0,0.0,,,,,45.0,False,False,
student-00580,student,2025-11-23,Sun,Swiggy,Food & Dining,restaurant,Card,2,235.0,11.75,5.88,5.88,5,27XKGBC0426S1Z5,247.0,False,False,
student-00581,student,2025-11-23,Sun,D-Mart,Groceries,groceries,UPI,2,236.0,11.8,5.9,5.9,5,27CMJWX9755E1ZJ,248.0,False,False,
student-00582,student,2025-11-24,Mon,Amruttulya Chai,Food & Dining,restaurant,UPI,2,45.0,0.0,,,,,45.0,False,False,
student-00583,student,2025-11-25,Tue,Amruttulya Chai,Food & Dining,restaurant,UPI,1,30.0,0.0,,,,,30.0,False,False,
student-00584,student,2025-11-25,Tue,College Canteen,Food & Dining,restaurant,UPI,1,20.0,0.0,,,,,20.0,False,False,
student-00585,student,2025-11-26,Wed,Amruttulya Chai,Food & Dining,restaurant,UPI,1,35.0,0.0,,,,,35.0,False,False,
student-00586,student,2025-11-26,Wed,Swiggy,Food & Dining,restaurant,UPI,3,510.0,25.5,12.75,12.75,5,27XKGBC0426S1Z5,536.0,False,False,
student-00587,student,2025-11-27,Thu,Amruttulya Chai,Food & Dining,restaurant,UPI,1,35.0,0.0,,,,,35.0,False,False,
student-00588,student,2025-11-27,Thu,Amruttulya Chai,Food & Dining,restaurant,UPI,1,60.0,0.0,,,,,60.0,False,False,
student-00589,student,2025-11-28,Fri,College Canteen,Food & Dining,restaurant,UPI,2,70.0,0.0,,,,,70.0,False,False,
student-00590,student,2025-11-29,Sat,Domino's,Food & Dining,restaurant,UPI,1,60.0,3.0,1.5,1.5,5,27VNABW2204S1ZD,63.0,False,False,
student-00591,student,2025-12-01,Mon,Amruttulya Chai,Food & Dining,restaurant,UPI,2,50.0,0.0,,,,,50.0,False,False,
student-00592,student,2025-12-01,Mon,Amruttulya Chai,Food & Dining,restaurant,Cash,2,65.0,0.0,,,,,65.0,False,False,
student-00593,student,2025-12-01,Mon,Rapido,Travel,cab,UPI,1,97.0,4.85,2.42,2.42,5,27GGEZE0457T1ZW,102.0,False,False,
student-00594,student,2025-12-01,Mon,Rapido,Travel,cab,UPI,1,987,49.35,24.68,24.68,5,27GGEZE0457T1ZW,1036.0,False,True,spike
student-00595,student,2025-12-01,Mon,Rapido,Travel,cab,Card,1,90.0,4.5,2.25,2.25,5,27GGEZE0457T1ZW,94.0,False,False,
student-00596,student,2025-12-02,Tue,Amruttulya Chai,Food & Dining,restaurant,UPI,2,50.0,0.0,,,,,50.0,False,False,
student-00597,student,2025-12-02,Tue,Amruttulya Chai,Food & Dining,restaurant,UPI,1,30.0,0.0,,,,,30.0,False,False,
student-00598,student,2025-12-02,Tue,Amruttulya Chai,Food & Dining,restaurant,UPI,2,50.0,0.0,,,,,50.0,False,False,
student-00599,student,2025-12-02,Tue,Rapido,Travel,cab,UPI,1,113.0,5.65,2.83,2.83,5,27GGEZE0457T1ZW,119.0,False,False,
student-00600,student,2025-12-02,Tue,Rapido,Travel,cab,UPI,1,106.0,5.3,2.65,2.65,5,27GGEZE0457T1ZW,111.0,False,False,
student-00601,student,2025-12-02,Tue,Uber,Travel,cab,UPI,1,313.0,15.65,7.83,7.83,5,27GMGDY2965Z1ZY,329.0,False,False,
student-00602,student,2025-12-03,Wed,Amruttulya Chai,Food & Dining,restaurant,Card,2,65.0,0.0,,,,,65.0,False,False,
student-00603,student,2025-12-03,Wed,College Canteen,Food & Dining,restaurant,UPI,1,40.0,0.0,,,,,40.0,False,False,
student-00604,student,2025-12-04,Thu,Amruttulya Chai,Food & Dining,restaurant,UPI,1,70.0,0.0,,,,,70.0,False,False,
student-00605,student,2025-12-04,Thu,Amruttulya Chai,Food & Dining,restaurant,UPI,1,30.0,0.0,,,,,30.0,False,False,
student-00606,student,2025-12-04,Thu,Amruttulya Chai,Food & Dining,restaurant,UPI,1,30.0,0.0,,,,,30.0,False,False,
student-00607,student,2025-12-04,Thu,Amruttulya Chai,Food & Dining,restaurant,Cash,2,45.0,0.0,,,,,45.0,False,False,
student-00608,student,2025-12-04,Thu,Domino's,Food & Dining,restaurant,UPI,1,918.0,45.9,22.95,22.95,5,27VNABW2204S1ZD,964.0,False,False,
student-00609,student,2025-12-05,Fri,Amruttulya Chai,Food & Dining,restaurant,UPI,1,60.0,0.0,,,,,60.0,False,False,
student-00610,student,2025-12-05,Fri,Swiggy,Food & Dining,restaurant,UPI,1,240.0,12.0,6.0,6.0,5,27XKGBC0426S1Z5,252.0,False,False,
student-00611,student,2025-12-05,Fri,Rapido,Travel,cab,Card,1,59.0,2.95,1.48,1.48,5,27GGEZE0457T1ZW,62.0,False,False,
student-00612,student,2025-12-05,Fri,Sunrise PG,Bills & Utilities,other,UPI,1,7500.0,0.0,,,,,7500.0,True,False,
student-00613,student,2025-12-06,Sat,Amruttulya Chai,Food & Dining,restaurant,UPI,1,15.0,0.0,,,,,15.0,False,False,
student-00614,student,2025-12-06,Sat,D-Mart,Groceries,groceries,UPI,4,680.0,34.0,17.0,17.0,5,27CMJWX9755E1ZJ,714.0,False,False,
student-00615,student,2025-12-06,Sat,Rapido,Travel,cab,UPI,1,67.0,3.35,1.68,1.68,5,27GGEZE0457T1ZW,70.0,False,False,
student-00616,student,2025-12-07,Sun,Amruttulya Chai,Food & Dining,restaurant,UPI,1,35.0,0.0,,,,,35.0,False,False,
student-00617,student,2025-12-08,Mon,Amruttulya Chai,Food & Dining,restaurant,UPI,1,30.0,0.0,,,,,30.0,False,False,
student-00618,student,2025-12-09,Tue,Amruttulya Chai,Food & Dining,restaurant,UPI,2,100.0,0.0,,,,,100.0,False,False,
student-00619,student,2025-12-09,Tue,College Canteen,Food & Dining,restaurant,UPI,1,70.0,0.0,,,,,70.0,False,False,
student-00620,student,2025-12-10,Wed,D-Mart,Groceries,groceries,Cash,3,407.0,20.35,10.18,10.18,5,27CMJWX9755E1ZJ,427.0,False,False,
student-00621,student,2025-12-10,Wed,Uber,Travel,cab,UPI,1,286.0,14.3,7.15,7.15,5,27GMGDY2965Z1ZY,300.0,False,False,
student-00622,student,2025-12-11,Thu,College Canteen,Food & Dining,restaurant,UPI,1,140.0,0.0,,,,,140.0,False,False,
student-00623,student,2025-12-12,Fri,College Canteen,Food & Dining,restaurant,UPI,1,20.0,0.0,,,,,20.0,False,False,
student-00624,student,2025-12-12,Fri,Rapido,Travel,cab,UPI,1,50.0,2.5,1.25,1.25,5,27GGEZE0457T1ZW,52.0,False,False,
student-00625,student,2025-12-12,Fri,Jio,Bills & Utilities,telecom,UPI,1,253.0,45.54,22.77,22.77,18,27HGOQQ4697J1ZR,299.0,True,False,
student-00626,student,2025-12-13,Sat,Amruttulya Chai,Food & Dining,restaurant,UPI,1,35.0,0.0,,,,,35.0,False,False,
student-00627,student,2025-12-13,Sat,Swiggy,Food & Dining,restaurant,UPI,2,285.0,14.25,7.12,7.12,5,27XKGBC0426S1Z5,299.0,False,False,
student-00628,student,2025-12-13,Sat,Swiggy,Food & Dining,restaurant,UPI,3,710.0,35.5,17.75,17.75,5,27XKGBC0426S1Z5,746.0,False,False,
student-00629,student,2025-12-14,Sun,Amruttulya Chai,Food & Dining,restaurant,UPI,1,35.0,0.0,,,,,35.0,False,False,
student-00630,student,2025-12-16,Tue,Amruttulya Chai,Food & Dining,restaurant,UPI,1,35.0,0.0,,,,,35.0,False,False,
student-00631,student,2025-12-16,Tue,Amruttulya Chai,Food & Dining,restaurant,UPI,1,30.0,0.0,,,,,30.0,False,False,
student-00632,student,2025-12-16,Tue,College Canteen,Food & Dining,restaurant,UPI,2,40.0,0.0,,,,,40.0,False,False,
student-00633,student,2025-12-17,Wed,Amruttulya Chai,Food & Dining,restaurant,UPI,2,45.0,0.0,,,,,45.0,False,False,
student-00634,student,2025-12-18,Thu,Amruttulya Chai,Food & Dining,restaurant,UPI,1,15.0,0.0,,,,,15.0,False,False,
student-00635,student,2025-12-18,Thu,Amruttulya Chai,Food & Dining,restaurant,UPI,2,229,0.0,,,,,229.0,False,True,spike
student-00636,student,2025-12-18,Thu,Amruttulya Chai,Food & Dining,restaurant,Cash,1,15.0,0.0,,,,,15.0,False,False,
student-00637,student,2025-12-18,Thu,College Canteen,Food & Dining,restaurant,UPI,2,120.0,0.0,,,,,120.0,False,False,
student-00638,student,2025-12-18,Thu,Spotify,Entertainment,subscription,UPI,1,101.0,18.18,9.09,9.09,18,27OAXQT6211P1ZR,119.0,True,False,
student-00639,student,2025-12-18,Thu,Croma,Shopping,electronics,UPI,1,54990.0,9898.2,4949.1,4949.1,18,27MHYTZ8013Z1ZL,64888.0,False,True,unusual_merchant
student-00640,student,2025-12-19,Fri,Amruttulya Chai,Food & Dining,restaurant,UPI,2,50.0,0.0,,,,,50.0,False,False,
student-00641,student,2025-12-19,Fri,Domino's,Food & Dining,restaurant,UPI,2,189.0,9.45,4.72,4.72,5,27VNABW2204S1ZD,198.0,False,False,
student-00642,student,2025-12-20,Sat,Amruttulya Chai,Food & Dining,restaurant,UPI,2,95.0,0.0,,,,,95.0,False,False,
student-00643,student,2025-12-21,Sun,Amruttulya Chai,Food & Dining,restaurant,UPI,1,30.0,0.0,,,,,30.0,False,False,
student-00644,student,2025-12-21,Sun,Swiggy,Food & Dining,restaurant,UPI,3,665.0,33.25,16.62,16.62,5,27XKGBC0426S1Z5,698.0,False,False,
student-00645,student,2025-12-21,Sun,Swiggy,Food & Dining,restaurant,UPI,2,525.0,26.25,13.12,13.12,5,27XKGBC0426S1Z5,551.0,False,False,
student-00646,student,2025-12-21,Sun,Domino's,Food & Dining,restaurant,UPI,2,978.0,48.9,24.45,24.45,5,27VNABW2204S1ZD,1027.0,False,False,
student-00647,student,2025-12-22,Mon,Amruttulya Chai,Food & Dining,restaurant,UPI,1,30.0,0.0,,,,,30.0,False,False,
student-00648,student,2025-12-22,Mon,Amruttulya Chai,Food & Dining,restaurant,UPI,1,35.0,0.0,,,,,35.0,False,False,
student-00649,student,2025-12-22,Mon,College Canteen,Food & Dining,restaurant,UPI,2,90.0,0.0,,,,,90.0,False,False,
student-00650,student,2025-12-22,Mon,College Canteen,Food & Dining,restaurant,UPI,1,20.0,0.0,,,,,20.0,False,False,
student-00651,student,2025-12-22,Mon,College Canteen,Food & Dining,restaurant,UPI,2,90.0,0.0,,,,,90.0,False,True,duplicate
student-00652,student,2025-12-23,Tue,Amruttulya Chai,Food & Dining,restaurant,UPI,1,60.0,0.0,,,,,60.0,False,False,
student-00653,student,2025-12-24,Wed,Amruttulya Chai,Food & Dining,restaurant,Cash,1,60.0,0.0,,,,,60.0,False,False,
student-00654,student,2025-12-24,Wed,Amruttulya Chai,Food & Dining,restaurant,UPI,2,45.0,0.0,,,,,45.0,False,False,
student-00655,student,2025-12-25,Thu,College Canteen,Food & Dining,restaurant,Cash,2,90.0,0.0,,,,,90.0,False,False,
student-00656,student,2025-12-26,Fri,Amruttulya Chai,Food & Dining,restaurant,UPI,1,35.0,0.0,,,,,35.0,False,False,
student-00657,student,2025-12-26,Fri,College Canteen,Food & Dining,restaurant,UPI,1,20.0,0.0,,,,,20.0,False,False,
student-00658,student,2025-12-27,Sat,Amruttulya Chai,Food & Dining,restaurant,UPI,1,30.0,0.0,,,,,30.0,False,False,
student-00659,student,2025-12-28,Sun,Swiggy,Food & Dining,restaurant,Card,3,515.0,25.75,12.88,12.88,5,27XKGBC0426S1Z5,541.0,False,False,
student-00660,student,2025-12-29,Mon,Rapido,Travel,cab,UPI,1,115.0,5.75,2.88,2.88,5,27GGEZE0457T1ZW,121.0,False,False,
student-00661,student,2026-01-01,Thu,Amruttulya Chai,Food & Dining,restaurant,Card,2,85.0,0.0,,,,,85.0,False,False,
student-00662,student,2026-01-01,Thu,Domino's,Food & Dining,restaurant,UPI,1,60.0,3.0,1.5,1.5,5,27VNABW2204S1ZD,63.0,False,False,
student-00663,student,2026-01-02,Fri,College Canteen,Food & Dining,restaurant,UPI,1,40.0,0.0,,,,,40.0,False,False,
student-00664,student,2026-01-02,Fri,Rapido,Travel,cab,UPI,1,91.0,4.55,2.27,2.27,5,27GGEZE0457T1ZW,96.0,False,False,
student-00665,student,2026-01-02,Fri,Stationery Mart,Shopping,other,UPI,1,50.0,0.0,,,,,50.0,False,False,
student-00666,student,2026-01-03,Sat,Amruttulya Chai,Food & Dining,restaurant,Cash,2,50.0,0.0,,,,,50.0,False,False,
student-00667,student,2026-01-03,Sat,Amruttulya Chai,Food & Dining,restaurant,UPI,1,35.0,0.0,,,,,35.0,False,False,
student-00668,student,2026-01-03,Sat,Swiggy,Food & Dining,restaurant,UPI,3,680.0,34.0,17.0,17.0,5,27XKGBC0426S1Z5,714.0,False,False,
student-00669,student,2026-01-04,Sun,Amruttulya Chai,Food & Dining,restaurant,UPI,1,30.0,0.0,,,,,30.0,False,False,
student-00670,student,2026-01-04,Sun,Amruttulya Chai,Food & Dining,restaurant,UPI,1,212,0.0,,,,,212.0,False,True,spike
student-00671,student,2026-01-04,Sun,Amruttulya Chai,Food & Dining,restaurant,Card,2,60.0,0.0,,,,,60.0,False,False,
student-00672,student,2026-01-04,Sun,Swiggy,Food & Dining,restaurant,UPI,1,45.0,2.25,1.12,1.12,5,27XKGBC0426S1Z5,47.0,False,False,
student-00673,student,2026-01-04,Sun,Domino's,Food & Dining,restaurant,UPI,3,648.0,32.4,16.2,16.2,5,27VNABW2204S1ZD,680.0,False,False,
student-00674,student,2026-01-04,Sun,Rapido,Travel,cab,UPI,1,121.0,6.05,3.02,3.02,5,27GGEZE0457T1ZW,127.0,False,False,
student-00675,student,2026-01-04,Sun,MakeMyTrip,Travel,air,UPI,1,8400.0,420.0,210.0,210.0,5,27DXOGL6519H1ZY,8820.0,False,True,unusual_merchant
student-00676,student,2026-01-05,Mon,D-Mart,Groceries,groceries,UPI,2,113.0,5.65,2.83,2.83,5,27CMJWX9755E1ZJ,119.0,False,False,
student-00677,student,2026-01-05,Mon,Sunrise PG,Bills & Utilities,other,UPI,1,7500.0,0.0,,,,,7500.0,True,False,
student-00678,student,2026-01-07,Wed,College Canteen,Food & Dining,restaurant,UPI,2,70.0,0.0,,,,,70.0,False,False,
student-00679,student,2026-01-08,Thu,Amruttulya Chai,Food & Dining,restaurant,UPI,2,50.0,0.0,,,,,50.0,False,False,
student-00680,student,2026-01-08,Thu,Swiggy,Food & Dining,restaurant,UPI,2,125.0,6.25,3.12,3.12,5,27XKGBC0426S1Z5,131.0,False,False,
student-00681,student,2026-01-08,Thu,Myntra,Shopping,clothing,Cash,2,3098.0,154.9,77.45,77.45,5,27ARDCB0955U1ZP,3253.0,False,False,
student-00682,student,2026-01-09,Fri,Rapido,Travel,cab,Cash,1,117.0,5.85,2.92,2.92,5,27GGEZE0457T1ZW,123.0,False,False,
student-00683,student,2026-01-09,Fri,Jio,Bills & Utilities,telecom,UPI,1,253.0,45.54,22.77,22.77,18,27HGOQQ4697J1ZR,299.0,True,False,
student-00684,student,2026-01-10,Sat,Rapido,Travel,cab,UPI,1,80.0,4.0,2.0,2.0,5,27GGEZE0457T1ZW,84.0,False,False,
student-00685,student,2026-01-11,Sun,Amruttulya Chai,Food & Dining,restaurant,Card,2,45.0,0.0,,,,,45.0,False,False,
student-00686,student,2026-01-12,Mon,Domino's,Food & Dining,restaurant,UPI,3,648.0,32.4,16.2,16.2,5,27VNABW2204S1ZD,680.0,False,False,
student-00687,student,2026-01-13,Tue,Amruttulya Chai,Food & Dining,restaurant,Cash,1,30.0,0.0,,,,,30.0,False,False,
student-00688,student,2026-01-13,Tue,Amruttulya Chai,Food & Dining,restaurant,UPI,2,65.0,0.0,,,,,65.0,False,False,
student-00689,student,2026-01-13,Tue,College Canteen,Food & Dining,restaurant,UPI,2,70.0,0.0,,,,,70.0,False,False,
student-00690,student,2026-01-13,Tue,College Canteen,Food & Dining,restaurant,Card,1,100.0,0.0,,,,,100.0,False,False,
student-00691,student,2026-01-13,Tue,College Canteen,Food & Dining,restaurant,Card,2,120.0,0.0,,,,,120.0,False,False,
student-00692,student,2026-01-13,Tue,Swiggy,Food & Dining,restaurant,UPI,1,190.0,9.5,4.75,4.75,5,27XKGBC0426S1Z5,200.0,False,False,
student-00693,student,2026-01-14,Wed,Amruttulya Chai,Food & Dining,restaurant,UPI,1,30.0,0.0,,,,,30.0,False,False,
student-00694,student,2026-01-14,Wed,Amruttulya Chai,Food & Dining,restaurant,UPI,2,90.0,0.0,,,,,90.0,False,False,
student-00695,student,2026-01-14,Wed,Amruttulya Chai,Food & Dining,restaurant,UPI,1,15.0,0.0,,,,,15.0,False,False,
student-00696,student,2026-01-14,Wed,College Canteen,Food & Dining,restaurant,UPI,2,90.0,0.0,,,,,90.0,False,False,
student-00697,student,2026-01-14,Wed,Rapido,Travel,cab,UPI,1,103.0,5.15,2.58,2.58,5,27GGEZE0457T1ZW,108.0,False,False,
student-00698,student,2026-01-15,Thu,Amruttulya Chai,Food & Dining,restaurant,UPI,1,15.0,0.0,,,,,15.0,False,False,
student-00699,student,2026-01-16,Fri,College Canteen,Food & Dining,restaurant,Cash,2,120.0,0.0,,,,,120.0,False,False,
student-00700,student,2026-01-16,Fri,Uber,Travel,cab,UPI,1,269.0,13.45,6.72,6.72,5,27GMGDY2965Z1ZY,282.0,False,False,
student-00701,student,2026-01-16,Fri,Croma,Shopping,electronics,UPI,1,54990.0,9898.2,4949.1,4949.1,18,27MHYTZ8013Z1ZL,64888.0,False,True,unusual_merchant
student-00702,student,2026-01-17,Sat,Amruttulya Chai,Food & Dining,restaurant,Cash,2,65.0,0.0,,,,,65.0,False,False,
student-00703,student,2026-01-17,Sat,Amruttulya Chai,Food & Dining,restaurant,UPI,1,15.0,0.0,,,,,15.0,False,False,
student-00704,student,2026-01-17,Sat,D-Mart,Groceries,groceries,UPI,4,657.0,32.85,16.43,16.43,5,27CMJWX9755E1ZJ,690.0,False,False,
student-00705,student,2026-01-18,Sun,Amruttulya Chai,Food & Dining,restaurant,UPI,1,35.0,0.0,,,,,35.0,False,False,
student-00706,student,2026-01-18,Sun,Swiggy,Food & Dining,restaurant,UPI,1,240.0,12.0,6.0,6.0,5,27XKGBC0426S1Z5,252.0,False,False,
student-00707,student,2026-01-18,Sun,Spotify,Entertainment,subscription,UPI,1,101.0,18.18,9.09,9.09,18,27OAXQT6211P1ZR,119.0,True,False,
student-00708,student,2026-01-19,Mon,Amruttulya Chai,Food & Dining,restaurant,UPI,1,70.0,0.0,,,,,70.0,False,False,
student-00709,student,2026-01-19,Mon,College Canteen,Food & Dining,restaurant,UPI,1,20.0,0.0,,,,,20.0,False,False,
student-00710,student,2026-01-19,Mon,Rapido,Travel,cab,UPI,1,133.0,6.65,3.33,3.33,5,27GGEZE0457T1ZW,140.0,False,False,
student-00711,student,2026-01-19,Mon,PVR Cinemas,Entertainment,movies,UPI,1,317.0,57.06,28.53,28.53,18,27FPFIK2511K1ZB,374.0,False,False,
student-00712,student,2026-01-20,Tue,Amruttulya Chai,Food & Dining,restaurant,UPI,1,15.0,0.0,,,,,15.0,False,False,
student-00713,student,2026-01-20,Tue,D-Mart,Groceries,groceries,UPI,4,652.0,32.6,16.3,16.3,5,27CMJWX9755E1ZJ,685.0,False,False,
student-00714,student,2026-01-20,Tue,Rapido,Travel,cab,UPI,1,110.0,5.5,2.75,2.75,5,27GGEZE0457T1ZW,116.0,False,False,
student-00715,student,2026-01-21,Wed,Amruttulya Chai,Food & Dining,restaurant,UPI,2,60.0,0.0,,,,,60.0,False,False,
student-00716,student,2026-01-21,Wed,Amruttulya Chai,Food & Dining,restaurant,UPI,1,30.0,0.0,,,,,30.0,False,False,
student-00717,student,2026-01-21,Wed,Amruttulya Chai,Food & Dining,restaurant,Card,2,65.0,0.0,,,,,65.0,False,False,
student-00718,student,2026-01-21,Wed,Amruttulya Chai,Food & Dining,restaurant,Cash,2,50.0,0.0,,,,,50.0,False,False,
student-00719,student,2026-01-21,Wed,Rapido,Travel,cab,UPI,1,58.0,2.9,1.45,1.45,5,27GGEZE0457T1ZW,61.0,False,False,
student-00720,student,2026-01-22,Thu,College Canteen,Food & Dining,restaurant,UPI,1,20.0,0.0,,,,,20.0,False,False,
student-00721,student,2026-01-22,Thu,Tanishq,Shopping,jewellery,Cash,1,45000.0,1350.0,675.0,675.0,3,27MROAH4702T1ZT,46350.0,False,True,unusual_merchant
student-00722,student,2026-01-23,Fri,College Canteen,Food & Dining,restaurant,UPI,2,70.0,0.0,,,,,70.0,False,False,
student-00723,student,2026-01-23,Fri,College Canteen,Food & Dining,restaurant,UPI,1,50.0,0.0,,,,,50.0,False,False,
student-00724,student,2026-01-24,Sat,Amruttulya Chai,Food & Dining,restaurant,Cash,2,50.0,0.0,,,,,50.0,False,False,
student-00725,student,2026-01-24,Sat,Uber,Travel,cab,UPI,1,286.0,14.3,7.15,7.15,5,27GMGDY2965Z1ZY,300.0,False,False,
student-00726,student,2026-01-25,Sun,Amruttulya Chai,Food & Dining,restaurant,UPI,1,30.0,0.0,,,,,30.0,False,False,
student-00727,student,2026-01-25,Sun,Swiggy,Food & Dining,restaurant,UPI,2,350.0,17.5,8.75,8.75,5,27XKGBC0426S1Z5,368.0,False,False,
student-00728,student,2026-01-26,Mon,Amruttulya Chai,Food & Dining,restaurant,UPI,1,15.0,0.0,,,,,15.0,False,False,
student-00729,student,2026-01-26,Mon,Amruttulya Chai,Food & Dining,restaurant,UPI,1,35.0,0.0,,,,,35.0,False,False,
student-00730,student,2026-01-27,Tue,Amruttulya Chai,Food & Dining,restaurant,UPI,2,45.0,0.0,,,,,45.0,False,False,
student-00731,student,2026-01-27,Tue,D-Mart,Groceries,groceries,UPI,4,652.0,32.6,16.3,16.3,5,27CMJWX9755E1ZJ,685.0,False,False,
student-00732,student,2026-01-28,Wed,Amruttulya Chai,Food & Dining,restaurant,UPI,2,60.0,0.0,,,,,60.0,False,False,
student-00733,student,2026-01-28,Wed,College Canteen,Food & Dining,restaurant,UPI,1,680,0.0,,,,,680.0,False,True,spike
student-00734,student,2026-01-28,Wed,College Canteen,Food & Dining,restaurant,UPI,2,120.0,0.0,,,,,120.0,False,False,
student-00735,student,2026-01-31,Sat,Amruttulya Chai,Food & Dining,restaurant,UPI,2,95.0,0.0,,,,,95.0,False,False,
student-00736,student,2026-02-01,Sun,Amruttulya Chai,Food & Dining,restaurant,UPI,1,35.0,0.0,,,,,35.0,False,False,
student-00737,student,2026-02-01,Sun,Amruttulya Chai,Food & Dining,restaurant,UPI,2,60.0,0.0,,,,,60.0,False,False,
student-00738,student,2026-02-01,Sun,Swiggy,Food & Dining,restaurant,UPI,2,520.0,26.0,13.0,13.0,5,27XKGBC0426S1Z5,546.0,False,False,
student-00739,student,2026-02-01,Sun,Rapido,Travel,cab,UPI,1,107.0,5.35,2.67,2.67,5,27GGEZE0457T1ZW,112.0,False,False,
student-00740,student,2026-02-02,Mon,Amruttulya Chai,Food & Dining,restaurant,UPI,2,50.0,0.0,,,,,50.0,False,False,
student-00741,student,2026-02-02,Mon,Rapido,Travel,cab,UPI,1,61.0,3.05,1.52,1.52,5,27GGEZE0457T1ZW,64.0,False,False,
student-00742,student,2026-02-03,Tue,College Canteen,Food & Dining,restaurant,Card,2,120.0,0.0,,,,,120.0,False,False,
student-00743,student,2026-02-03,Tue,College Canteen,Food & Dining,restaurant,UPI,1,40.0,0.0,,,,,40.0,False,False,
student-00744,student,2026-02-04,Wed,Amruttulya Chai,Food & Dining,restaurant,UPI,2,50.0,0.0,,,,,50.0,False,False,
student-00745,student,2026-02-05,Thu,Amruttulya Chai,Food & Dining,restaurant,UPI,1,30.0,0.0,,,,,30.0,False,False,
student-00746,student,2026-02-05,Thu,College Canteen,Food & Dining,restaurant,Cash,1,20.0,0.0,,,,,20.0,False,False,
student-00747,student,2026-02-05,Thu,D-Mart,Groceries,groceries,Cash,4,452.0,22.6,11.3,11.3,5,27CMJWX9755E1ZJ,475.0,False,False,
student-00748,student,2026-02-05,Thu,Sunrise PG,Bills & Utilities,other,UPI,1,7500.0,0.0,,,,,7500.0,True,False,
student-00749,student,2026-02-06,Fri,Amruttulya Chai,Food & Dining,restaurant,UPI,1,30.0,0.0,,,,,30.0,False,False,
student-00750,student,2026-02-06,Fri,Domino's,Food & Dining,restaurant,UPI,1,129.0,6.45,3.23,3.23,5,27VNABW2204S1ZD,135.0,False,False,
student-00751,student,2026-02-06,Fri,Jio,Bills & Utilities,telecom,UPI,1,253.0,45.54,22.77,22.77,18,27HGOQQ4697J1ZR,299.0,True,False,
student-00752,student,2026-02-07,Sat,Amruttulya Chai,Food & Dining,restaurant,UPI,1,15.0,0.0,,,,,15.0,False,False,
student-00753,student,2026-02-07,Sat,D-Mart,Groceries,groceries,Cash,3,312.0,15.6,7.8,7.8,5,27CMJWX9755E1ZJ,328.0,False,False,
student-00754,student,2026-02-07,Sat,D-Mart,Groceries,groceries,UPI,4,657.0,32.85,16.43,16.43,5,27CMJWX9755E1ZJ,690.0,False,False,
student-00755,student,2026-02-08,Sun,Amruttulya Chai,Food & Dining,restaurant,Cash,1,30.0,0.0,,,,,30.0,False,False,
student-00756,student,2026-02-08,Sun,Amruttulya Chai,Food & Dining,restaurant,UPI,1,60.0,0.0,,,,,60.0,False,False,
student-00757,student,2026-02-08,Sun,Swiggy,Food & Dining,restaurant,UPI,3,900.0,45.0,22.5,22.5,5,27XKGBC0426S1Z5,945.0,False,False,
student-00758,student,2026-02-09,Mon,College Canteen,Food & Dining,restaurant,UPI,1,70.0,0.0,,,,,70.0,False,False,
student-00759,student,2026-02-10,Tue,Amruttulya Chai,Food & Dining,restaurant,Cash,2,60.0,0.0,,,,,60.0,False,False,
student-00760,student,2026-02-10,Tue,Amruttulya Chai,Food & Dining,restaurant,UPI,1,35.0,0.0,,,,,35.0,False,False,
student-00761,student,2026-02-10,Tue,Amruttulya Chai,Food & Dining,restaurant,UPI,1,35.0,0.0,,,,,35.0,False,False,
student-00762,student,2026-02-10,Tue,Amruttulya Chai,Food & Dining,restaurant,UPI,2,50.0,0.0,,,,,50.0,False,False,
student-00763,student,2026-02-10,Tue,College Canteen,Food & Dining,restaurant,UPI,2,70.0,0.0,,,,,70.0,False,False,
student-00764,student,2026-02-11,Wed,Amruttulya Chai,Food & Dining,restaurant,UPI,1,35.0,0.0,,,,,35.0,False,False,
student-00765,student,2026-02-11,Wed,College Canteen,Food & Dining,restaurant,UPI,1,140.0,0.0,,,,,140.0,False,False,
student-00766,student,2026-02-12,Thu,Amruttulya Chai,Food & Dining,restaurant,UPI,1,15.0,0.0,,,,,15.0,False,False,
student-00767,student,2026-02-12,Thu,Amruttulya Chai,Food & Dining,restaurant,UPI,2,65.0,0.0,,,,,65.0,False,False,
student-00768,student,2026-02-12,Thu,College Canteen,Food & Dining,restaurant,UPI,2,120.0,0.0,,,,,120.0,False,False,
student-00769,student,2026-02-12,Thu,Rapido,Travel,cab,UPI,1,49.0,2.45,1.23,1.23,5,27GGEZE0457T1ZW,51.0,False,False,
student-00770,student,2026-02-13,Fri,College Canteen,Food & Dining,restaurant,UPI,2,120.0,0.0,,,,,120.0,False,False,
student-00771,student,2026-02-14,Sat,Amruttulya Chai,Food & Dining,restaurant,Card,2,50.0,0.0,,,,,50.0,False,False,
student-00772,student,2026-02-14,Sat,Amruttulya Chai,Food & Dining,restaurant,UPI,1,15.0,0.0,,,,,15.0,False,False,
student-00773,student,2026-02-14,Sat,College Canteen,Food & Dining,restaurant,UPI,2,40.0,0.0,,,,,40.0,False,False,
student-00774,student,2026-02-14,Sat,Swiggy,Food & Dining,restaurant,UPI,1,190.0,9.5,4.75,4.75,5,27XKGBC0426S1Z5,200.0,False,False,
student-00775,student,2026-02-14,Sat,Swiggy,Food & Dining,restaurant,Cash,1,190.0,9.5,4.75,4.75,5,27XKGBC0426S1Z5,200.0,False,False,
student-00776,student,2026-02-14,Sat,Rapido,Travel,cab,UPI,1,119.0,5.95,2.98,2.98,5,27GGEZE0457T1ZW,125.0,False,False,
student-00777,student,2026-02-15,Sun,D-Mart,Groceries,groceries,UPI,2,113.0,5.65,2.83,2.83,5,27CMJWX9755E1ZJ,119.0,False,False,
student-00778,student,2026-02-15,Sun,D-Mart,Groceries,groceries,Cash,4,498.0,24.9,12.45,12.45,5,27CMJWX9755E1ZJ,523.0,False,False,
student-00779,student,2026-02-16,Mon,Rapido,Travel,cab,UPI,1,95.0,4.75,2.38,2.38,5,27GGEZE0457T1ZW,100.0,False,False,
student-00780,student,2026-02-17,Tue,Amruttulya Chai,Food & Dining,restaurant,UPI,2,60.0,0.0,,,,,60.0,False,False,
student-00781,student,2026-02-18,Wed,Amruttulya Chai,Food & Dining,restaurant,UPI,2,95.0,0.0,,,,,95.0,False,False,
student-00782,student,2026-02-18,Wed,Spotify,Entertainment,subscription,UPI,1,101.0,18.18,9.09,9.09,18,27OAXQT6211P1ZR,119.0,True,False,
student-00783,student,2026-02-19,Thu,Amruttulya Chai,Food & Dining,restaurant,UPI,2,45.0,0.0,,,,,45.0,False,False,
student-00784,student,2026-02-19,Thu,Amruttulya Chai,Food & Dining,restaurant,Card,1,15.0,0.0,,,,,15.0,False,False,
student-00785,student,2026-02-19,Thu,College Canteen,Food & Dining,restaurant,UPI,2,70.0,0.0,,,,,70.0,False,False,
student-00786,student,2026-02-19,Thu,College Canteen,Food & Dining,restaurant,Cash,1,50.0,0.0,,,,,50.0,False,False,
student-00787,student,2026-02-20,Fri,Rapido,Travel,cab,UPI,1,131.0,6.55,3.27,3.27,5,27GGEZE0457T1ZW,138.0,False,False,
student-00788,student,2026-02-22,Sun,D-Mart,Groceries,groceries,UPI,2,367.0,18.35,9.18,9.18,5,27CMJWX9755E1ZJ,385.0,False,False,
student-00789,student,2026-02-22,Sun,Uber,Travel,cab,Cash,1,285.0,14.25,7.12,7.12,5,27GMGDY2965Z1ZY,299.0,False,False,
student-00790,student,2026-02-23,Mon,Amruttulya Chai,Food & Dining,restaurant,UPI,2,65.0,0.0,,,,,65.0,False,False,
student-00791,student,2026-02-24,Tue,Amruttulya Chai,Food & Dining,restaurant,UPI,1,30.0,0.0,,,,,30.0,False,False,
student-00792,student,2026-02-24,Tue,Swiggy,Food & Dining,restaurant,Card,1,80.0,4.0,2.0,2.0,5,27XKGBC0426S1Z5,84.0,False,False,
student-00793,student,2026-02-24,Tue,Swiggy,Food & Dining,restaurant,Card,2,270.0,13.5,6.75,6.75,5,27XKGBC0426S1Z5,284.0,False,False,
student-00794,student,2026-02-25,Wed,Amruttulya Chai,Food & Dining,restaurant,Cash,2,100.0,0.0,,,,,100.0,False,False,
student-00795,student,2026-02-25,Wed,College Canteen,Food & Dining,restaurant,UPI,2,120.0,0.0,,,,,120.0,False,False,
student-00796,student,2026-02-25,Wed,College Canteen,Food & Dining,restaurant,UPI,1,50.0,0.0,,,,,50.0,False,False,
student-00797,student,2026-02-26,Thu,Amruttulya Chai,Food & Dining,restaurant,UPI,1,15.0,0.0,,,,,15.0,False,False,
student-00798,student,2026-02-27,Fri,Amruttulya Chai,Food & Dining,restaurant,UPI,1,60.0,0.0,,,,,60.0,False,False,
student-00799,student,2026-02-28,Sat,Amruttulya Chai,Food & Dining,restaurant,UPI,1,30.0,0.0,,,,,30.0,False,False,
student-00800,student,2026-02-28,Sat,Amruttulya Chai,Food & Dining,restaurant,UPI,1,35.0,0.0,,,,,35.0,False,False,
student-00801,student,2026-02-28,Sat,Swiggy,Food & Dining,restaurant,UPI,2,125.0,6.25,3.12,3.12,5,27XKGBC0426S1Z5,131.0,False,False,
student-00802,student,2026-02-28,Sat,Rapido,Travel,cab,UPI,1,126.0,6.3,3.15,3.15,5,27GGEZE0457T1ZW,132.0,False,False,
student-00803,student,2026-03-01,Sun,Amruttulya Chai,Food & Dining,restaurant,UPI,2,45.0,0.0,,,,,45.0,False,False,
student-00804,student,2026-03-01,Sun,Amruttulya Chai,Food & Dining,restaurant,UPI,2,50.0,0.0,,,,,50.0,False,False,
student-00805,student,2026-03-01,Sun,Domino's,Food & Dining,restaurant,UPI,1,129.0,6.45,3.23,3.23,5,27VNABW2204S1ZD,135.0,False,False,
student-00806,student,2026-03-01,Sun,Domino's,Food & Dining,restaurant,UPI,1,459.0,22.95,11.47,11.47,5,27VNABW2204S1ZD,482.0,False,False,
student-00807,student,2026-03-01,Sun,D-Mart,Groceries,groceries,UPI,3,253.0,12.65,6.33,6.33,5,27CMJWX9755E1ZJ,266.0,False,False,
student-00808,student,2026-03-01,Sun,Uber,Travel,cab,Cash,1,313.0,15.65,7.83,7.83,5,27GMGDY2965Z1ZY,329.0,False,False,
student-00809,student,2026-03-02,Mon,Amruttulya Chai,Food & Dining,restaurant,UPI,1,35.0,0.0,,,,,35.0,False,False,
student-00810,student,2026-03-02,Mon,Amruttulya Chai,Food & Dining,restaurant,UPI,2,50.0,0.0,,,,,50.0,False,False,
student-00811,student,2026-03-02,Mon,Amruttulya Chai,Food & Dining,restaurant,Cash,2,65.0,0.0,,,,,65.0,False,False,
student-00812,student,2026-03-02,Mon,Amruttulya Chai,Food & Dining,restaurant,UPI,1,35.0,0.0,,,,,35.0,False,False,
student-00813,student,2026-03-02,Mon,Swiggy,Food & Dining,restaurant,UPI,2,520.0,26.0,13.0,13.0,5,27XKGBC0426S1Z5,546.0,False,False,
student-00814,student,2026-03-02,Mon,Rapido,Travel,cab,Card,1,124.0,6.2,3.1,3.1,5,27GGEZE0457T1ZW,130.0,False,False,
student-00815,student,2026-03-03,Tue,Amruttulya Chai,Food & Dining,restaurant,UPI,1,30.0,0.0,,,,,30.0,False,False,
student-00816,student,2026-03-03,Tue,Amruttulya Chai,Food & Dining,restaurant,UPI,2,65.0,0.0,,,,,65.0,False,False,
student-00817,student,2026-03-03,Tue,D-Mart,Groceries,groceries,UPI,2,213.0,10.65,5.33,5.33,5,27CMJWX9755E1ZJ,224.0,False,False,
student-00818,student,2026-03-03,Tue,Stationery Mart,Shopping,other,UPI,2,110.0,0.0,,,,,110.0,False,False,
student-00819,student,2026-03-04,Wed,College Canteen,Food & Dining,restaurant,UPI,2,70.0,0.0,,,,,70.0,False,False,
student-00820,student,2026-03-04,Wed,College Canteen,Food & Dining,restaurant,UPI,2,90.0,0.0,,,,,90.0,False,False,
student-00821,student,2026-03-05,Thu,Amruttulya Chai,Food & Dining,restaurant,Cash,2,45.0,0.0,,,,,45.0,False,False,
student-00822,student,2026-03-05,Thu,Sunrise PG,Bills & Utilities,other,UPI,1,7500.0,0.0,,,,,7500.0,True,False,
student-00823,student,2026-03-06,Fri,Amruttulya Chai,Food & Dining,restaurant,UPI,1,35.0,0.0,,,,,35.0,False,False,
student-00824,student,2026-03-06,Fri,College Canteen,Food & Dining,restaurant,UPI,1,70.0,0.0,,,,,70.0,False,False,
student-00825,student,2026-03-06,Fri,College Canteen,Food & Dining,restaurant,UPI,1,140.0,0.0,,,,,140.0,False,False,
student-00826,student,2026-03-06,Fri,College Canteen,Food & Dining,restaurant,UPI,2,170.0,0.0,,,,,170.0,False,False,
student-00827,student,2026-03-06,Fri,College Canteen,Food & Dining,restaurant,Cash,1,140.0,0.0,,,,,140.0,False,False,
student-00828,student,2026-03-06,Fri,Swiggy,Food & Dining,restaurant,Cash,1,380.0,19.0,9.5,9.5,5,27XKGBC0426S1Z5,399.0,False,False,
student-00829,student,2026-03-06,Fri,Swiggy,Food & Dining,restaurant,Cash,2,250.0,12.5,6.25,6.25,5,27XKGBC0426S1Z5,262.0,False,False,
student-00830,student,2026-03-06,Fri,Jio,Bills & Utilities,telecom,UPI,1,253.0,45.54,22.77,22.77,18,27HGOQQ4697J1ZR,299.0,True,False,
student-00831,student,2026-03-07,Sat,College Canteen,Food & Dining,restaurant,UPI,2,90.0,0.0,,,,,90.0,False,False,
student-00832,student,2026-03-07,Sat,Rapido,Travel,cab,UPI,1,101.0,5.05,2.52,2.52,5,27GGEZE0457T1ZW,106.0,False,False,
student-00833,student,2026-03-08,Sun,Amruttulya Chai,Food & Dining,restaurant,UPI,1,15.0,0.0,,,,,15.0,False,False,
student-00834,student,2026-03-09,Mon,Swiggy,Food & Dining,restaurant,UPI,1,80.0,4.0,2.0,2.0,5,27XKGBC0426S1Z5,84.0,False,False,
student-00835,student,2026-03-10,Tue,Amruttulya Chai,Food & Dining,restaurant,UPI,1,60.0,0.0,,,,,60.0,False,False,
student-00836,student,2026-03-10,Tue,Amruttulya Chai,Food & Dining,restaurant,UPI,1,70.0,0.0,,,,,70.0,False,False,
student-00837,student,2026-03-10,Tue,College Canteen,Food & Dining,restaurant,UPI,1,50.0,0.0,,,,,50.0,False,False,
student-00838,student,2026-03-10,Tue,Domino's,Food & Dining,restaurant,UPI,3,648.0,32.4,16.2,16.2,5,27VNABW2204S1ZD,680.0,False,False,
student-00839,student,2026-03-11,Wed,Amruttulya Chai,Food & Dining,restaurant,UPI,1,30.0,0.0,,,,,30.0,False,False,
student-00840,student,2026-03-12,Thu,Amruttulya Chai,Food & Dining,restaurant,UPI,1,60.0,0.0,,,,,60.0,False,False,
student-00841,student,2026-03-12,Thu,MakeMyTrip,Travel,air,Card,1,8400.0,420.0,210.0,210.0,5,27DXOGL6519H1ZY,8820.0,False,True,unusual_merchant
student-00842,student,2026-03-13,Fri,College Canteen,Food & Dining,restaurant,UPI,2,70.0,0.0,,,,,70.0,False,False,
student-00843,student,2026-03-13,Fri,College Canteen,Food & Dining,restaurant,UPI,1,20.0,0.0,,,,,20.0,False,False,
student-00844,student,2026-03-13,Fri,Swiggy,Food & Dining,restaurant,UPI,2,520.0,26.0,13.0,13.0,5,27XKGBC0426S1Z5,546.0,False,False,
student-00845,student,2026-03-14,Sat,Amruttulya Chai,Food & Dining,restaurant,UPI,2,65.0,0.0,,,,,65.0,False,False,
student-00846,student,2026-03-14,Sat,Domino's,Food & Dining,restaurant,UPI,1,459.0,22.95,11.47,11.47,5,27VNABW2204S1ZD,482.0,False,False,
student-00847,student,2026-03-15,Sun,Amruttulya Chai,Food & Dining,restaurant,Card,1,15.0,0.0,,,,,15.0,False,False,
student-00848,student,2026-03-15,Sun,College Canteen,Food & Dining,restaurant,UPI,1,20.0,0.0,,,,,20.0,False,False,
student-00849,student,2026-03-16,Mon,Amruttulya Chai,Food & Dining,restaurant,UPI,2,60.0,0.0,,,,,60.0,False,False,
student-00850,student,2026-03-16,Mon,College Canteen,Food & Dining,restaurant,UPI,1,140.0,0.0,,,,,140.0,False,False,
student-00851,student,2026-03-16,Mon,College Canteen,Food & Dining,restaurant,UPI,1,20.0,0.0,,,,,20.0,False,False,
student-00852,student,2026-03-16,Mon,Domino's,Food & Dining,restaurant,UPI,1,459.0,22.95,11.47,11.47,5,27VNABW2204S1ZD,482.0,False,False,
student-00853,student,2026-03-17,Tue,Amruttulya Chai,Food & Dining,restaurant,UPI,1,30.0,0.0,,,,,30.0,False,False,
student-00854,student,2026-03-17,Tue,College Canteen,Food & Dining,restaurant,Cash,2,90.0,0.0,,,,,90.0,False,False,
student-00855,student,2026-03-17,Tue,Swiggy,Food & Dining,restaurant,Cash,1,90.0,4.5,2.25,2.25,5,27XKGBC0426S1Z5,94.0,False,False,
student-00856,student,2026-03-18,Wed,Amruttulya Chai,Food & Dining,restaurant,UPI,1,30.0,0.0,,,,,30.0,False,False,
student-00857,student,2026-03-18,Wed,Amruttulya Chai,Food & Dining,restaurant,UPI,2,45.0,0.0,,,,,45.0,False,False,
student-00858,student,2026-03-18,Wed,Spotify,Entertainment,subscription,UPI,1,101.0,18.18,9.09,9.09,18,27OAXQT6211P1ZR,119.0,True,False,
student-00859,student,2026-03-19,Thu,Amruttulya Chai,Food & Dining,restaurant,UPI,1,30.0,0.0,,,,,30.0,False,False,
student-00860,student,2026-03-21,Sat,D-Mart,Groceries,groceries,UPI,4,557.0,27.85,13.93,13.93,5,27CMJWX9755E1ZJ,585.0,False,False,
student-00861,student,2026-03-22,Sun,Amruttulya Chai,Food & Dining,restaurant,UPI,2,95.0,0.0,,,,,95.0,False,False,
student-00862,student,2026-03-22,Sun,Amruttulya Chai,Food & Dining,restaurant,UPI,1,30.0,0.0,,,,,30.0,False,False,
student-00863,student,2026-03-22,Sun,Amruttulya Chai,Food & Dining,restaurant,Cash,1,60.0,0.0,,,,,60.0,False,False,
student-00864,student,2026-03-22,Sun,Rapido,Travel,cab,UPI,1,93.0,4.65,2.33,2.33,5,27GGEZE0457T1ZW,98.0,False,False,
student-00865,student,2026-03-23,Mon,Amruttulya Chai,Food & Dining,restaurant,UPI,1,70.0,0.0,,,,,70.0,False,False,
student-00866,student,2026-03-23,Mon,Rapido,Travel,cab,UPI,1,89.0,4.45,2.23,2.23,5,27GGEZE0457T1ZW,93.0,False,False,
student-00867,student,2026-03-24,Tue,Amruttulya Chai,Food & Dining,restaurant,UPI,2,45.0,0.0,,,,,45.0,False,False,
student-00868,student,2026-03-24,Tue,College Canteen,Food & Dining,restaurant,UPI,1,100.0,0.0,,,,,100.0,False,False,
student-00869,student,2026-03-24,Tue,College Canteen,Food & Dining,restaurant,UPI,2,70.0,0.0,,,,,70.0,False,False,
student-00870,student,2026-03-25,Wed,Amruttulya Chai,Food & Dining,restaurant,Cash,2,50.0,0.0,,,,,50.0,False,False,
student-00871,student,2026-03-25,Wed,Amruttulya Chai,Food & Dining,restaurant,UPI,1,70.0,0.0,,,,,70.0,False,False,
student-00872,student,2026-03-25,Wed,Uber,Travel,cab,Cash,1,278.0,13.9,6.95,6.95,5,27GMGDY2965Z1ZY,292.0,False,False,
student-00873,student,2026-03-26,Thu,Amruttulya Chai,Food & Dining,restaurant,UPI,2,100.0,0.0,,,,,100.0,False,False,
student-00874,student,2026-03-26,Thu,Amruttulya Chai,Food & Dining,restaurant,UPI,1,30.0,0.0,,,,,30.0,False,False,
student-00875,student,2026-03-29,Sun,Amruttulya Chai,Food & Dining,restaurant,UPI,2,50.0,0.0,,,,,50.0,False,False,
student-00876,student,2026-03-29,Sun,Amruttulya Chai,Food & Dining,restaurant,UPI,1,30.0,0.0,,,,,30.0,False,False,
student-00877,student,2026-03-29,Sun,Amruttulya Chai,Food & Dining,restaurant,UPI,2,65.0,0.0,,,,,65.0,False,False,
student-00878,student,2026-03-29,Sun,Rapido,Travel,cab,UPI,1,96.0,4.8,2.4,2.4,5,27GGEZE0457T1ZW,101.0,False,False,
student-00879,student,2026-03-30,Mon,Amruttulya Chai,Food & Dining,restaurant,UPI,2,65.0,0.0,,,,,65.0,False,False,
student-00880,student,2026-03-30,Mon,Swiggy,Food & Dining,restaurant,UPI,3,805.0,40.25,20.12,20.12,5,27XKGBC0426S1Z5,845.0,False,False,
student-00881,student,2026-03-30,Mon,Swiggy,Food & Dining,restaurant,UPI,2,320.0,16.0,8.0,8.0,5,27XKGBC0426S1Z5,336.0,False,False,
student-00882,student,2026-03-30,Mon,Rapido,Travel,cab,UPI,1,113.0,5.65,2.83,2.83,5,27GGEZE0457T1ZW,119.0,False,False,
student-00883,student,2026-03-31,Tue,Swiggy,Food & Dining,restaurant,UPI,3,830.0,41.5,20.75,20.75,5,27XKGBC0426S1Z5,872.0,False,False,
student-00884,student,2026-03-31,Tue,Swiggy,Food & Dining,restaurant,UPI,1,190.0,9.5,4.75,4.75,5,27XKGBC0426S1Z5,200.0,False,False,
student-00885,student,2026-04-01,Wed,Amruttulya Chai,Food & Dining,restaurant,UPI,2,60.0,0.0,,,,,60.0,False,False,
student-00886,student,2026-04-01,Wed,Swiggy,Food & Dining,restaurant,UPI,3,405.0,20.25,10.12,10.12,5,27XKGBC0426S1Z5,425.0,False,False,
student-00887,student,2026-04-02,Thu,Amruttulya Chai,Food & Dining,restaurant,Cash,1,30.0,0.0,,,,,30.0,False,False,
student-00888,student,2026-04-02,Thu,College Canteen,Food & Dining,restaurant,UPI,2,70.0,0.0,,,,,70.0,False,False,
student-00889,student,2026-04-02,Thu,Swiggy,Food & Dining,restaurant,UPI,2,470.0,23.5,11.75,11.75,5,27XKGBC0426S1Z5,494.0,False,False,
student-00890,student,2026-04-02,Thu,Rapido,Travel,cab,Cash,1,134.0,6.7,3.35,3.35,5,27GGEZE0457T1ZW,141.0,False,False,
student-00891,student,2026-04-03,Fri,Rapido,Travel,cab,UPI,1,77.0,3.85,1.93,1.93,5,27GGEZE0457T1ZW,81.0,False,False,
student-00892,student,2026-04-03,Fri,Jio,Bills & Utilities,telecom,UPI,1,253.0,45.54,22.77,22.77,18,27HGOQQ4697J1ZR,299.0,True,False,
student-00893,student,2026-04-04,Sat,College Canteen,Food & Dining,restaurant,UPI,2,160.0,0.0,,,,,160.0,False,False,
student-00894,student,2026-04-04,Sat,Swiggy,Food & Dining,restaurant,Cash,1,45.0,2.25,1.12,1.12,5,27XKGBC0426S1Z5,47.0,False,False,
student-00895,student,2026-04-04,Sat,Swiggy,Food & Dining,restaurant,UPI,2,320.0,16.0,8.0,8.0,5,27XKGBC0426S1Z5,336.0,False,False,
student-00896,student,2026-04-05,Sun,College Canteen,Food & Dining,restaurant,UPI,2,40.0,0.0,,,,,40.0,False,False,
student-00897,student,2026-04-05,Sun,Rapido,Travel,cab,Cash,1,89.0,4.45,2.23,2.23,5,27GGEZE0457T1ZW,93.0,False,False,
student-00898,student,2026-04-05,Sun,Sunrise PG,Bills & Utilities,other,UPI,1,7500.0,0.0,,,,,7500.0,True,False,
student-00899,student,2026-04-07,Tue,College Canteen,Food & Dining,restaurant,UPI,2,70.0,0.0,,,,,70.0,False,False,
student-00900,student,2026-04-07,Tue,College Canteen,Food & Dining,restaurant,UPI,1,50.0,0.0,,,,,50.0,False,False,
student-00901,student,2026-04-07,Tue,Rapido,Travel,cab,UPI,1,133.0,6.65,3.33,3.33,5,27GGEZE0457T1ZW,140.0,False,False,
student-00902,student,2026-04-08,Wed,College Canteen,Food & Dining,restaurant,UPI,2,70.0,0.0,,,,,70.0,False,False,
student-00903,student,2026-04-08,Wed,College Canteen,Food & Dining,restaurant,UPI,2,90.0,0.0,,,,,90.0,False,False,
student-00904,student,2026-04-09,Thu,Amruttulya Chai,Food & Dining,restaurant,UPI,2,65.0,0.0,,,,,65.0,False,False,
student-00905,student,2026-04-09,Thu,D-Mart,Groceries,groceries,Cash,3,453.0,22.65,11.32,11.32,5,27CMJWX9755E1ZJ,476.0,False,False,
student-00906,student,2026-04-10,Fri,Amruttulya Chai,Food & Dining,restaurant,UPI,2,65.0,0.0,,,,,65.0,False,False,
student-00907,student,2026-04-10,Fri,Amruttulya Chai,Food & Dining,restaurant,UPI,1,60.0,0.0,,,,,60.0,False,False,
student-00908,student,2026-04-10,Fri,Amruttulya Chai,Food & Dining,restaurant,UPI,1,15.0,0.0,,,,,15.0,False,False,
student-00909,student,2026-04-10,Fri,Swiggy,Food & Dining,restaurant,UPI,1,190.0,9.5,4.75,4.75,5,27XKGBC0426S1Z5,200.0,False,False,
student-00910,student,2026-04-11,Sat,Amruttulya Chai,Food & Dining,restaurant,UPI,1,60.0,0.0,,,,,60.0,False,False,
student-00911,student,2026-04-11,Sat,Swiggy,Food & Dining,restaurant,UPI,1,80.0,4.0,2.0,2.0,5,27XKGBC0426S1Z5,84.0,False,False,
student-00912,student,2026-04-12,Sun,Amruttulya Chai,Food & Dining,restaurant,UPI,1,30.0,0.0,,,,,30.0,False,False,
student-00913,student,2026-04-12,Sun,Amruttulya Chai,Food & Dining,restaurant,UPI,2,100.0,0.0,,,,,100.0,False,False,
student-00914,student,2026-04-12,Sun,Amruttulya Chai,Food & Dining,restaurant,UPI,2,45.0,0.0,,,,,45.0,False,False,
student-00915,student,2026-04-12,Sun,Swiggy,Food & Dining,restaurant,UPI,2,325.0,16.25,8.12,8.12,5,27XKGBC0426S1Z5,341.0,False,False,
student-00916,student,2026-04-12,Sun,Rapido,Travel,cab,UPI,1,83.0,4.15,2.08,2.08,5,27GGEZE0457T1ZW,87.0,False,False,
student-00917,student,2026-04-13,Mon,Amruttulya Chai,Food & Dining,restaurant,UPI,2,60.0,0.0,,,,,60.0,False,False,
student-00918,student,2026-04-13,Mon,Amruttulya Chai,Food & Dining,restaurant,UPI,2,100.0,0.0,,,,,100.0,False,False,
student-00919,student,2026-04-13,Mon,College Canteen,Food & Dining,restaurant,UPI,1,70.0,0.0,,,,,70.0,False,False,
student-00920,student,2026-04-14,Tue,College Canteen,Food & Dining,restaurant,UPI,1,50.0,0.0,,,,,50.0,False,False,
student-00921,student,2026-04-14,Tue,College Canteen,Food & Dining,restaurant,UPI,2,90.0,0.0,,,,,90.0,False,False,
student-00922,student,2026-04-17,Fri,Amruttulya Chai,Food & Dining,restaurant,UPI,1,30.0,0.0,,,,,30.0,False,False,
student-00923,student,2026-04-17,Fri,Swiggy,Food & Dining,restaurant,UPI,2,125.0,6.25,3.12,3.12,5,27XKGBC0426S1Z5,131.0,False,False,
student-00924,student,2026-04-17,Fri,Swiggy,Food & Dining,restaurant,Cash,1,80.0,4.0,2.0,2.0,5,27XKGBC0426S1Z5,84.0,False,False,
student-00925,student,2026-04-17,Fri,Domino's,Food & Dining,restaurant,UPI,2,249.0,12.45,6.22,6.22,5,27VNABW2204S1ZD,261.0,False,False,
student-00926,student,2026-04-18,Sat,Amruttulya Chai,Food & Dining,restaurant,UPI,1,35.0,0.0,,,,,35.0,False,False,
student-00927,student,2026-04-18,Sat,Amruttulya Chai,Food & Dining,restaurant,UPI,2,90.0,0.0,,,,,90.0,False,False,
student-00928,student,2026-04-18,Sat,College Canteen,Food & Dining,restaurant,UPI,2,40.0,0.0,,,,,40.0,False,False,
student-00929,student,2026-04-18,Sat,Rapido,Travel,cab,UPI,1,89.0,4.45,2.23,2.23,5,27GGEZE0457T1ZW,93.0,False,False,
student-00930,student,2026-04-18,Sat,Uber,Travel,cab,UPI,1,150.0,7.5,3.75,3.75,5,27GMGDY2965Z1ZY,158.0,False,False,
student-00931,student,2026-04-18,Sat,Spotify,Entertainment,subscription,UPI,1,101.0,18.18,9.09,9.09,18,27OAXQT6211P1ZR,119.0,True,False,
student-00932,student,2026-04-19,Sun,Amruttulya Chai,Food & Dining,restaurant,UPI,1,15.0,0.0,,,,,15.0,False,False,
student-00933,student,2026-04-19,Sun,Croma,Shopping,electronics,UPI,1,54990.0,9898.2,4949.1,4949.1,18,27MHYTZ8013Z1ZL,64888.0,False,True,unusual_merchant
student-00934,student,2026-04-20,Mon,Amruttulya Chai,Food & Dining,restaurant,UPI,1,70.0,0.0,,,,,70.0,False,False,
student-00935,student,2026-04-20,Mon,Amruttulya Chai,Food & Dining,restaurant,UPI,1,30.0,0.0,,,,,30.0,False,False,
student-00936,student,2026-04-21,Tue,College Canteen,Food & Dining,restaurant,UPI,1,20.0,0.0,,,,,20.0,False,False,
student-00937,student,2026-04-22,Wed,Amruttulya Chai,Food & Dining,restaurant,UPI,1,30.0,0.0,,,,,30.0,False,False,
student-00938,student,2026-04-23,Thu,Amruttulya Chai,Food & Dining,restaurant,UPI,1,105,0.0,,,,,105.0,False,True,spike
student-00939,student,2026-04-23,Thu,Amruttulya Chai,Food & Dining,restaurant,UPI,2,50.0,0.0,,,,,50.0,False,False,
student-00940,student,2026-04-24,Fri,Amruttulya Chai,Food & Dining,restaurant,UPI,1,30.0,0.0,,,,,30.0,False,False,
student-00941,student,2026-04-24,Fri,College Canteen,Food & Dining,restaurant,UPI,2,160.0,0.0,,,,,160.0,False,False,
student-00942,student,2026-04-26,Sun,D-Mart,Groceries,groceries,UPI,2,285.0,14.25,7.12,7.12,5,27CMJWX9755E1ZJ,299.0,False,False,
student-00943,student,2026-04-26,Sun,Rapido,Travel,cab,UPI,1,125.0,6.25,3.12,3.12,5,27GGEZE0457T1ZW,131.0,False,False,
student-00944,student,2026-04-27,Mon,College Canteen,Food & Dining,restaurant,UPI,1,20.0,0.0,,,,,20.0,False,False,
student-00945,student,2026-04-27,Mon,Rapido,Travel,cab,UPI,1,57.0,2.85,1.43,1.43,5,27GGEZE0457T1ZW,60.0,False,False,
student-00946,student,2026-04-28,Tue,College Canteen,Food & Dining,restaurant,UPI,1,20.0,0.0,,,,,20.0,False,False,
student-00947,student,2026-04-28,Tue,Swiggy,Food & Dining,restaurant,Cash,2,285.0,14.25,7.12,7.12,5,27XKGBC0426S1Z5,299.0,False,False,
student-00948,student,2026-05-01,Fri,Amruttulya Chai,Food & Dining,restaurant,UPI,1,35.0,0.0,,,,,35.0,False,False,
student-00949,student,2026-05-01,Fri,College Canteen,Food & Dining,restaurant,UPI,1,20.0,0.0,,,,,20.0,False,False,
student-00950,student,2026-05-01,Fri,Stationery Mart,Shopping,other,UPI,2,129.0,0.0,,,,,129.0,False,False,
student-00951,student,2026-05-01,Fri,Jio,Bills & Utilities,telecom,UPI,1,253.0,45.54,22.77,22.77,18,27HGOQQ4697J1ZR,299.0,True,False,
student-00952,student,2026-05-02,Sat,Amruttulya Chai,Food & Dining,restaurant,Card,1,30.0,0.0,,,,,30.0,False,False,
student-00953,student,2026-05-02,Sat,College Canteen,Food & Dining,restaurant,UPI,2,70.0,0.0,,,,,70.0,False,False,
student-00954,student,2026-05-03,Sun,Amruttulya Chai,Food & Dining,restaurant,Cash,1,30.0,0.0,,,,,30.0,False,False,
student-00955,student,2026-05-03,Sun,Amruttulya Chai,Food & Dining,restaurant,UPI,2,65.0,0.0,,,,,65.0,False,False,
student-00956,student,2026-05-03,Sun,Domino's,Food & Dining,restaurant,UPI,3,1236.0,61.8,30.9,30.9,5,27VNABW2204S1ZD,1298.0,False,False,
student-00957,student,2026-05-03,Sun,D-Mart,Groceries,groceries,UPI,2,244.0,12.2,6.1,6.1,5,27CMJWX9755E1ZJ,256.0,False,False,
student-00958,student,2026-05-03,Sun,Uber,Travel,cab,Card,1,179.0,8.95,4.47,4.47,5,27GMGDY2965Z1ZY,188.0,False,False,
student-00959,student,2026-05-04,Mon,College Canteen,Food & Dining,restaurant,UPI,1,20.0,0.0,,,,,20.0,False,False,
student-00960,student,2026-05-04,Mon,College Canteen,Food & Dining,restaurant,UPI,2,60.0,0.0,,,,,60.0,False,False,
student-00961,student,2026-05-05,Tue,Amruttulya Chai,Food & Dining,restaurant,UPI,1,15.0,0.0,,,,,15.0,False,False,
student-00962,student,2026-05-05,Tue,Amruttulya Chai,Food & Dining,restaurant,Cash,1,35.0,0.0,,,,,35.0,False,False,
student-00963,student,2026-05-05,Tue,College Canteen,Food & Dining,restaurant,Cash,2,70.0,0.0,,,,,70.0,False,False,
student-00964,student,2026-05-05,Tue,Swiggy,Food & Dining,restaurant,UPI,1,160.0,8.0,4.0,4.0,5,27XKGBC0426S1Z5,168.0,False,False,
student-00965,student,2026-05-05,Tue,Sunrise PG,Bills & Utilities,other,UPI,1,7500.0,0.0,,,,,7500.0,True,False,
student-00966,student,2026-05-06,Wed,Amruttulya Chai,Food & Dining,restaurant,Cash,1,15.0,0.0,,,,,15.0,False,False,
student-00967,student,2026-05-06,Wed,Amruttulya Chai,Food & Dining,restaurant,UPI,1,30.0,0.0,,,,,30.0,False,False,
student-00968,student,2026-05-06,Wed,Domino's,Food & Dining,restaurant,UPI,2,588.0,29.4,14.7,14.7,5,27VNABW2204S1ZD,617.0,False,False,
student-00969,student,2026-05-06,Wed,Domino's,Food & Dining,restaurant,UPI,2,588.0,29.4,14.7,14.7,5,27VNABW2204S1ZD,617.0,False,True,duplicate
student-00970,student,2026-05-06,Wed,Tanishq,Shopping,jewellery,UPI,1,45000.0,1350.0,675.0,675.0,3,27MROAH4702T1ZT,46350.0,False,True,unusual_merchant
student-00971,student,2026-05-07,Thu,Amruttulya Chai,Food & Dining,restaurant,UPI,2,45.0,0.0,,,,,45.0,False,False,
student-00972,student,2026-05-07,Thu,College Canteen,Food & Dining,restaurant,UPI,2,160.0,0.0,,,,,160.0,False,False,
student-00973,student,2026-05-08,Fri,Amruttulya Chai,Food & Dining,restaurant,UPI,2,50.0,0.0,,,,,50.0,False,False,
student-00974,student,2026-05-08,Fri,Rapido,Travel,cab,UPI,1,80.0,4.0,2.0,2.0,5,27GGEZE0457T1ZW,84.0,False,False,
student-00975,student,2026-05-09,Sat,Swiggy,Food & Dining,restaurant,UPI,1,380.0,19.0,9.5,9.5,5,27XKGBC0426S1Z5,399.0,False,False,
student-00976,student,2026-05-09,Sat,Uber,Travel,cab,UPI,1,174.0,8.7,4.35,4.35,5,27GMGDY2965Z1ZY,183.0,False,False,
student-00977,student,2026-05-10,Sun,Amruttulya Chai,Food & Dining,restaurant,Cash,1,15.0,0.0,,,,,15.0,False,False,
student-00978,student,2026-05-10,Sun,D-Mart,Groceries,groceries,UPI,2,444.0,22.2,11.1,11.1,5,27CMJWX9755E1ZJ,466.0,False,False,
student-00979,student,2026-05-11,Mon,Amruttulya Chai,Food & Dining,restaurant,UPI,1,60.0,0.0,,,,,60.0,False,False,
student-00980,student,2026-05-12,Tue,Amruttulya Chai,Food & Dining,restaurant,UPI,1,30.0,0.0,,,,,30.0,False,False,
student-00981,student,2026-05-12,Tue,Stationery Mart,Shopping,other,UPI,2,163.0,0.0,,,,,163.0,False,False,
student-00982,student,2026-05-13,Wed,College Canteen,Food & Dining,restaurant,UPI,1,50.0,0.0,,,,,50.0,False,False,
student-00983,student,2026-05-13,Wed,Rapido,Travel,cab,Card,1,46.0,2.3,1.15,1.15,5,27GGEZE0457T1ZW,48.0,False,False,
student-00984,student,2026-05-13,Wed,Rapido,Travel,cab,Cash,1,85.0,4.25,2.12,2.12,5,27GGEZE0457T1ZW,89.0,False,False,
student-00985,student,2026-05-14,Thu,College Canteen,Food & Dining,restaurant,UPI,2,70.0,0.0,,,,,70.0,False,False,
student-00986,student,2026-05-14,Thu,College Canteen,Food & Dining,restaurant,UPI,2,70.0,0.0,,,,,70.0,False,False,
student-00987,student,2026-05-15,Fri,Amruttulya Chai,Food & Dining,restaurant,UPI,2,100.0,0.0,,,,,100.0,False,False,
student-00988,student,2026-05-15,Fri,Rapido,Travel,cab,UPI,1,130.0,6.5,3.25,3.25,5,27GGEZE0457T1ZW,136.0,False,False,
student-00989,student,2026-05-17,Sun,Swiggy,Food & Dining,restaurant,Cash,3,515.0,25.75,12.88,12.88,5,27XKGBC0426S1Z5,541.0,False,False,
student-00990,student,2026-05-17,Sun,Domino's,Food & Dining,restaurant,Card,3,648.0,32.4,16.2,16.2,5,27VNABW2204S1ZD,680.0,False,False,
student-00991,student,2026-05-17,Sun,Uber,Travel,cab,UPI,1,357.0,17.85,8.93,8.93,5,27GMGDY2965Z1ZY,375.0,False,False,
student-00992,student,2026-05-18,Mon,College Canteen,Food & Dining,restaurant,UPI,1,40.0,0.0,,,,,40.0,False,False,
student-00993,student,2026-05-18,Mon,College Canteen,Food & Dining,restaurant,UPI,2,60.0,0.0,,,,,60.0,False,False,
student-00994,student,2026-05-18,Mon,Uber,Travel,cab,UPI,1,306.0,15.3,7.65,7.65,5,27GMGDY2965Z1ZY,321.0,False,False,
student-00995,student,2026-05-18,Mon,Spotify,Entertainment,subscription,UPI,1,101.0,18.18,9.09,9.09,18,27OAXQT6211P1ZR,119.0,True,False,
student-00996,student,2026-05-19,Tue,Amruttulya Chai,Food & Dining,restaurant,UPI,1,30.0,0.0,,,,,30.0,False,False,
student-00997,student,2026-05-19,Tue,College Canteen,Food & Dining,restaurant,Card,1,70.0,0.0,,,,,70.0,False,False,
student-00998,student,2026-05-19,Tue,Swiggy,Food & Dining,restaurant,UPI,2,430.0,21.5,10.75,10.75,5,27XKGBC0426S1Z5,452.0,False,False,
student-00999,student,2026-05-19,Tue,D-Mart,Groceries,groceries,UPI,2,239.0,11.95,5.97,5.97,5,27CMJWX9755E1ZJ,251.0,False,False,
student-01000,student,2026-05-19,Tue,MakeMyTrip,Travel,air,Cash,1,8400.0,420.0,210.0,210.0,5,27DXOGL6519H1ZY,8820.0,False,True,unusual_merchant
student-01001,student,2026-05-20,Wed,Amruttulya Chai,Food & Dining,restaurant,UPI,2,45.0,0.0,,,,,45.0,False,False,
student-01002,student,2026-05-20,Wed,Amruttulya Chai,Food & Dining,restaurant,UPI,1,30.0,0.0,,,,,30.0,False,False,
student-01003,student,2026-05-20,Wed,College Canteen,Food & Dining,restaurant,UPI,1,20.0,0.0,,,,,20.0,False,False,
student-01004,student,2026-05-20,Wed,College Canteen,Food & Dining,restaurant,UPI,2,140.0,0.0,,,,,140.0,False,False,
student-01005,student,2026-05-20,Wed,Domino's,Food & Dining,restaurant,Cash,3,1107.0,55.35,27.68,27.68,5,27VNABW2204S1ZD,1162.0,False,False,
student-01006,student,2026-05-20,Wed,Rapido,Travel,cab,UPI,1,120.0,6.0,3.0,3.0,5,27GGEZE0457T1ZW,126.0,False,False,
student-01007,student,2026-05-21,Thu,College Canteen,Food & Dining,restaurant,UPI,1,20.0,0.0,,,,,20.0,False,False,
student-01008,student,2026-05-22,Fri,Amruttulya Chai,Food & Dining,restaurant,UPI,2,60.0,0.0,,,,,60.0,False,False,
student-01009,student,2026-05-22,Fri,Amruttulya Chai,Food & Dining,restaurant,Card,2,45.0,0.0,,,,,45.0,False,False,
student-01010,student,2026-05-23,Sat,Amruttulya Chai,Food & Dining,restaurant,UPI,1,35.0,0.0,,,,,35.0,False,False,
student-01011,student,2026-05-23,Sat,Amruttulya Chai,Food & Dining,restaurant,UPI,2,50.0,0.0,,,,,50.0,False,False,
student-01012,student,2026-05-24,Sun,College Canteen,Food & Dining,restaurant,Cash,1,70.0,0.0,,,,,70.0,False,False,
student-01013,student,2026-05-24,Sun,Rapido,Travel,cab,Card,1,45.0,2.25,1.12,1.12,5,27GGEZE0457T1ZW,47.0,False,False,
student-01014,student,2026-05-25,Mon,College Canteen,Food & Dining,restaurant,UPI,2,70.0,0.0,,,,,70.0,False,False,
student-01015,student,2026-05-26,Tue,Amruttulya Chai,Food & Dining,restaurant,UPI,1,35.0,0.0,,,,,35.0,False,False,
student-01016,student,2026-05-26,Tue,Amruttulya Chai,Food & Dining,restaurant,UPI,2,65.0,0.0,,,,,65.0,False,False,
student-01017,student,2026-05-26,Tue,Amruttulya Chai,Food & Dining,restaurant,UPI,2,50.0,0.0,,,,,50.0,False,False,
student-01018,student,2026-05-26,Tue,Domino's,Food & Dining,restaurant,Cash,2,579.0,28.95,14.47,14.47,5,27VNABW2204S1ZD,608.0,False,False,
student-01019,student,2026-05-27,Wed,Rapido,Travel,cab,UPI,1,58.0,2.9,1.45,1.45,5,27GGEZE0457T1ZW,61.0,False,False,
student-01020,student,2026-05-27,Wed,Rapido,Travel,cab,Cash,1,52.0,2.6,1.3,1.3,5,27GGEZE0457T1ZW,55.0,False,False,
student-01021,student,2026-05-28,Thu,Amruttulya Chai,Food & Dining,restaurant,Cash,2,45.0,0.0,,,,,45.0,False,False,
student-01022,student,2026-05-28,Thu,Swiggy,Food & Dining,restaurant,UPI,1,280.0,14.0,7.0,7.0,5,27XKGBC0426S1Z5,294.0,False,False,
student-01023,student,2026-05-29,Fri,Amruttulya Chai,Food & Dining,restaurant,UPI,1,35.0,0.0,,,,,35.0,False,False,
student-01024,student,2026-05-29,Fri,College Canteen,Food & Dining,restaurant,Cash,1,20.0,0.0,,,,,20.0,False,False,
student-01025,student,2026-05-29,Fri,Jio,Bills & Utilities,telecom,UPI,1,253.0,45.54,22.77,22.77,18,27HGOQQ4697J1ZR,299.0,True,False,
student-01026,student,2026-05-30,Sat,Amruttulya Chai,Food & Dining,restaurant,UPI,2,45.0,0.0,,,,,45.0,False,False,
student-01027,student,2026-05-30,Sat,Amruttulya Chai,Food & Dining,restaurant,Cash,1,60.0,0.0,,,,,60.0,False,False,
student-01028,student,2026-05-30,Sat,College Canteen,Food & Dining,restaurant,UPI,1,20.0,0.0,,,,,20.0,False,False,
student-01029,student,2026-05-30,Sat,Swiggy,Food & Dining,restaurant,Cash,1,280.0,14.0,7.0,7.0,5,27XKGBC0426S1Z5,294.0,False,False,
student-01030,student,2026-05-30,Sat,Swiggy,Food & Dining,restaurant,UPI,1,45.0,2.25,1.12,1.12,5,27XKGBC0426S1Z5,47.0,False,False,
student-01031,student,2026-05-31,Sun,Amruttulya Chai,Food & Dining,restaurant,Cash,2,50.0,0.0,,,,,50.0,False,False,
student-01032,student,2026-05-31,Sun,Uber,Travel,cab,UPI,1,404.0,20.2,10.1,10.1,5,27GMGDY2965Z1ZY,424.0,False,False,
student-01033,student,2026-06-01,Mon,Amruttulya Chai,Food & Dining,restaurant,UPI,2,50.0,0.0,,,,,50.0,False,False,
student-01034,student,2026-06-01,Mon,Rapido,Travel,cab,UPI,1,95.0,4.75,2.38,2.38,5,27GGEZE0457T1ZW,100.0,False,False,
student-01035,student,2026-06-01,Mon,Rapido,Travel,cab,UPI,1,75.0,3.75,1.88,1.88,5,27GGEZE0457T1ZW,79.0,False,False,
student-01036,student,2026-06-02,Tue,Amruttulya Chai,Food & Dining,restaurant,UPI,1,35.0,0.0,,,,,35.0,False,False,
student-01037,student,2026-06-02,Tue,College Canteen,Food & Dining,restaurant,UPI,1,20.0,0.0,,,,,20.0,False,False,
student-01038,student,2026-06-02,Tue,Rapido,Travel,cab,Cash,1,528,26.4,13.2,13.2,5,27GGEZE0457T1ZW,554.0,False,True,spike
student-01039,student,2026-06-03,Wed,Amruttulya Chai,Food & Dining,restaurant,Cash,1,15.0,0.0,,,,,15.0,False,False,
student-01040,student,2026-06-03,Wed,Amruttulya Chai,Food & Dining,restaurant,UPI,1,30.0,0.0,,,,,30.0,False,False,
student-01041,student,2026-06-03,Wed,College Canteen,Food & Dining,restaurant,UPI,2,120.0,0.0,,,,,120.0,False,False,
student-01042,student,2026-06-03,Wed,Swiggy,Food & Dining,restaurant,UPI,3,405.0,20.25,10.12,10.12,5,27XKGBC0426S1Z5,425.0,False,False,
student-01043,student,2026-06-03,Wed,Swiggy,Food & Dining,restaurant,UPI,2,205.0,10.25,5.12,5.12,5,27XKGBC0426S1Z5,215.0,False,False,
student-01044,student,2026-06-03,Wed,Rapido,Travel,cab,UPI,1,75.0,3.75,1.88,1.88,5,27GGEZE0457T1ZW,79.0,False,False,
student-01045,student,2026-06-03,Wed,Stationery Mart,Shopping,other,UPI,1,60.0,0.0,,,,,60.0,False,False,
student-01046,student,2026-06-05,Fri,Amruttulya Chai,Food & Dining,restaurant,UPI,2,85.0,0.0,,,,,85.0,False,False,
student-01047,student,2026-06-05,Fri,Sunrise PG,Bills & Utilities,other,UPI,1,7500.0,0.0,,,,,7500.0,True,False,
student-01048,student,2026-06-06,Sat,Amruttulya Chai,Food & Dining,restaurant,Card,1,15.0,0.0,,,,,15.0,False,False,
student-01049,student,2026-06-07,Sun,Swiggy,Food & Dining,restaurant,UPI,3,850.0,42.5,21.25,21.25,5,27XKGBC0426S1Z5,892.0,False,False,
student-01050,student,2026-06-07,Sun,Domino's,Food & Dining,restaurant,Cash,3,648.0,32.4,16.2,16.2,5,27VNABW2204S1ZD,680.0,False,False,
student-01051,student,2026-06-09,Tue,Amruttulya Chai,Food & Dining,restaurant,Card,1,30.0,0.0,,,,,30.0,False,False,
student-01052,student,2026-06-09,Tue,Swiggy,Food & Dining,restaurant,UPI,3,740.0,37.0,18.5,18.5,5,27XKGBC0426S1Z5,777.0,False,False,
student-01053,student,2026-06-09,Tue,Swiggy,Food & Dining,restaurant,UPI,1,190.0,9.5,4.75,4.75,5,27XKGBC0426S1Z5,200.0,False,False,
student-01054,student,2026-06-09,Tue,Rapido,Travel,cab,UPI,1,73.0,3.65,1.82,1.82,5,27GGEZE0457T1ZW,77.0,False,False,
student-01055,student,2026-06-10,Wed,Amruttulya Chai,Food & Dining,restaurant,UPI,2,95.0,0.0,,,,,95.0,False,False,
student-01056,student,2026-06-11,Thu,College Canteen,Food & Dining,restaurant,UPI,1,70.0,0.0,,,,,70.0,False,False,
student-01057,student,2026-06-11,Thu,College Canteen,Food & Dining,restaurant,Cash,1,70.0,0.0,,,,,70.0,False,False,
student-01058,student,2026-06-11,Thu,Swiggy,Food & Dining,restaurant,UPI,2,540.0,27.0,13.5,13.5,5,27XKGBC0426S1Z5,567.0,False,False,
student-01059,student,2026-06-12,Fri,College Canteen,Food & Dining,restaurant,UPI,1,40.0,0.0,,,,,40.0,False,False,
student-01060,student,2026-06-12,Fri,College Canteen,Food & Dining,restaurant,UPI,2,70.0,0.0,,,,,70.0,False,False,
student-01061,student,2026-06-13,Sat,Amruttulya Chai,Food & Dining,restaurant,UPI,1,35.0,0.0,,,,,35.0,False,False,
student-01062,student,2026-06-13,Sat,Amruttulya Chai,Food & Dining,restaurant,Cash,2,65.0,0.0,,,,,65.0,False,False,
student-01063,student,2026-06-13,Sat,Rapido,Travel,cab,UPI,1,129.0,6.45,3.23,3.23,5,27GGEZE0457T1ZW,135.0,False,False,
student-01064,student,2026-06-15,Mon,College Canteen,Food & Dining,restaurant,Card,2,70.0,0.0,,,,,70.0,False,False,
student-01065,student,2026-06-16,Tue,Amruttulya Chai,Food & Dining,restaurant,UPI,2,65.0,0.0,,,,,65.0,False,False,
student-01066,student,2026-06-16,Tue,Amruttulya Chai,Food & Dining,restaurant,UPI,1,30.0,0.0,,,,,30.0,False,False,
student-01067,student,2026-06-16,Tue,College Canteen,Food & Dining,restaurant,Cash,1,50.0,0.0,,,,,50.0,False,False,
student-01068,student,2026-06-16,Tue,Rapido,Travel,cab,UPI,1,74.0,3.7,1.85,1.85,5,27GGEZE0457T1ZW,78.0,False,False,
student-01069,student,2026-06-17,Wed,Amruttulya Chai,Food & Dining,restaurant,UPI,2,85.0,0.0,,,,,85.0,False,False,
student-01070,student,2026-06-17,Wed,College Canteen,Food & Dining,restaurant,UPI,2,120.0,0.0,,,,,120.0,False,False,
student-01071,student,2026-06-17,Wed,Swiggy,Food & Dining,restaurant,Cash,3,315.0,15.75,7.88,7.88,5,27XKGBC0426S1Z5,331.0,False,False,
student-01072,student,2026-06-18,Thu,Amruttulya Chai,Food & Dining,restaurant,UPI,2,45.0,0.0,,,,,45.0,False,False,
student-01073,student,2026-06-18,Thu,Swiggy,Food & Dining,restaurant,Card,1,240.0,12.0,6.0,6.0,5,27XKGBC0426S1Z5,252.0,False,False,
student-01074,student,2026-06-18,Thu,Spotify,Entertainment,subscription,UPI,1,101.0,18.18,9.09,9.09,18,27OAXQT6211P1ZR,119.0,True,False,
student-01075,student,2026-06-19,Fri,Rapido,Travel,cab,UPI,1,136.0,6.8,3.4,3.4,5,27GGEZE0457T1ZW,143.0,False,False,
student-01076,student,2026-06-19,Fri,Myntra,Shopping,clothing,Cash,1,1299.0,64.95,32.48,32.48,5,27ARDCB0955U1ZP,1364.0,False,False,
student-01077,student,2026-06-19,Fri,MakeMyTrip,Travel,air,Cash,1,8400.0,420.0,210.0,210.0,5,27DXOGL6519H1ZY,8820.0,False,True,unusual_merchant
student-01078,student,2026-06-20,Sat,Amruttulya Chai,Food & Dining,restaurant,UPI,1,35.0,0.0,,,,,35.0,False,False,
student-01079,student,2026-06-20,Sat,Swiggy,Food & Dining,restaurant,Cash,1,45.0,2.25,1.12,1.12,5,27XKGBC0426S1Z5,47.0,False,False,
student-01080,student,2026-06-20,Sat,D-Mart,Groceries,groceries,UPI,2,208.0,10.4,5.2,5.2,5,27CMJWX9755E1ZJ,218.0,False,False,
student-01081,student,2026-06-20,Sat,D-Mart,Groceries,groceries,Cash,2,267.0,13.35,6.67,6.67,5,27CMJWX9755E1ZJ,280.0,False,False,
student-01082,student,2026-06-23,Tue,Amruttulya Chai,Food & Dining,restaurant,UPI,1,15.0,0.0,,,,,15.0,False,False,
student-01083,student,2026-06-23,Tue,Swiggy,Food & Dining,restaurant,UPI,2,270.0,13.5,6.75,6.75,5,27XKGBC0426S1Z5,284.0,False,False,
student-01084,student,2026-06-23,Tue,Uber,Travel,cab,UPI,1,307.0,15.35,7.67,7.67,5,27GMGDY2965Z1ZY,322.0,False,False,
student-01085,student,2026-06-24,Wed,Amruttulya Chai,Food & Dining,restaurant,UPI,1,15.0,0.0,,,,,15.0,False,False,
student-01086,student,2026-06-25,Thu,Amruttulya Chai,Food & Dining,restaurant,UPI,1,30.0,0.0,,,,,30.0,False,False,
student-01087,student,2026-06-25,Thu,Uber,Travel,cab,UPI,1,202.0,10.1,5.05,5.05,5,27GMGDY2965Z1ZY,212.0,False,False,
student-01088,student,2026-06-26,Fri,Amruttulya Chai,Food & Dining,restaurant,Card,1,15.0,0.0,,,,,15.0,False,False,
student-01089,student,2026-06-26,Fri,Amruttulya Chai,Food & Dining,restaurant,Cash,1,35.0,0.0,,,,,35.0,False,False,
student-01090,student,2026-06-26,Fri,Swiggy,Food & Dining,restaurant,Cash,2,2581,129.05,64.53,64.53,5,27XKGBC0426S1Z5,2710.0,False,True,spike
student-01091,student,2026-06-26,Fri,Rapido,Travel,cab,UPI,1,120.0,6.0,3.0,3.0,5,27GGEZE0457T1ZW,126.0,False,False,
student-01092,student,2026-06-26,Fri,Jio,Bills & Utilities,telecom,UPI,1,253.0,45.54,22.77,22.77,18,27HGOQQ4697J1ZR,299.0,True,False,
student-01093,student,2026-06-27,Sat,College Canteen,Food & Dining,restaurant,UPI,1,20.0,0.0,,,,,20.0,False,False,
student-01094,student,2026-06-27,Sat,Rapido,Travel,cab,UPI,1,95.0,4.75,2.38,2.38,5,27GGEZE0457T1ZW,100.0,False,False,
student-01095,student,2026-06-28,Sun,Rapido,Travel,cab,UPI,1,49.0,2.45,1.23,1.23,5,27GGEZE0457T1ZW,51.0,False,False,
student-01096,student,2026-06-28,Sun,Rapido,Travel,cab,UPI,1,123.0,6.15,3.08,3.08,5,27GGEZE0457T1ZW,129.0,False,False,
student-01097,student,2026-06-30,Tue,Amruttulya Chai,Food & Dining,restaurant,UPI,2,50.0,0.0,,,,,50.0,False,False,
student-01098,student,2026-06-30,Tue,Stationery Mart,Shopping,other,UPI,1,50.0,0.0,,,,,50.0,False,False,
student-01099,student,2026-07-01,Wed,Amruttulya Chai,Food & Dining,restaurant,Cash,1,35.0,0.0,,,,,35.0,False,False,
student-01100,student,2026-07-01,Wed,Swiggy,Food & Dining,restaurant,Cash,2,235.0,11.75,5.88,5.88,5,27XKGBC0426S1Z5,247.0,False,False,
student-01101,student,2026-07-01,Wed,Rapido,Travel,cab,UPI,1,72.0,3.6,1.8,1.8,5,27GGEZE0457T1ZW,76.0,False,False,
student-01102,student,2026-07-01,Wed,Amruttulya Chai,Food & Dining,restaurant,Cash,1,35.0,0.0,,,,,35.0,False,True,duplicate
student-01103,student,2026-07-02,Thu,College Canteen,Food & Dining,restaurant,UPI,2,90.0,0.0,,,,,90.0,False,False,
student-01104,student,2026-07-02,Thu,College Canteen,Food & Dining,restaurant,UPI,1,140.0,0.0,,,,,140.0,False,False,
student-01105,student,2026-07-03,Fri,College Canteen,Food & Dining,restaurant,UPI,1,20.0,0.0,,,,,20.0,False,False,
student-01106,student,2026-07-04,Sat,Amruttulya Chai,Food & Dining,restaurant,UPI,1,15.0,0.0,,,,,15.0,False,False,
student-01107,student,2026-07-04,Sat,Rapido,Travel,cab,UPI,1,53.0,2.65,1.32,1.32,5,27GGEZE0457T1ZW,56.0,False,False,
student-01108,student,2026-07-05,Sun,Amruttulya Chai,Food & Dining,restaurant,Cash,1,15.0,0.0,,,,,15.0,False,False,
student-01109,student,2026-07-05,Sun,Amruttulya Chai,Food & Dining,restaurant,UPI,2,60.0,0.0,,,,,60.0,False,False,
student-01110,student,2026-07-05,Sun,D-Mart,Groceries,groceries,UPI,4,452.0,22.6,11.3,11.3,5,27CMJWX9755E1ZJ,475.0,False,False,
student-01111,student,2026-07-05,Sun,D-Mart,Groceries,groceries,UPI,4,529.0,26.45,13.22,13.22,5,27CMJWX9755E1ZJ,555.0,False,False,
student-01112,student,2026-07-05,Sun,Sunrise PG,Bills & Utilities,other,UPI,1,7500.0,0.0,,,,,7500.0,True,False,
student-01113,student,2026-07-06,Mon,Amruttulya Chai,Food & Dining,restaurant,Card,2,85.0,0.0,,,,,85.0,False,False,
student-01114,student,2026-07-06,Mon,Swiggy,Food & Dining,restaurant,UPI,3,405.0,20.25,10.12,10.12,5,27XKGBC0426S1Z5,425.0,False,False,
student-01115,student,2026-07-07,Tue,Amruttulya Chai,Food & Dining,restaurant,Card,2,45.0,0.0,,,,,45.0,False,False,
student-01116,student,2026-07-07,Tue,College Canteen,Food & Dining,restaurant,UPI,2,140.0,0.0,,,,,140.0,False,False,
student-01117,student,2026-07-08,Wed,Amruttulya Chai,Food & Dining,restaurant,UPI,2,100.0,0.0,,,,,100.0,False,False,
student-01118,student,2026-07-08,Wed,Domino's,Food & Dining,restaurant,UPI,3,648.0,32.4,16.2,16.2,5,27VNABW2204S1ZD,680.0,False,False,
student-01119,student,2026-07-08,Wed,Rapido,Travel,cab,UPI,1,122.0,6.1,3.05,3.05,5,27GGEZE0457T1ZW,128.0,False,False,
student-01120,student,2026-07-09,Thu,College Canteen,Food & Dining,restaurant,UPI,1,20.0,0.0,,,,,20.0,False,False,
student-01121,student,2026-07-09,Thu,College Canteen,Food & Dining,restaurant,UPI,2,70.0,0.0,,,,,70.0,False,False,
student-01122,student,2026-07-09,Thu,Swiggy,Food & Dining,restaurant,Card,1,190.0,9.5,4.75,4.75,5,27XKGBC0426S1Z5,200.0,False,False,
student-01123,student,2026-07-10,Fri,Amruttulya Chai,Food & Dining,restaurant,Cash,1,15.0,0.0,,,,,15.0,False,False,
student-01124,student,2026-07-10,Fri,Amruttulya Chai,Food & Dining,restaurant,Card,1,30.0,0.0,,,,,30.0,False,False,
student-01125,student,2026-07-10,Fri,College Canteen,Food & Dining,restaurant,UPI,2,170.0,0.0,,,,,170.0,False,False,
student-01126,student,2026-07-11,Sat,Swiggy,Food & Dining,restaurant,UPI,3,550.0,27.5,13.75,13.75,5,27XKGBC0426S1Z5,578.0,False,False,
student-01127,student,2026-07-11,Sat,Swiggy,Food & Dining,restaurant,Cash,2,285.0,14.25,7.12,7.12,5,27XKGBC0426S1Z5,299.0,False,False,
student-01128,student,2026-07-11,Sat,Rapido,Travel,cab,UPI,1,102.0,5.1,2.55,2.55,5,27GGEZE0457T1ZW,107.0,False,False,
student-01129,student,2026-07-11,Sat,MakeMyTrip,Travel,air,UPI,1,8400.0,420.0,210.0,210.0,5,27DXOGL6519H1ZY,8820.0,False,True,unusual_merchant
student-01130,student,2026-07-13,Mon,Amruttulya Chai,Food & Dining,restaurant,UPI,2,50.0,0.0,,,,,50.0,False,False,
student-01131,student,2026-07-13,Mon,Rapido,Travel,cab,UPI,1,84.0,4.2,2.1,2.1,5,27GGEZE0457T1ZW,88.0,False,False,
student-01132,student,2026-07-15,Wed,Amruttulya Chai,Food & Dining,restaurant,UPI,2,60.0,0.0,,,,,60.0,False,False,
student-01133,student,2026-07-15,Wed,College Canteen,Food & Dining,restaurant,UPI,2,40.0,0.0,,,,,40.0,False,False,
student-01134,student,2026-07-16,Thu,Amruttulya Chai,Food & Dining,restaurant,UPI,1,60.0,0.0,,,,,60.0,False,False,
student-01135,student,2026-07-17,Fri,Amruttulya Chai,Food & Dining,restaurant,UPI,2,50.0,0.0,,,,,50.0,False,False,
student-01136,student,2026-07-17,Fri,College Canteen,Food & Dining,restaurant,UPI,2,70.0,0.0,,,,,70.0,False,False,
student-01137,student,2026-07-17,Fri,College Canteen,Food & Dining,restaurant,UPI,2,40.0,0.0,,,,,40.0,False,False,
student-01138,student,2026-07-18,Sat,Amruttulya Chai,Food & Dining,restaurant,UPI,1,15.0,0.0,,,,,15.0,False,False,
student-01139,student,2026-07-18,Sat,Spotify,Entertainment,subscription,UPI,1,101.0,18.18,9.09,9.09,18,27OAXQT6211P1ZR,119.0,True,False,
student-01140,student,2026-07-18,Sat,Amruttulya Chai,Food & Dining,restaurant,UPI,1,15.0,0.0,,,,,15.0,False,True,duplicate
student-01141,student,2026-07-19,Sun,Domino's,Food & Dining,restaurant,UPI,1,258.0,12.9,6.45,6.45,5,27VNABW2204S1ZD,271.0,False,False,
student-01142,student,2026-07-20,Mon,Amruttulya Chai,Food & Dining,restaurant,Card,1,30.0,0.0,,,,,30.0,False,False,
student-01143,student,2026-07-20,Mon,College Canteen,Food & Dining,restaurant,UPI,2,90.0,0.0,,,,,90.0,False,False,
student-01144,student,2026-07-20,Mon,Swiggy,Food & Dining,restaurant,Card,3,365.0,18.25,9.12,9.12,5,27XKGBC0426S1Z5,383.0,False,False,
student-01145,student,2026-07-20,Mon,Rapido,Travel,cab,Cash,1,122.0,6.1,3.05,3.05,5,27GGEZE0457T1ZW,128.0,False,False,
student-01146,student,2026-07-20,Mon,Stationery Mart,Shopping,other,Cash,2,162.0,0.0,,,,,162.0,False,False,
student-01147,student,2026-07-22,Wed,College Canteen,Food & Dining,restaurant,Cash,1,70.0,0.0,,,,,70.0,False,False,
student-01148,student,2026-07-23,Thu,Amruttulya Chai,Food & Dining,restaurant,UPI,1,30.0,0.0,,,,,30.0,False,False,
student-01149,student,2026-07-23,Thu,Amruttulya Chai,Food & Dining,restaurant,UPI,2,100.0,0.0,,,,,100.0,False,False,
student-01150,student,2026-07-23,Thu,Domino's,Food & Dining,restaurant,UPI,1,1152,57.6,28.8,28.8,5,27VNABW2204S1ZD,1210.0,False,True,spike
student-01151,student,2026-07-23,Thu,Rapido,Travel,cab,UPI,1,78.0,3.9,1.95,1.95,5,27GGEZE0457T1ZW,82.0,False,False,
student-01152,student,2026-07-24,Fri,Amruttulya Chai,Food & Dining,restaurant,UPI,1,30.0,0.0,,,,,30.0,False,False,
student-01153,student,2026-07-24,Fri,Jio,Bills & Utilities,telecom,UPI,1,253.0,45.54,22.77,22.77,18,27HGOQQ4697J1ZR,299.0,True,False,
student-01154,student,2026-07-24,Fri,Amruttulya Chai,Food & Dining,restaurant,UPI,1,30.0,0.0,,,,,30.0,False,True,duplicate
student-01155,student,2026-07-26,Sun,College Canteen,Food & Dining,restaurant,UPI,1,140.0,0.0,,,,,140.0,False,False,
student-01156,student,2026-07-27,Mon,Uber,Travel,cab,UPI,1,341.0,17.05,8.53,8.53,5,27GMGDY2965Z1ZY,358.0,False,False,
student-01157,student,2026-07-27,Mon,PVR Cinemas,Entertainment,movies,UPI,1,320.0,57.6,28.8,28.8,18,27FPFIK2511K1ZB,378.0,False,False,
student-01158,student,2026-07-28,Tue,Amruttulya Chai,Food & Dining,restaurant,UPI,1,35.0,0.0,,,,,35.0,False,False,
student-01159,student,2026-07-29,Wed,D-Mart,Groceries,groceries,UPI,2,413.0,20.65,10.32,10.32,5,27CMJWX9755E1ZJ,434.0,False,False,
student-01160,student,2026-07-29,Wed,Rapido,Travel,cab,UPI,1,88.0,4.4,2.2,2.2,5,27GGEZE0457T1ZW,92.0,False,False,
student-01161,student,2026-07-30,Thu,Amruttulya Chai,Food & Dining,restaurant,Cash,1,30.0,0.0,,,,,30.0,False,False,
student-01162,student,2026-07-30,Thu,Domino's,Food & Dining,restaurant,UPI,2,588.0,29.4,14.7,14.7,5,27VNABW2204S1ZD,617.0,False,False,
student-01163,student,2026-07-31,Fri,Swiggy,Food & Dining,restaurant,UPI,2,520.0,26.0,13.0,13.0,5,27XKGBC0426S1Z5,546.0,False,False,
student-01164,student,2026-08-01,Sat,Amruttulya Chai,Food & Dining,restaurant,UPI,1,60.0,0.0,,,,,60.0,False,False,
student-01165,student,2026-08-01,Sat,Amruttulya Chai,Food & Dining,restaurant,Cash,2,50.0,0.0,,,,,50.0,False,False,
student-01166,student,2026-08-02,Sun,Amruttulya Chai,Food & Dining,restaurant,UPI,2,45.0,0.0,,,,,45.0,False,False,
student-01167,student,2026-08-02,Sun,College Canteen,Food & Dining,restaurant,UPI,1,70.0,0.0,,,,,70.0,False,False,
student-01168,student,2026-08-02,Sun,Swiggy,Food & Dining,restaurant,UPI,3,550.0,27.5,13.75,13.75,5,27XKGBC0426S1Z5,578.0,False,False,
student-01169,student,2026-08-02,Sun,Rapido,Travel,cab,UPI,1,99.0,4.95,2.48,2.48,5,27GGEZE0457T1ZW,104.0,False,False,
student-01170,student,2026-08-02,Sun,Uber,Travel,cab,UPI,1,318.0,15.9,7.95,7.95,5,27GMGDY2965Z1ZY,334.0,False,False,
student-01171,student,2026-08-03,Mon,Amruttulya Chai,Food & Dining,restaurant,UPI,1,30.0,0.0,,,,,30.0,False,False,
student-01172,student,2026-08-03,Mon,Domino's,Food & Dining,restaurant,UPI,1,60.0,3.0,1.5,1.5,5,27VNABW2204S1ZD,63.0,False,False,
student-01173,student,2026-08-03,Mon,Rapido,Travel,cab,UPI,1,111.0,5.55,2.77,2.77,5,27GGEZE0457T1ZW,117.0,False,False,
student-01174,student,2026-08-04,Tue,Amruttulya Chai,Food & Dining,restaurant,UPI,2,50.0,0.0,,,,,50.0,False,False,
student-01175,student,2026-08-05,Wed,Amruttulya Chai,Food & Dining,restaurant,UPI,2,90.0,0.0,,,,,90.0,False,False,
student-01176,student,2026-08-05,Wed,College Canteen,Food & Dining,restaurant,UPI,1,140.0,0.0,,,,,140.0,False,False,
student-01177,student,2026-08-05,Wed,Myntra,Shopping,clothing,Cash,1,2499.0,124.95,62.48,62.48,5,27ARDCB0955U1ZP,2624.0,False,False,
student-01178,student,2026-08-05,Wed,Sunrise PG,Bills & Utilities,other,UPI,1,7500.0,0.0,,,,,7500.0,True,False,
student-01179,student,2026-08-06,Thu,Amruttulya Chai,Food & Dining,restaurant,Cash,2,65.0,0.0,,,,,65.0,False,False,
student-01180,student,2026-08-07,Fri,Amruttulya Chai,Food & Dining,restaurant,UPI,1,30.0,0.0,,,,,30.0,False,False,
student-01181,student,2026-08-08,Sat,Amruttulya Chai,Food & Dining,restaurant,UPI,2,90.0,0.0,,,,,90.0,False,False,
student-01182,student,2026-08-08,Sat,Amruttulya Chai,Food & Dining,restaurant,Cash,1,35.0,0.0,,,,,35.0,False,False,
student-01183,student,2026-08-08,Sat,Amruttulya Chai,Food & Dining,restaurant,Card,1,15.0,0.0,,,,,15.0,False,False,
student-01184,student,2026-08-08,Sat,Amruttulya Chai,Food & Dining,restaurant,UPI,1,70.0,0.0,,,,,70.0,False,False,
student-01185,student,2026-08-08,Sat,College Canteen,Food & Dining,restaurant,UPI,1,20.0,0.0,,,,,20.0,False,False,
student-01186,student,2026-08-08,Sat,Swiggy,Food & Dining,restaurant,UPI,1,45.0,2.25,1.12,1.12,5,27XKGBC0426S1Z5,47.0,False,False,
student-01187,student,2026-08-09,Sun,Amruttulya Chai,Food & Dining,restaurant,Cash,2,263,0.0,,,,,263.0,False,True,spike
student-01188,student,2026-08-09,Sun,Swiggy,Food & Dining,restaurant,UPI,2,470.0,23.5,11.75,11.75,5,27XKGBC0426S1Z5,494.0,False,False,
student-01189,student,2026-08-10,Mon,Amruttulya Chai,Food & Dining,restaurant,UPI,1,30.0,0.0,,,,,30.0,False,False,
student-01190,student,2026-08-10,Mon,Amruttulya Chai,Food & Dining,restaurant,UPI,1,30.0,0.0,,,,,30.0,False,False,
student-01191,student,2026-08-11,Tue,College Canteen,Food & Dining,restaurant,UPI,2,90.0,0.0,,,,,90.0,False,False,
student-01192,student,2026-08-12,Wed,Amruttulya Chai,Food & Dining,restaurant,Cash,2,45.0,0.0,,,,,45.0,False,False,
student-01193,student,2026-08-12,Wed,Amruttulya Chai,Food & Dining,restaurant,UPI,1,60.0,0.0,,,,,60.0,False,False,
student-01194,student,2026-08-12,Wed,College Canteen,Food & Dining,restaurant,UPI,1,50.0,0.0,,,,,50.0,False,False,
student-01195,student,2026-08-12,Wed,Domino's,Food & Dining,restaurant,UPI,3,648.0,32.4,16.2,16.2,5,27VNABW2204S1ZD,680.0,False,False,
student-01196,student,2026-08-12,Wed,Rapido,Travel,cab,Cash,1,52.0,2.6,1.3,1.3,5,27GGEZE0457T1ZW,55.0,False,False,
student-01197,student,2026-08-12,Wed,Uber,Travel,cab,UPI,1,394.0,19.7,9.85,9.85,5,27GMGDY2965Z1ZY,414.0,False,False,
student-01198,student,2026-08-14,Fri,Swiggy,Food & Dining,restaurant,Card,3,550.0,27.5,13.75,13.75,5,27XKGBC0426S1Z5,578.0,False,False,
student-01199,student,2026-08-14,Fri,Stationery Mart,Shopping,other,UPI,2,110.0,0.0,,,,,110.0,False,False,
student-01200,student,2026-08-15,Sat,Amruttulya Chai,Food & Dining,restaurant,UPI,1,15.0,0.0,,,,,15.0,False,False,
student-01201,student,2026-08-15,Sat,Amruttulya Chai,Food & Dining,restaurant,UPI,1,60.0,0.0,,,,,60.0,False,False,
student-01202,student,2026-08-15,Sat,Amruttulya Chai,Food & Dining,restaurant,UPI,2,65.0,0.0,,,,,65.0,False,False,
student-01203,student,2026-08-16,Sun,Amruttulya Chai,Food & Dining,restaurant,UPI,1,35.0,0.0,,,,,35.0,False,False,
student-01204,student,2026-08-16,Sun,Swiggy,Food & Dining,restaurant,UPI,3,315.0,15.75,7.88,7.88,5,27XKGBC0426S1Z5,331.0,False,False,
student-01205,student,2026-08-16,Sun,Rapido,Travel,cab,UPI,1,573,28.65,14.32,14.32,5,27GGEZE0457T1ZW,602.0,False,True,spike
student-01206,student,2026-08-17,Mon,Amruttulya Chai,Food & Dining,restaurant,Card,2,45.0,0.0,,,,,45.0,False,False,
student-01207,student,2026-08-17,Mon,Amruttulya Chai,Food & Dining,restaurant,Cash,2,65.0,0.0,,,,,65.0,False,False,
student-01208,student,2026-08-18,Tue,College Canteen,Food & Dining,restaurant,Cash,2,160.0,0.0,,,,,160.0,False,False,
student-01209,student,2026-08-18,Tue,Domino's,Food & Dining,restaurant,UPI,2,519.0,25.95,12.97,12.97,5,27VNABW2204S1ZD,545.0,False,False,
student-01210,student,2026-08-18,Tue,Spotify,Entertainment,subscription,UPI,1,101.0,18.18,9.09,9.09,18,27OAXQT6211P1ZR,119.0,True,False,
student-01211,student,2026-08-19,Wed,College Canteen,Food & Dining,restaurant,UPI,2,70.0,0.0,,,,,70.0,False,False,
student-01212,student,2026-08-19,Wed,Swiggy,Food & Dining,restaurant,UPI,3,685.0,34.25,17.12,17.12,5,27XKGBC0426S1Z5,719.0,False,False,
student-01213,student,2026-08-20,Thu,Amruttulya Chai,Food & Dining,restaurant,UPI,1,70.0,0.0,,,,,70.0,False,False,
student-01214,student,2026-08-20,Thu,Rapido,Travel,cab,Card,1,139.0,6.95,3.48,3.48,5,27GGEZE0457T1ZW,146.0,False,False,
student-01215,student,2026-08-20,Thu,Uber,Travel,cab,UPI,1,214.0,10.7,5.35,5.35,5,27GMGDY2965Z1ZY,225.0,False,False,
student-01216,student,2026-08-21,Fri,Amruttulya Chai,Food & Dining,restaurant,UPI,2,65.0,0.0,,,,,65.0,False,False,
student-01217,student,2026-08-21,Fri,Rapido,Travel,cab,UPI,1,57.0,2.85,1.43,1.43,5,27GGEZE0457T1ZW,60.0,False,False,
student-01218,student,2026-08-21,Fri,Jio,Bills & Utilities,telecom,UPI,1,253.0,45.54,22.77,22.77,18,27HGOQQ4697J1ZR,299.0,True,False,
student-01219,student,2026-08-22,Sat,Amruttulya Chai,Food & Dining,restaurant,UPI,2,45.0,0.0,,,,,45.0,False,False,
student-01220,student,2026-08-22,Sat,College Canteen,Food & Dining,restaurant,UPI,1,70.0,0.0,,,,,70.0,False,False,
student-01221,student,2026-08-22,Sat,Uber,Travel,cab,UPI,1,251.0,12.55,6.28,6.28,5,27GMGDY2965Z1ZY,264.0,False,False,
student-01222,student,2026-08-23,Sun,Amruttulya Chai,Food & Dining,restaurant,UPI,2,75.0,0.0,,,,,75.0,False,False,
student-01223,student,2026-08-24,Mon,Swiggy,Food & Dining,restaurant,UPI,3,445.0,22.25,11.12,11.12,5,27XKGBC0426S1Z5,467.0,False,False,
student-01224,student,2026-08-25,Tue,College Canteen,Food & Dining,restaurant,UPI,2,90.0,0.0,,,,,90.0,False,False,
student-01225,student,2026-08-25,Tue,College Canteen,Food & Dining,restaurant,UPI,2,40.0,0.0,,,,,40.0,False,False,
student-01226,student,2026-08-26,Wed,Amruttulya Chai,Food & Dining,restaurant,UPI,2,50.0,0.0,,,,,50.0,False,False,
student-01227,student,2026-08-26,Wed,College Canteen,Food & Dining,restaurant,Cash,2,70.0,0.0,,,,,70.0,False,False,
student-01228,student,2026-08-26,Wed,Rapido,Travel,cab,Cash,1,129.0,6.45,3.23,3.23,5,27GGEZE0457T1ZW,135.0,False,False,
student-01229,student,2026-08-27,Thu,Amruttulya Chai,Food & Dining,restaurant,UPI,2,45.0,0.0,,,,,45.0,False,False,
student-01230,student,2026-08-27,Thu,Amruttulya Chai,Food & Dining,restaurant,UPI,1,15.0,0.0,,,,,15.0,False,False,
student-01231,student,2026-08-27,Thu,Rapido,Travel,cab,Cash,1,79.0,3.95,1.98,1.98,5,27GGEZE0457T1ZW,83.0,False,False,
student-01232,student,2026-08-28,Fri,Amruttulya Chai,Food & Dining,restaurant,UPI,2,45.0,0.0,,,,,45.0,False,False,
student-01233,student,2026-08-28,Fri,Amruttulya Chai,Food & Dining,restaurant,Card,2,130.0,0.0,,,,,130.0,False,False,
student-01234,student,2026-08-28,Fri,College Canteen,Food & Dining,restaurant,Cash,1,20.0,0.0,,,,,20.0,False,False,
student-01235,student,2026-08-28,Fri,Stationery Mart,Shopping,other,UPI,1,60.0,0.0,,,,,60.0,False,False,
student-01236,student,2026-08-29,Sat,Amruttulya Chai,Food & Dining,restaurant,UPI,2,45.0,0.0,,,,,45.0,False,False,
student-01237,student,2026-08-29,Sat,Amruttulya Chai,Food & Dining,restaurant,UPI,2,65.0,0.0,,,,,65.0,False,False,
student-01238,student,2026-08-29,Sat,Rapido,Travel,cab,UPI,1,140.0,7.0,3.5,3.5,5,27GGEZE0457T1ZW,147.0,False,False,
student-01239,student,2026-08-29,Sat,Uber,Travel,cab,UPI,1,219.0,10.95,5.47,5.47,5,27GMGDY2965Z1ZY,230.0,False,False,
student-01240,student,2026-08-30,Sun,D-Mart,Groceries,groceries,Card,4,526.0,26.3,13.15,13.15,5,27CMJWX9755E1ZJ,552.0,False,False,
student-01241,student,2026-08-30,Sun,Rapido,Travel,cab,UPI,1,116.0,5.8,2.9,2.9,5,27GGEZE0457T1ZW,122.0,False,False,
student-01242,student,2026-08-31,Mon,D-Mart,Groceries,groceries,UPI,4,526.0,26.3,13.15,13.15,5,27CMJWX9755E1ZJ,552.0,False,False,
student-01243,student,2026-08-31,Mon,Rapido,Travel,cab,UPI,1,122.0,6.1,3.05,3.05,5,27GGEZE0457T1ZW,128.0,False,False,
student-01244,student,2026-09-01,Tue,Amruttulya Chai,Food & Dining,restaurant,UPI,1,35.0,0.0,,,,,35.0,False,False,
student-01245,student,2026-09-01,Tue,College Canteen,Food & Dining,restaurant,UPI,1,20.0,0.0,,,,,20.0,False,False,
student-01246,student,2026-09-01,Tue,College Canteen,Food & Dining,restaurant,UPI,1,70.0,0.0,,,,,70.0,False,False,
student-01247,student,2026-09-02,Wed,Amruttulya Chai,Food & Dining,restaurant,UPI,2,50.0,0.0,,,,,50.0,False,False,
student-01248,student,2026-09-02,Wed,College Canteen,Food & Dining,restaurant,UPI,2,70.0,0.0,,,,,70.0,False,False,
student-01249,student,2026-09-02,Wed,College Canteen,Food & Dining,restaurant,UPI,1,100.0,0.0,,,,,100.0,False,False,
student-01250,student,2026-09-02,Wed,College Canteen,Food & Dining,restaurant,UPI,1,40.0,0.0,,,,,40.0,False,False,
student-01251,student,2026-09-03,Thu,Amruttulya Chai,Food & Dining,restaurant,UPI,1,15.0,0.0,,,,,15.0,False,False,
student-01252,student,2026-09-03,Thu,Amruttulya Chai,Food & Dining,restaurant,UPI,1,15.0,0.0,,,,,15.0,False,False,
student-01253,student,2026-09-03,Thu,College Canteen,Food & Dining,restaurant,UPI,2,70.0,0.0,,,,,70.0,False,False,
student-01254,student,2026-09-04,Fri,Amruttulya Chai,Food & Dining,restaurant,Cash,2,85.0,0.0,,,,,85.0,False,False,
student-01255,student,2026-09-04,Fri,College Canteen,Food & Dining,restaurant,UPI,1,50.0,0.0,,,,,50.0,False,False,
student-01256,student,2026-09-05,Sat,Swiggy,Food & Dining,restaurant,UPI,3,405.0,20.25,10.12,10.12,5,27XKGBC0426S1Z5,425.0,False,False,
student-01257,student,2026-09-05,Sat,Swiggy,Food & Dining,restaurant,UPI,1,380.0,19.0,9.5,9.5,5,27XKGBC0426S1Z5,399.0,False,False,
student-01258,student,2026-09-05,Sat,Swiggy,Food & Dining,restaurant,Cash,2,520.0,26.0,13.0,13.0,5,27XKGBC0426S1Z5,546.0,False,False,
student-01259,student,2026-09-05,Sat,Sunrise PG,Bills & Utilities,other,UPI,1,7500.0,0.0,,,,,7500.0,True,False,
student-01260,student,2026-09-07,Mon,Amruttulya Chai,Food & Dining,restaurant,Cash,2,65.0,0.0,,,,,65.0,False,False,
student-01261,student,2026-09-07,Mon,Amruttulya Chai,Food & Dining,restaurant,UPI,1,15.0,0.0,,,,,15.0,False,False,
student-01262,student,2026-09-08,Tue,D-Mart,Groceries,groceries,UPI,3,330.0,16.5,8.25,8.25,5,27CMJWX9755E1ZJ,346.0,False,False,
student-01263,student,2026-09-08,Tue,Rapido,Travel,cab,UPI,1,101.0,5.05,2.52,2.52,5,27GGEZE0457T1ZW,106.0,False,False,
student-01264,student,2026-09-09,Wed,Rapido,Travel,cab,UPI,1,47.0,2.35,1.18,1.18,5,27GGEZE0457T1ZW,49.0,False,False,
student-01265,student,2026-09-10,Thu,Amruttulya Chai,Food & Dining,restaurant,UPI,1,30.0,0.0,,,,,30.0,False,False,
student-01266,student,2026-09-11,Fri,Amruttulya Chai,Food & Dining,restaurant,Cash,2,95.0,0.0,,,,,95.0,False,False,
student-01267,student,2026-09-11,Fri,Amruttulya Chai,Food & Dining,restaurant,UPI,2,65.0,0.0,,,,,65.0,False,False,
student-01268,student,2026-09-11,Fri,D-Mart,Groceries,groceries,UPI,3,312.0,15.6,7.8,7.8,5,27CMJWX9755E1ZJ,328.0,False,False,
student-01269,student,2026-09-12,Sat,Amruttulya Chai,Food & Dining,restaurant,UPI,2,95.0,0.0,,,,,95.0,False,False,
student-01270,student,2026-09-12,Sat,Amruttulya Chai,Food & Dining,restaurant,UPI,1,15.0,0.0,,,,,15.0,False,False,
student-01271,student,2026-09-12,Sat,Swiggy,Food & Dining,restaurant,UPI,3,665.0,33.25,16.62,16.62,5,27XKGBC0426S1Z5,698.0,False,False,
student-01272,student,2026-09-12,Sat,Domino's,Food & Dining,restaurant,Cash,1,60.0,3.0,1.5,1.5,5,27VNABW2204S1ZD,63.0,False,False,
student-01273,student,2026-09-13,Sun,Swiggy,Food & Dining,restaurant,Cash,2,400.0,20.0,10.0,10.0,5,27XKGBC0426S1Z5,420.0,False,False,
student-01274,student,2026-09-14,Mon,Amruttulya Chai,Food & Dining,restaurant,UPI,2,85.0,0.0,,,,,85.0,False,False,
student-01275,student,2026-09-14,Mon,College Canteen,Food & Dining,restaurant,UPI,2,70.0,0.0,,,,,70.0,False,False,
student-01276,student,2026-09-14,Mon,Swiggy,Food & Dining,restaurant,UPI,1,240.0,12.0,6.0,6.0,5,27XKGBC0426S1Z5,252.0,False,False,
student-01277,student,2026-09-15,Tue,Amruttulya Chai,Food & Dining,restaurant,UPI,2,50.0,0.0,,,,,50.0,False,False,
student-01278,student,2026-09-15,Tue,Amruttulya Chai,Food & Dining,restaurant,Cash,2,50.0,0.0,,,,,50.0,False,False,
student-01279,student,2026-09-15,Tue,Swiggy,Food & Dining,restaurant,Cash,2,520.0,26.0,13.0,13.0,5,27XKGBC0426S1Z5,546.0,False,False,
student-01280,student,2026-09-15,Tue,Swiggy,Food & Dining,restaurant,UPI,1,45.0,2.25,1.12,1.12,5,27XKGBC0426S1Z5,47.0,False,False,
student-01281,student,2026-09-18,Fri,College Canteen,Food & Dining,restaurant,UPI,2,40.0,0.0,,,,,40.0,False,False,
student-01282,student,2026-09-18,Fri,Jio,Bills & Utilities,telecom,UPI,1,253.0,45.54,22.77,22.77,18,27HGOQQ4697J1ZR,299.0,True,False,
student-01283,student,2026-09-18,Fri,Spotify,Entertainment,subscription,UPI,1,101.0,18.18,9.09,9.09,18,27OAXQT6211P1ZR,119.0,True,False,
student-01284,student,2026-09-19,Sat,Swiggy,Food & Dining,restaurant,UPI,1,190.0,9.5,4.75,4.75,5,27XKGBC0426S1Z5,200.0,False,False,
student-01285,student,2026-09-19,Sat,Swiggy,Food & Dining,restaurant,UPI,2,470.0,23.5,11.75,11.75,5,27XKGBC0426S1Z5,494.0,False,False,
student-01286,student,2026-09-19,Sat,Uber,Travel,cab,Cash,1,185.0,9.25,4.62,4.62,5,27GMGDY2965Z1ZY,194.0,False,False,
student-01287,student,2026-09-20,Sun,Swiggy,Food & Dining,restaurant,Card,1,190.0,9.5,4.75,4.75,5,27XKGBC0426S1Z5,200.0,False,False,
student-01288,student,2026-09-20,Sun,Swiggy,Food & Dining,restaurant,UPI,2,640.0,32.0,16.0,16.0,5,27XKGBC0426S1Z5,672.0,False,False,
student-01289,student,2026-09-21,Mon,Amruttulya Chai,Food & Dining,restaurant,UPI,2,65.0,0.0,,,,,65.0,False,False,
student-01290,student,2026-09-22,Tue,Amruttulya Chai,Food & Dining,restaurant,UPI,2,65.0,0.0,,,,,65.0,False,False,
student-01291,student,2026-09-22,Tue,Amruttulya Chai,Food & Dining,restaurant,UPI,1,35.0,0.0,,,,,35.0,False,False,
student-01292,student,2026-09-24,Thu,Amruttulya Chai,Food & Dining,restaurant,UPI,1,30.0,0.0,,,,,30.0,False,False,
student-01293,student,2026-09-24,Thu,College Canteen,Food & Dining,restaurant,UPI,2,190.0,0.0,,,,,190.0,False,False,
student-01294,student,2026-09-25,Fri,Amruttulya Chai,Food & Dining,restaurant,UPI,1,15.0,0.0,,,,,15.0,False,False,
student-01295,student,2026-09-26,Sat,Amruttulya Chai,Food & Dining,restaurant,Card,1,30.0,0.0,,,,,30.0,False,False,
student-01296,student,2026-09-26,Sat,Amruttulya Chai,Food & Dining,restaurant,UPI,1,15.0,0.0,,,,,15.0,False,False,
student-01297,student,2026-09-26,Sat,Rapido,Travel,cab,UPI,1,132.0,6.6,3.3,3.3,5,27GGEZE0457T1ZW,139.0,False,False,
student-01298,student,2026-09-27,Sun,Amruttulya Chai,Food & Dining,restaurant,UPI,2,50.0,0.0,,,,,50.0,False,False,
student-01299,student,2026-09-28,Mon,Amruttulya Chai,Food & Dining,restaurant,UPI,1,60.0,0.0,,,,,60.0,False,False,
student-01300,student,2026-09-28,Mon,Stationery Mart,Shopping,other,UPI,2,110.0,0.0,,,,,110.0,False,False,
professional-00000,professional,2025-04-01,Tue,Starbucks,Food & Dining,restaurant,Card,2,790.0,39.5,19.75,19.75,5,29CVXJT1220K1ZK,830.0,False,False,
professional-00001,professional,2025-04-01,Tue,Cult.fit,Health,salon_gym,Card,1,1695.0,305.1,152.55,152.55,18,29HSITK9933C1ZY,2000.0,True,False,
professional-00002,professional,2025-04-02,Wed,Rent - Koramangala flat,Bills & Utilities,other,Card,1,22000.0,0.0,,,,,22000.0,True,False,
professional-00003,professional,2025-04-03,Thu,Uber,Travel,cab,Card,1,361.0,18.05,9.03,9.03,5,29APZGW9881Q1ZP,379.0,False,False,
professional-00004,professional,2025-04-03,Thu,Uber,Travel,cab,UPI,1,371.0,18.55,9.28,9.28,5,29APZGW9881Q1ZP,390.0,False,False,
professional-00005,professional,2025-04-04,Fri,Starbucks,Food & Dining,restaurant,UPI,1,250.0,12.5,6.25,6.25,5,29CVXJT1220K1ZK,262.0,False,False,
professional-00006,professional,2025-04-04,Fri,Starbucks,Food & Dining,restaurant,Card,2,540.0,27.0,13.5,13.5,5,29CVXJT1220K1ZK,567.0,False,False,
professional-00007,professional,2025-04-04,Fri,Swiggy,Food & Dining,restaurant,UPI,2,710.0,35.5,17.75,17.75,5,29HCXTK4397A1ZS,746.0,False,False,
professional-00008,professional,2025-04-04,Fri,Swiggy,Food & Dining,restaurant,Card,3,1500.0,75.0,37.5,37.5,5,29HCXTK4397A1ZS,1575.0,False,False,
professional-00009,professional,2025-04-04,Fri,Swiggy,Food & Dining,restaurant,Card,1,450.0,22.5,11.25,11.25,5,29HCXTK4397A1ZS,472.0,False,False,
professional-00010,professional,2025-04-04,Fri,Uber,Travel,cab,UPI,1,479.0,23.95,11.97,11.97,5,29APZGW9881Q1ZP,503.0,False,False,
professional-00011,professional,2025-04-04,Fri,Zara,Shopping,clothing,UPI,2,4580.0,549.6,274.8,274.8,12,29NTQEA9173M1Z8,5130.0,False,False,
professional-00012,professional,2025-04-05,Sat,Swiggy,Food & Dining,restaurant,Card,3,1120.0,56.0,28.0,28.0,5,29HCXTK4397A1ZS,1176.0,False,False,
professional-00013,professional,2025-04-06,Sun,Swiggy,Food & Dining,restaurant,Cash,2,800.0,40.0,20.0,20.0,5,29HCXTK4397A1ZS,840.0,False,False,
professional-00014,professional,2025-04-07,Mon,Swiggy,Food & Dining,restaurant,UPI,3,1030.0,51.5,25.75,25.75,5,29HCXTK4397A1ZS,1082.0,False,False,
professional-00015,professional,2025-04-07,Mon,Airtel Xstream Fiber,Bills & Utilities,telecom,Card,1,847.0,152.46,76.23,76.23,18,29LARPZ5412I1ZU,999.0,True,False,
professional-00016,professional,2025-04-09,Wed,IndiGo,Travel,air,Cash,1,10381.0,519.05,259.52,259.52,5,29AGECY6169O1ZT,10900.0,False,False,
professional-00017,professional,2025-04-10,Thu,Swiggy,Food & Dining,restaurant,UPI,1,380.0,19.0,9.5,9.5,5,29HCXTK4397A1ZS,399.0,False,False,
professional-00018,professional,2025-04-10,Thu,Uber,Travel,cab,UPI,1,401.0,20.05,10.03,10.03,5,29APZGW9881Q1ZP,421.0,False,False,
professional-00019,professional,2025-04-11,Fri,Starbucks,Food & Dining,restaurant,Card,1,420.0,21.0,10.5,10.5,5,29CVXJT1220K1ZK,441.0,False,False,
professional-00020,professional,2025-04-11,Fri,Truffles,Food & Dining,restaurant,Card,3,790.0,39.5,19.75,19.75,5,29HNPMA3964I1ZB,830.0,False,False,
professional-00021,professional,2025-04-11,Fri,Toni&Guy,Health,salon_gym,UPI,1,1800.0,324.0,162.0,162.0,18,29UIMFB3856O1ZW,2124.0,False,False,
professional-00022,professional,2025-04-12,Sat,Swiggy,Food & Dining,restaurant,UPI,2,770.0,38.5,19.25,19.25,5,29HCXTK4397A1ZS,808.0,False,False,
professional-00023,professional,2025-04-12,Sat,Uber,Travel,cab,Card,1,507.0,25.35,12.68,12.68,5,29APZGW9881Q1ZP,532.0,False,False,
professional-00024,professional,2025-04-12,Sat,Netflix,Entertainment,subscription,Card,1,550.0,99.0,49.5,49.5,18,29GNPUE2767Z1ZA,649.0,True,False,
professional-00025,professional,2025-04-13,Sun,Truffles,Food & Dining,restaurant,UPI,3,970.0,48.5,24.25,24.25,5,29HNPMA3964I1ZB,1018.0,False,False,
professional-00026,professional,2025-04-13,Sun,BigBasket,Groceries,groceries,UPI,3,818.0,40.9,20.45,20.45,5,29FLHAX8175M1ZJ,859.0,False,False,
professional-00027,professional,2025-04-14,Mon,BigBasket,Groceries,groceries,UPI,4,1717.0,85.85,42.92,42.92,5,29FLHAX8175M1ZJ,1803.0,False,False,
professional-00028,professional,2025-04-14,Mon,Uber,Travel,cab,Card,1,431.0,21.55,10.78,10.78,5,29APZGW9881Q1ZP,453.0,False,False,
professional-00029,professional,2025-04-15,Tue,Swiggy,Food & Dining,restaurant,UPI,3,1670.0,83.5,41.75,41.75,5,29HCXTK4397A1ZS,1754.0,False,False,
professional-00030,professional,2025-04-15,Tue,Apollo Pharmacy,Health,medicine,Card,2,155.0,18.6,9.3,9.3,12,29RWDQS3381O1ZI,174.0,False,False,
professional-00031,professional,2025-04-15,Tue,BESCOM,Bills & Utilities,electricity,Card,1,1749.0,0.0,,,,29HLKPB5104M1ZL,1749.0,True,False,
professional-00032,professional,2025-04-16,Wed,Uber,Travel,cab,Card,1,466.0,23.3,11.65,11.65,5,29APZGW9881Q1ZP,489.0,False,False,
professional-00033,professional,2025-04-16,Wed,Uber,Travel,cab,Cash,1,226.0,11.3,5.65,5.65,5,29APZGW9881Q1ZP,237.0,False,False,
professional-00034,professional,2025-04-17,Thu,Swiggy,Food & Dining,restaurant,Card,3,1420.0,71.0,35.5,35.5,5,29HCXTK4397A1ZS,1491.0,False,False,
professional-00035,professional,2025-04-17,Thu,Swiggy,Food & Dining,restaurant,UPI,2,740.0,37.0,18.5,18.5,5,29HCXTK4397A1ZS,777.0,False,False,
professional-00036,professional,2025-04-17,Thu,Uber,Travel,cab,UPI,1,451.0,22.55,11.28,11.28,5,29APZGW9881Q1ZP,474.0,False,False,
professional-00037,professional,2025-04-17,Thu,Uber,Travel,cab,UPI,1,451.0,22.55,11.28,11.28,5,29APZGW9881Q1ZP,474.0,False,True,duplicate
professional-00038,professional,2025-04-18,Fri,BigBasket,Groceries,groceries,UPI,4,1729.0,86.45,43.23,43.23,5,29FLHAX8175M1ZJ,1815.0,False,False,
professional-00039,professional,2025-04-18,Fri,PVR Cinemas,Entertainment,movies,Card,1,425.0,76.5,38.25,38.25,18,29HMRFR3835S1Z6,502.0,False,False,
professional-00040,professional,2025-04-19,Sat,Swiggy,Food & Dining,restaurant,UPI,2,830.0,41.5,20.75,20.75,5,29HCXTK4397A1ZS,872.0,False,False,
professional-00041,professional,2025-04-20,Sun,BigBasket,Groceries,groceries,UPI,3,1469.0,73.45,36.73,36.73,5,29FLHAX8175M1ZJ,1542.0,False,False,
professional-00042,professional,2025-04-21,Mon,Starbucks,Food & Dining,restaurant,UPI,1,290.0,14.5,7.25,7.25,5,29CVXJT1220K1ZK,304.0,False,False,
professional-00043,professional,2025-04-21,Mon,Uber,Travel,cab,Card,1,406.0,20.3,10.15,10.15,5,29APZGW9881Q1ZP,426.0,False,False,
professional-00044,professional,2025-04-22,Tue,Swiggy,Food & Dining,restaurant,UPI,1,420.0,21.0,10.5,10.5,5,29HCXTK4397A1ZS,441.0,False,False,
professional-00045,professional,2025-04-23,Wed,Starbucks,Food & Dining,restaurant,Card,2,570.0,28.5,14.25,14.25,5,29CVXJT1220K1ZK,598.0,False,False,
professional-00046,professional,2025-04-23,Wed,Swiggy,Food & Dining,restaurant,UPI,3,1060.0,53.0,26.5,26.5,5,29HCXTK4397A1ZS,1113.0,False,False,
professional-00047,professional,2025-04-23,Wed,Swiggy,Food & Dining,restaurant,UPI,1,420.0,21.0,10.5,10.5,5,29HCXTK4397A1ZS,441.0,False,False,
professional-00048,professional,2025-04-23,Wed,Uber,Travel,cab,Card,1,320.0,16.0,8.0,8.0,5,29APZGW9881Q1ZP,336.0,False,False,
professional-00049,professional,2025-04-24,Thu,Uber,Travel,cab,UPI,1,273.0,13.65,6.83,6.83,5,29APZGW9881Q1ZP,287.0,False,False,
professional-00050,professional,2025-04-24,Thu,Apollo Pharmacy,Health,medicine,Card,2,155.0,18.6,9.3,9.3,12,29RWDQS3381O1ZI,174.0,False,False,
professional-00051,professional,2025-04-26,Sat,Swiggy,Food & Dining,restaurant,UPI,3,1420.0,71.0,35.5,35.5,5,29HCXTK4397A1ZS,1491.0,False,False,
professional-00052,professional,2025-04-26,Sat,Uber,Travel,cab,UPI,1,203.0,10.15,5.08,5.08,5,29APZGW9881Q1ZP,213.0,False,False,
professional-00053,professional,2025-04-26,Sat,Apollo Pharmacy,Health,medicine,Card,1,35.0,4.2,2.1,2.1,12,29RWDQS3381O1ZI,39.0,False,False,
professional-00054,professional,2025-04-27,Sun,Swiggy,Food & Dining,restaurant,UPI,1,260.0,13.0,6.5,6.5,5,29HCXTK4397A1ZS,273.0,False,False,
professional-00055,professional,2025-04-28,Mon,Starbucks,Food & Dining,restaurant,Card,1,210.0,10.5,5.25,5.25,5,29CVXJT1220K1ZK,220.0,False,False,
professional-00056,professional,2025-04-28,Mon,Uber,Travel,cab,Card,1,506.0,25.3,12.65,12.65,5,29APZGW9881Q1ZP,531.0,False,False,
professional-00057,professional,2025-04-29,Tue,Starbucks,Food & Dining,restaurant,Card,2,740.0,37.0,18.5,18.5,5,29CVXJT1220K1ZK,777.0,False,False,
professional-00058,professional,2025-04-29,Tue,Swiggy,Food & Dining,restaurant,Card,2,1280.0,64.0,32.0,32.0,5,29HCXTK4397A1ZS,1344.0,False,False,
professional-00059,professional,2025-04-29,Tue,Truffles,Food & Dining,restaurant,Card,2,400.0,20.0,10.0,10.0,5,29HNPMA3964I1ZB,420.0,False,False,
professional-00060,professional,2025-04-29,Tue,Uber,Travel,cab,UPI,1,331.0,16.55,8.28,8.28,5,29APZGW9881Q1ZP,348.0,False,False,
professional-00061,professional,2025-04-29,Tue,Amazon,Shopping,electronics,Card,1,1299.0,233.82,116.91,116.91,18,29MQVUC4210V1ZF,1533.0,False,False,
professional-00062,professional,2025-04-30,Wed,Swiggy,Food & Dining,restaurant,Card,2,870.0,43.5,21.75,21.75,5,29HCXTK4397A1ZS,914.0,False,False,
professional-00063,professional,2025-05-01,Thu,Cult.fit,Health,salon_gym,Card,1,1695.0,305.1,152.55,152.55,18,29HSITK9933C1ZY,2000.0,True,False,
professional-00064,professional,2025-05-02,Fri,Swiggy,Food & Dining,restaurant,UPI,2,580.0,29.0,14.5,14.5,5,29HCXTK4397A1ZS,609.0,False,False,
professional-00065,professional,2025-05-02,Fri,BigBasket,Groceries,groceries,Card,5,1876.0,93.8,46.9,46.9,5,29FLHAX8175M1ZJ,1970.0,False,False,
professional-00066,professional,2025-05-02,Fri,Uber,Travel,cab,Card,1,481.0,24.05,12.03,12.03,5,29APZGW9881Q1ZP,505.0,False,False,
professional-00067,professional,2025-05-02,Fri,Rent - Koramangala flat,Bills & Utilities,other,Card,1,22000.0,0.0,,,,,22000.0,True,False,
professional-00068,professional,2025-05-03,Sat,Swiggy,Food & Dining,restaurant,Card,1,450.0,22.5,11.25,11.25,5,29HCXTK4397A1ZS,472.0,False,False,
professional-00069,professional,2025-05-03,Sat,Swiggy,Food & Dining,restaurant,UPI,1,320.0,16.0,8.0,8.0,5,29HCXTK4397A1ZS,336.0,False,False,
professional-00070,professional,2025-05-03,Sat,Swiggy,Food & Dining,restaurant,Card,3,1500.0,75.0,37.5,37.5,5,29HCXTK4397A1ZS,1575.0,False,False,
professional-00071,professional,2025-05-03,Sat,Truffles,Food & Dining,restaurant,UPI,2,800.0,40.0,20.0,20.0,5,29HNPMA3964I1ZB,840.0,False,False,
professional-00072,professional,2025-05-03,Sat,BigBasket,Groceries,groceries,Card,5,2016.0,100.8,50.4,50.4,5,29FLHAX8175M1ZJ,2117.0,False,False,
professional-00073,professional,2025-05-03,Sat,Uber,Travel,cab,UPI,1,221.0,11.05,5.53,5.53,5,29APZGW9881Q1ZP,232.0,False,False,
professional-00074,professional,2025-05-03,Sat,Uber,Travel,cab,UPI,1,305.0,15.25,7.62,7.62,5,29APZGW9881Q1ZP,320.0,False,False,
professional-00075,professional,2025-05-04,Sun,Swiggy,Food & Dining,restaurant,Card,1,900.0,45.0,22.5,22.5,5,29HCXTK4397A1ZS,945.0,False,False,
professional-00076,professional,2025-05-04,Sun,Truffles,Food & Dining,restaurant,Card,4,1490.0,74.5,37.25,37.25,5,29HNPMA3964I1ZB,1564.0,False,False,
professional-00077,professional,2025-05-04,Sun,Uber,Travel,cab,UPI,1,446.0,22.3,11.15,11.15,5,29APZGW9881Q1ZP,468.0,False,False,
professional-00078,professional,2025-05-05,Mon,Starbucks,Food & Dining,restaurant,UPI,1,290.0,14.5,7.25,7.25,5,29CVXJT1220K1ZK,304.0,False,False,
professional-00079,professional,2025-05-05,Mon,Starbucks,Food & Dining,restaurant,Cash,2,460.0,23.0,11.5,11.5,5,29CVXJT1220K1ZK,483.0,False,False,
professional-00080,professional,2025-05-05,Mon,Starbucks,Food & Dining,restaurant,UPI,1,250.0,12.5,6.25,6.25,5,29CVXJT1220K1ZK,262.0,False,False,
professional-00081,professional,2025-05-05,Mon,Truffles,Food & Dining,restaurant,Card,4,1490.0,74.5,37.25,37.25,5,29HNPMA3964I1ZB,1564.0,False,False,
professional-00082,professional,2025-05-05,Mon,BigBasket,Groceries,groceries,UPI,5,2028.0,101.4,50.7,50.7,5,29FLHAX8175M1ZJ,2129.0,False,False,
professional-00083,professional,2025-05-06,Tue,Starbucks,Food & Dining,restaurant,UPI,1,320.0,16.0,8.0,8.0,5,29CVXJT1220K1ZK,336.0,False,False,
professional-00084,professional,2025-05-07,Wed,Airtel Xstream Fiber,Bills & Utilities,telecom,Card,1,847.0,152.46,76.23,76.23,18,29LARPZ5412I1ZU,999.0,True,False,
professional-00085,professional,2025-05-08,Thu,Swiggy,Food & Dining,restaurant,UPI,1,260.0,13.0,6.5,6.5,5,29HCXTK4397A1ZS,273.0,False,False,
professional-00086,professional,2025-05-08,Thu,BigBasket,Groceries,groceries,UPI,5,1837.0,91.85,45.92,45.92,5,29FLHAX8175M1ZJ,1929.0,False,False,
professional-00087,professional,2025-05-09,Fri,Uber,Travel,cab,UPI,1,201.0,10.05,5.03,5.03,5,29APZGW9881Q1ZP,211.0,False,False,
professional-00088,professional,2025-05-09,Fri,Amazon,Shopping,electronics,UPI,1,2999.0,539.82,269.91,269.91,18,29MQVUC4210V1ZF,3539.0,False,False,
professional-00089,professional,2025-05-09,Fri,Emirates,Travel,air,Card,1,42000.0,2100.0,1050.0,1050.0,5,29WBGHY1469T1Z8,44100.0,False,True,unusual_merchant
professional-00090,professional,2025-05-10,Sat,Swiggy,Food & Dining,restaurant,UPI,2,1220.0,61.0,30.5,30.5,5,29HCXTK4397A1ZS,1281.0,False,False,
professional-00091,professional,2025-05-11,Sun,Swiggy,Food & Dining,restaurant,Card,1,380.0,19.0,9.5,9.5,5,29HCXTK4397A1ZS,399.0,False,False,
professional-00092,professional,2025-05-11,Sun,PVR Cinemas,Entertainment,movies,Card,2,783.0,140.94,70.47,70.47,18,29HMRFR3835S1Z6,924.0,False,False,
professional-00093,professional,2025-05-12,Mon,Swiggy,Food & Dining,restaurant,UPI,1,760.0,38.0,19.0,19.0,5,29HCXTK4397A1ZS,798.0,False,False,
professional-00094,professional,2025-05-12,Mon,Uber,Travel,cab,Card,1,493.0,24.65,12.32,12.32,5,29APZGW9881Q1ZP,518.0,False,False,
professional-00095,professional,2025-05-12,Mon,Netflix,Entertainment,subscription,Card,1,550.0,99.0,49.5,49.5,18,29GNPUE2767Z1ZA,649.0,True,False,
professional-00096,professional,2025-05-13,Tue,BigBasket,Groceries,groceries,Card,3,857.0,42.85,21.43,21.43,5,29FLHAX8175M1ZJ,900.0,False,False,
professional-00097,professional,2025-05-14,Wed,Swiggy,Food & Dining,restaurant,Card,1,420.0,21.0,10.5,10.5,5,29HCXTK4397A1ZS,441.0,False,False,
professional-00098,professional,2025-05-15,Thu,Uber,Travel,cab,Card,1,203.0,10.15,5.08,5.08,5,29APZGW9881Q1ZP,213.0,False,False,
professional-00099,professional,2025-05-15,Thu,Zara,Shopping,clothing,Card,2,6980.0,837.6,418.8,418.8,12,29NTQEA9173M1Z8,7818.0,False,False,
professional-00100,professional,2025-05-15,Thu,BESCOM,Bills & Utilities,electricity,Card,1,1192.0,0.0,,,,29HLKPB5104M1ZL,1192.0,True,False,
professional-00101,professional,2025-05-16,Fri,BigBasket,Groceries,groceries,UPI,4,1578.0,78.9,39.45,39.45,5,29FLHAX8175M1ZJ,1657.0,False,False,
professional-00102,professional,2025-05-18,Sun,Swiggy,Food & Dining,restaurant,Card,2,800.0,40.0,20.0,20.0,5,29HCXTK4397A1ZS,840.0,False,False,
professional-00103,professional,2025-05-18,Sun,Truffles,Food & Dining,restaurant,UPI,4,1140.0,57.0,28.5,28.5,5,29HNPMA3964I1ZB,1197.0,False,False,
professional-00104,professional,2025-05-19,Mon,Starbucks,Food & Dining,restaurant,Cash,1,250.0,12.5,6.25,6.25,5,29CVXJT1220K1ZK,262.0,False,False,
professional-00105,professional,2025-05-19,Mon,Starbucks,Food & Dining,restaurant,UPI,1,580.0,29.0,14.5,14.5,5,29CVXJT1220K1ZK,609.0,False,False,
professional-00106,professional,2025-05-19,Mon,Swiggy,Food & Dining,restaurant,UPI,3,1350.0,67.5,33.75,33.75,5,29HCXTK4397A1ZS,1418.0,False,False,
professional-00107,professional,2025-05-20,Tue,Starbucks,Food & Dining,restaurant,UPI,2,2369,118.45,59.23,59.23,5,29CVXJT1220K1ZK,2487.0,False,True,spike
professional-00108,professional,2025-05-21,Wed,Starbucks,Food & Dining,restaurant,Card,1,250.0,12.5,6.25,6.25,5,29CVXJT1220K1ZK,262.0,False,False,
professional-00109,professional,2025-05-21,Wed,Starbucks,Food & Dining,restaurant,Cash,1,290.0,14.5,7.25,7.25,5,29CVXJT1220K1ZK,304.0,False,False,
professional-00110,professional,2025-05-21,Wed,Swiggy,Food & Dining,restaurant,UPI,3,1740.0,87.0,43.5,43.5,5,29HCXTK4397A1ZS,1827.0,False,False,
professional-00111,professional,2025-05-21,Wed,Swiggy,Food & Dining,restaurant,Card,1,320.0,16.0,8.0,8.0,5,29HCXTK4397A1ZS,336.0,False,False,
professional-00112,professional,2025-05-21,Wed,Uber,Travel,cab,Card,1,408.0,20.4,10.2,10.2,5,29APZGW9881Q1ZP,428.0,False,False,
professional-00113,professional,2025-05-22,Thu,Swiggy,Food & Dining,restaurant,UPI,3,1030.0,51.5,25.75,25.75,5,29HCXTK4397A1ZS,1082.0,False,False,
professional-00114,professional,2025-05-22,Thu,BigBasket,Groceries,groceries,Cash,2,380.0,19.0,9.5,9.5,5,29FLHAX8175M1ZJ,399.0,False,False,
professional-00115,professional,2025-05-22,Thu,Uber,Travel,cab,UPI,1,440.0,22.0,11.0,11.0,5,29APZGW9881Q1ZP,462.0,False,False,
professional-00116,professional,2025-05-23,Fri,Starbucks,Food & Dining,restaurant,UPI,1,250.0,12.5,6.25,6.25,5,29CVXJT1220K1ZK,262.0,False,False,
professional-00117,professional,2025-05-23,Fri,Swiggy,Food & Dining,restaurant,UPI,3,1250.0,62.5,31.25,31.25,5,29HCXTK4397A1ZS,1312.0,False,False,
professional-00118,professional,2025-05-23,Fri,Swiggy,Food & Dining,restaurant,UPI,2,800.0,40.0,20.0,20.0,5,29HCXTK4397A1ZS,840.0,False,False,
professional-00119,professional,2025-05-23,Fri,BigBasket,Groceries,groceries,UPI,5,2028.0,101.4,50.7,50.7,5,29FLHAX8175M1ZJ,2129.0,False,False,
professional-00120,professional,2025-05-23,Fri,Uber,Travel,cab,UPI,1,425.0,21.25,10.62,10.62,5,29APZGW9881Q1ZP,446.0,False,False,
professional-00121,professional,2025-05-24,Sat,Truffles,Food & Dining,restaurant,Card,3,1100.0,55.0,27.5,27.5,5,29HNPMA3964I1ZB,1155.0,False,False,
professional-00122,professional,2025-05-24,Sat,Uber,Travel,cab,UPI,1,298.0,14.9,7.45,7.45,5,29APZGW9881Q1ZP,313.0,False,False,
professional-00123,professional,2025-05-25,Sun,Swiggy,Food & Dining,restaurant,Card,3,1540.0,77.0,38.5,38.5,5,29HCXTK4397A1ZS,1617.0,False,False,
professional-00124,professional,2025-05-25,Sun,Uber,Travel,cab,Card,1,187.0,9.35,4.67,4.67,5,29APZGW9881Q1ZP,196.0,False,False,
professional-00125,professional,2025-05-25,Sun,Uber,Travel,cab,Card,1,257.0,12.85,6.42,6.42,5,29APZGW9881Q1ZP,270.0,False,False,
professional-00126,professional,2025-05-26,Mon,Starbucks,Food & Dining,restaurant,UPI,2,930.0,46.5,23.25,23.25,5,29CVXJT1220K1ZK,976.0,False,False,
professional-00127,professional,2025-05-26,Mon,Uber,Travel,cab,UPI,1,487.0,24.35,12.18,12.18,5,29APZGW9881Q1ZP,511.0,False,False,
professional-00128,professional,2025-05-26,Mon,PVR Cinemas,Entertainment,movies,Cash,1,380.0,68.4,34.2,34.2,18,29HMRFR3835S1Z6,448.0,False,False,
professional-00129,professional,2025-05-27,Tue,Swiggy,Food & Dining,restaurant,UPI,3,1250.0,62.5,31.25,31.25,5,29HCXTK4397A1ZS,1312.0,False,False,
professional-00130,professional,2025-05-27,Tue,Swiggy,Food & Dining,restaurant,Cash,2,800.0,40.0,20.0,20.0,5,29HCXTK4397A1ZS,840.0,False,False,
professional-00131,professional,2025-05-27,Tue,Uber,Travel,cab,Card,1,180.0,9.0,4.5,4.5,5,29APZGW9881Q1ZP,189.0,False,False,
professional-00132,professional,2025-05-28,Wed,Uber,Travel,cab,UPI,1,351.0,17.55,8.78,8.78,5,29APZGW9881Q1ZP,369.0,False,False,
professional-00133,professional,2025-05-29,Thu,Swiggy,Food & Dining,restaurant,UPI,2,580.0,29.0,14.5,14.5,5,29HCXTK4397A1ZS,609.0,False,False,
professional-00134,professional,2025-05-29,Thu,Swiggy,Food & Dining,restaurant,Card,2,1160.0,58.0,29.0,29.0,5,29HCXTK4397A1ZS,1218.0,False,False,
professional-00135,professional,2025-05-30,Fri,Uber,Travel,cab,Card,1,371.0,18.55,9.28,9.28,5,29APZGW9881Q1ZP,390.0,False,False,
professional-00136,professional,2025-05-30,Fri,Uber,Travel,cab,UPI,1,337.0,16.85,8.43,8.43,5,29APZGW9881Q1ZP,354.0,False,False,
professional-00137,professional,2025-05-31,Sat,Truffles,Food & Dining,restaurant,UPI,4,1750.0,87.5,43.75,43.75,5,29HNPMA3964I1ZB,1838.0,False,False,
professional-00138,professional,2025-05-31,Sat,Uber,Travel,cab,UPI,1,274.0,13.7,6.85,6.85,5,29APZGW9881Q1ZP,288.0,False,False,
professional-00139,professional,2025-06-01,Sun,Starbucks,Food & Dining,restaurant,Card,2,710.0,35.5,17.75,17.75,5,29CVXJT1220K1ZK,746.0,False,False,
professional-00140,professional,2025-06-01,Sun,Starbucks,Food & Dining,restaurant,Card,2,530.0,26.5,13.25,13.25,5,29CVXJT1220K1ZK,556.0,False,False,
professional-00141,professional,2025-06-01,Sun,Swiggy,Food & Dining,restaurant,Card,2,940.0,47.0,23.5,23.5,5,29HCXTK4397A1ZS,987.0,False,False,
professional-00142,professional,2025-06-01,Sun,BigBasket,Groceries,groceries,UPI,2,1007.0,50.35,25.18,25.18,5,29FLHAX8175M1ZJ,1057.0,False,False,
professional-00143,professional,2025-06-01,Sun,Uber,Travel,cab,UPI,1,1489,74.45,37.23,37.23,5,29APZGW9881Q1ZP,1563.0,False,True,spike
professional-00144,professional,2025-06-01,Sun,Uber,Travel,cab,Card,1,402.0,20.1,10.05,10.05,5,29APZGW9881Q1ZP,422.0,False,False,
professional-00145,professional,2025-06-01,Sun,Cult.fit,Health,salon_gym,Card,1,1695.0,305.1,152.55,152.55,18,29HSITK9933C1ZY,2000.0,True,False,
professional-00146,professional,2025-06-02,Mon,Uber,Travel,cab,Card,1,205.0,10.25,5.12,5.12,5,29APZGW9881Q1ZP,215.0,False,False,
professional-00147,professional,2025-06-02,Mon,Rent - Koramangala flat,Bills & Utilities,other,Card,1,22000.0,0.0,,,,,22000.0,True,False,
professional-00148,professional,2025-06-04,Wed,Starbucks,Food & Dining,restaurant,UPI,2,610.0,30.5,15.25,15.25,5,29CVXJT1220K1ZK,640.0,False,False,
professional-00149,professional,2025-06-04,Wed,Uber,Travel,cab,Card,1,278.0,13.9,6.95,6.95,5,29APZGW9881Q1ZP,292.0,False,False,
professional-00150,professional,2025-06-04,Wed,Uber,Travel,cab,Card,1,499.0,24.95,12.47,12.47,5,29APZGW9881Q1ZP,524.0,False,False,
professional-00151,professional,2025-06-04,Wed,Uber,Travel,cab,Card,1,278.0,13.9,6.95,6.95,5,29APZGW9881Q1ZP,292.0,False,True,duplicate
professional-00152,professional,2025-06-05,Thu,Swiggy,Food & Dining,restaurant,Card,1,450.0,22.5,11.25,11.25,5,29HCXTK4397A1ZS,472.0,False,False,
professional-00153,professional,2025-06-06,Fri,Uber,Travel,cab,UPI,1,193.0,9.65,4.83,4.83,5,29APZGW9881Q1ZP,203.0,False,False,
professional-00154,professional,2025-06-06,Fri,Uber,Travel,cab,UPI,1,235.0,11.75,5.88,5.88,5,29APZGW9881Q1ZP,247.0,False,False,
professional-00155,professional,2025-06-07,Sat,Swiggy,Food & Dining,restaurant,UPI,2,870.0,43.5,21.75,21.75,5,29HCXTK4397A1ZS,914.0,False,False,
professional-00156,professional,2025-06-07,Sat,PVR Cinemas,Entertainment,movies,UPI,2,666.0,119.88,59.94,59.94,18,29HMRFR3835S1Z6,786.0,False,False,
professional-00157,professional,2025-06-07,Sat,Airtel Xstream Fiber,Bills & Utilities,telecom,Card,1,847.0,152.46,76.23,76.23,18,29LARPZ5412I1ZU,999.0,True,False,
professional-00158,professional,2025-06-08,Sun,Swiggy,Food & Dining,restaurant,UPI,1,420.0,21.0,10.5,10.5,5,29HCXTK4397A1ZS,441.0,False,False,
professional-00159,professional,2025-06-11,Wed,Starbucks,Food & Dining,restaurant,UPI,2,890.0,44.5,22.25,22.25,5,29CVXJT1220K1ZK,934.0,False,False,
professional-00160,professional,2025-06-11,Wed,Swiggy,Food & Dining,restaurant,Card,1,260.0,13.0,6.5,6.5,5,29HCXTK4397A1ZS,273.0,False,False,
professional-00161,professional,2025-06-12,Thu,Uber,Travel,cab,UPI,1,454.0,22.7,11.35,11.35,5,29APZGW9881Q1ZP,477.0,False,False,
professional-00162,professional,2025-06-12,Thu,Netflix,Entertainment,subscription,Card,1,550.0,99.0,49.5,49.5,18,29GNPUE2767Z1ZA,649.0,True,False,
professional-00163,professional,2025-06-13,Fri,Swiggy,Food & Dining,restaurant,UPI,3,1090.0,54.5,27.25,27.25,5,29HCXTK4397A1ZS,1144.0,False,False,
professional-00164,professional,2025-06-13,Fri,Truffles,Food & Dining,restaurant,Card,3,1100.0,55.0,27.5,27.5,5,29HNPMA3964I1ZB,1155.0,False,False,
professional-00165,professional,2025-06-13,Fri,Uber,Travel,cab,UPI,1,221.0,11.05,5.53,5.53,5,29APZGW9881Q1ZP,232.0,False,False,
professional-00166,professional,2025-06-13,Fri,Uber,Travel,cab,Cash,1,464.0,23.2,11.6,11.6,5,29APZGW9881Q1ZP,487.0,False,False,
professional-00167,professional,2025-06-13,Fri,Truffles,Food & Dining,restaurant,Card,3,1100.0,55.0,27.5,27.5,5,29HNPMA3964I1ZB,1155.0,False,True,duplicate
professional-00168,professional,2025-06-14,Sat,Truffles,Food & Dining,restaurant,UPI,2,740.0,37.0,18.5,18.5,5,29HNPMA3964I1ZB,777.0,False,False,
professional-00169,professional,2025-06-15,Sun,Truffles,Food & Dining,restaurant,Card,2,530.0,26.5,13.25,13.25,5,29HNPMA3964I1ZB,556.0,False,False,
professional-00170,professional,2025-06-15,Sun,Uber,Travel,cab,UPI,1,357.0,17.85,8.93,8.93,5,29APZGW9881Q1ZP,375.0,False,False,
professional-00171,professional,2025-06-15,Sun,Uber,Travel,cab,UPI,1,283.0,14.15,7.08,7.08,5,29APZGW9881Q1ZP,297.0,False,False,
professional-00172,professional,2025-06-15,Sun,PVR Cinemas,Entertainment,movies,UPI,1,380.0,68.4,34.2,34.2,18,29HMRFR3835S1Z6,448.0,False,False,
professional-00173,professional,2025-06-15,Sun,PVR Cinemas,Entertainment,movies,Card,2,639.0,115.02,57.51,57.51,18,29HMRFR3835S1Z6,754.0,False,False,
professional-00174,professional,2025-06-15,Sun,BESCOM,Bills & Utilities,electricity,Card,1,1672.0,0.0,,,,29HLKPB5104M1ZL,1672.0,True,False,
professional-00175,professional,2025-06-16,Mon,Uber,Travel,cab,Card,1,320.0,16.0,8.0,8.0,5,29APZGW9881Q1ZP,336.0,False,False,
professional-00176,professional,2025-06-16,Mon,Amazon,Shopping,electronics,UPI,1,4999.0,899.82,449.91,449.91,18,29MQVUC4210V1ZF,5899.0,False,False,
professional-00177,professional,2025-06-17,Tue,Starbucks,Food & Dining,restaurant,Card,2,740.0,37.0,18.5,18.5,5,29CVXJT1220K1ZK,777.0,False,False,
professional-00178,professional,2025-06-18,Wed,Swiggy,Food & Dining,restaurant,UPI,3,1030.0,51.5,25.75,25.75,5,29HCXTK4397A1ZS,1082.0,False,False,
professional-00179,professional,2025-06-18,Wed,Uber,Travel,cab,Card,1,264.0,13.2,6.6,6.6,5,29APZGW9881Q1ZP,277.0,False,False,
professional-00180,professional,2025-06-19,Thu,BigBasket,Groceries,groceries,UPI,4,1717.0,85.85,42.92,42.92,5,29FLHAX8175M1ZJ,1803.0,False,False,
professional-00181,professional,2025-06-19,Thu,Uber,Travel,cab,UPI,1,399.0,19.95,9.97,9.97,5,29APZGW9881Q1ZP,419.0,False,False,
professional-00182,professional,2025-06-20,Fri,Uber,Travel,cab,UPI,1,399.0,19.95,9.97,9.97,5,29APZGW9881Q1ZP,419.0,False,False,
professional-00183,professional,2025-06-21,Sat,Swiggy,Food & Dining,restaurant,UPI,3,960.0,48.0,24.0,24.0,5,29HCXTK4397A1ZS,1008.0,False,False,
professional-00184,professional,2025-06-21,Sat,Uber,Travel,cab,UPI,1,320.0,16.0,8.0,8.0,5,29APZGW9881Q1ZP,336.0,False,False,
professional-00185,professional,2025-06-22,Sun,Swiggy,Food & Dining,restaurant,UPI,1,450.0,22.5,11.25,11.25,5,29HCXTK4397A1ZS,472.0,False,False,
professional-00186,professional,2025-06-23,Mon,Swiggy,Food & Dining,restaurant,Card,2,740.0,37.0,18.5,18.5,5,29HCXTK4397A1ZS,777.0,False,False,
professional-00187,professional,2025-06-23,Mon,Uber,Travel,cab,UPI,1,439.0,21.95,10.97,10.97,5,29APZGW9881Q1ZP,461.0,False,False,
professional-00188,professional,2025-06-23,Mon,PVR Cinemas,Entertainment,movies,Card,2,665.0,119.7,59.85,59.85,18,29HMRFR3835S1Z6,785.0,False,False,
professional-00189,professional,2025-06-24,Tue,Swiggy,Food & Dining,restaurant,Card,2,1210.0,60.5,30.25,30.25,5,29HCXTK4397A1ZS,1270.0,False,False,
professional-00190,professional,2025-06-24,Tue,Uber,Travel,cab,UPI,1,398.0,19.9,9.95,9.95,5,29APZGW9881Q1ZP,418.0,False,False,
professional-00191,professional,2025-06-24,Tue,Uber,Travel,cab,Card,1,324.0,16.2,8.1,8.1,5,29APZGW9881Q1ZP,340.0,False,False,
professional-00192,professional,2025-06-24,Tue,Uber,Travel,cab,Card,1,186.0,9.3,4.65,4.65,5,29APZGW9881Q1ZP,195.0,False,False,
professional-00193,professional,2025-06-25,Wed,Uber,Travel,cab,Card,1,307.0,15.35,7.67,7.67,5,29APZGW9881Q1ZP,322.0,False,False,
professional-00194,professional,2025-06-26,Thu,Swiggy,Food & Dining,restaurant,UPI,1,420.0,21.0,10.5,10.5,5,29HCXTK4397A1ZS,441.0,False,False,
professional-00195,professional,2025-06-27,Fri,Swiggy,Food & Dining,restaurant,UPI,3,1350.0,67.5,33.75,33.75,5,29HCXTK4397A1ZS,1418.0,False,False,
professional-00196,professional,2025-06-27,Fri,Uber,Travel,cab,UPI,1,180.0,9.0,4.5,4.5,5,29APZGW9881Q1ZP,189.0,False,False,
professional-00197,professional,2025-06-28,Sat,Swiggy,Food & Dining,restaurant,Card,3,1150.0,57.5,28.75,28.75,5,29HCXTK4397A1ZS,1208.0,False,False,
professional-00198,professional,2025-06-28,Sat,Uber,Travel,cab,UPI,1,1581,79.05,39.52,39.52,5,29APZGW9881Q1ZP,1660.0,False,True,spike
professional-00199,professional,2025-06-29,Sun,Truffles,Food & Dining,restaurant,Card,4,1750.0,87.5,43.75,43.75,5,29HNPMA3964I1ZB,1838.0,False,False,
professional-00200,professional,2025-06-29,Sun,IndiGo,Travel,air,UPI,1,9591.0,479.55,239.78,239.78,5,29AGECY6169O1ZT,10071.0,False,False,
professional-00201,professional,2025-06-30,Mon,BigBasket,Groceries,groceries,UPI,4,1578.0,78.9,39.45,39.45,5,29FLHAX8175M1ZJ,1657.0,False,False,
professional-00202,professional,2025-07-01,Tue,Uber,Travel,cab,Card,1,277.0,13.85,6.92,6.92,5,29APZGW9881Q1ZP,291.0,False,False,
professional-00203,professional,2025-07-01,Tue,Uber,Travel,cab,UPI,1,512.0,25.6,12.8,12.8,5,29APZGW9881Q1ZP,538.0,False,False,
professional-00204,professional,2025-07-01,Tue,Uber,Travel,cab,Cash,1,515.0,25.75,12.88,12.88,5,29APZGW9881Q1ZP,541.0,False,False,
professional-00205,professional,2025-07-01,Tue,Cult.fit,Health,salon_gym,Card,1,1695.0,305.1,152.55,152.55,18,29HSITK9933C1ZY,2000.0,True,False,
professional-00206,professional,2025-07-02,Wed,Rent - Koramangala flat,Bills & Utilities,other,Card,1,22000.0,0.0,,,,,22000.0,True,False,
professional-00207,professional,2025-07-03,Thu,Toni&Guy,Health,salon_gym,UPI,1,900.0,162.0,81.0,81.0,18,29UIMFB3856O1ZW,1062.0,False,False,
professional-00208,professional,2025-07-05,Sat,Truffles,Food & Dining,restaurant,UPI,2,400.0,20.0,10.0,10.0,5,29HNPMA3964I1ZB,420.0,False,False,
professional-00209,professional,2025-07-05,Sat,BigBasket,Groceries,groceries,Card,5,1686.0,84.3,42.15,42.15,5,29FLHAX8175M1ZJ,1770.0,False,False,
professional-00210,professional,2025-07-05,Sat,Uber,Travel,cab,Card,1,447.0,22.35,11.18,11.18,5,29APZGW9881Q1ZP,469.0,False,False,
professional-00211,professional,2025-07-05,Sat,Zara,Shopping,clothing,Card,1,3990.0,478.8,239.4,239.4,12,29NTQEA9173M1Z8,4469.0,False,False,
professional-00212,professional,2025-07-05,Sat,BigBasket,Groceries,groceries,Card,5,1686.0,84.3,42.15,42.15,5,29FLHAX8175M1ZJ,1770.0,False,True,duplicate
professional-00213,professional,2025-07-06,Sun,Swiggy,Food & Dining,restaurant,UPI,1,840.0,42.0,21.0,21.0,5,29HCXTK4397A1ZS,882.0,False,False,
professional-00214,professional,2025-07-07,Mon,Starbucks,Food & Dining,restaurant,UPI,2,890.0,44.5,22.25,22.25,5,29CVXJT1220K1ZK,934.0,False,False,
professional-00215,professional,2025-07-07,Mon,BigBasket,Groceries,groceries,Card,5,1837.0,91.85,45.92,45.92,5,29FLHAX8175M1ZJ,1929.0,False,False,
professional-00216,professional,2025-07-07,Mon,Airtel Xstream Fiber,Bills & Utilities,telecom,Card,1,847.0,152.46,76.23,76.23,18,29LARPZ5412I1ZU,999.0,True,False,
professional-00217,professional,2025-07-08,Tue,Swiggy,Food & Dining,restaurant,UPI,2,830.0,41.5,20.75,20.75,5,29HCXTK4397A1ZS,872.0,False,False,
professional-00218,professional,2025-07-08,Tue,Swiggy,Food & Dining,restaurant,UPI,2,770.0,38.5,19.25,19.25,5,29HCXTK4397A1ZS,808.0,False,False,
professional-00219,professional,2025-07-08,Tue,BigBasket,Groceries,groceries,UPI,5,1686.0,84.3,42.15,42.15,5,29FLHAX8175M1ZJ,1770.0,False,False,
professional-00220,professional,2025-07-08,Tue,Uber,Travel,cab,Card,1,445.0,22.25,11.12,11.12,5,29APZGW9881Q1ZP,467.0,False,False,
professional-00221,professional,2025-07-09,Wed,Starbucks,Food & Dining,restaurant,Card,2,530.0,26.5,13.25,13.25,5,29CVXJT1220K1ZK,556.0,False,False,
professional-00222,professional,2025-07-09,Wed,Starbucks,Food & Dining,restaurant,UPI,1,210.0,10.5,5.25,5.25,5,29CVXJT1220K1ZK,220.0,False,False,
professional-00223,professional,2025-07-09,Wed,BigBasket,Groceries,groceries,Card,2,1007.0,50.35,25.18,25.18,5,29FLHAX8175M1ZJ,1057.0,False,False,
professional-00224,professional,2025-07-10,Thu,Swiggy,Food & Dining,restaurant,Card,3,1120.0,56.0,28.0,28.0,5,29HCXTK4397A1ZS,1176.0,False,False,
professional-00225,professional,2025-07-11,Fri,Uber,Travel,cab,UPI,1,425.0,21.25,10.62,10.62,5,29APZGW9881Q1ZP,446.0,False,False,
professional-00226,professional,2025-07-11,Fri,Uber,Travel,cab,UPI,1,400.0,20.0,10.0,10.0,5,29APZGW9881Q1ZP,420.0,False,False,
professional-00227,professional,2025-07-12,Sat,Swiggy,Food & Dining,restaurant,Card,1,260.0,13.0,6.5,6.5,5,29HCXTK4397A1ZS,273.0,False,False,
professional-00228,professional,2025-07-12,Sat,BigBasket,Groceries,groceries,Card,5,1837.0,91.85,45.92,45.92,5,29FLHAX8175M1ZJ,1929.0,False,False,
professional-00229,professional,2025-07-12,Sat,Uber,Travel,cab,UPI,1,250.0,12.5,6.25,6.25,5,29APZGW9881Q1ZP,262.0,False,False,
professional-00230,professional,2025-07-12,Sat,Zara,Shopping,clothing,UPI,1,3290.0,394.8,197.4,197.4,12,29NTQEA9173M1Z8,3685.0,False,False,
professional-00231,professional,2025-07-12,Sat,Netflix,Entertainment,subscription,Card,1,550.0,99.0,49.5,49.5,18,29GNPUE2767Z1ZA,649.0,True,False,
professional-00232,professional,2025-07-13,Sun,BigBasket,Groceries,groceries,UPI,3,818.0,40.9,20.45,20.45,5,29FLHAX8175M1ZJ,859.0,False,False,
professional-00233,professional,2025-07-14,Mon,Uber,Travel,cab,UPI,1,413.0,20.65,10.32,10.32,5,29APZGW9881Q1ZP,434.0,False,False,
professional-00234,professional,2025-07-15,Tue,Swiggy,Food & Dining,restaurant,UPI,1,320.0,16.0,8.0,8.0,5,29HCXTK4397A1ZS,336.0,False,False,
professional-00235,professional,2025-07-15,Tue,Swiggy,Food & Dining,restaurant,UPI,1,260.0,13.0,6.5,6.5,5,29HCXTK4397A1ZS,273.0,False,False,
professional-00236,professional,2025-07-15,Tue,Uber,Travel,cab,Card,1,436.0,21.8,10.9,10.9,5,29APZGW9881Q1ZP,458.0,False,False,
professional-00237,professional,2025-07-15,Tue,Uber,Travel,cab,Card,1,334.0,16.7,8.35,8.35,5,29APZGW9881Q1ZP,351.0,False,False,
professional-00238,professional,2025-07-15,Tue,BESCOM,Bills & Utilities,electricity,Card,1,1660.0,0.0,,,,29HLKPB5104M1ZL,1660.0,True,False,
professional-00239,professional,2025-07-15,Tue,Apple Store,Shopping,electronics,Card,1,99900.0,17982.0,8991.0,8991.0,18,29FBOEZ4824T1ZZ,117882.0,False,True,unusual_merchant
professional-00240,professional,2025-07-17,Thu,Starbucks,Food & Dining,restaurant,Card,2,460.0,23.0,11.5,11.5,5,29CVXJT1220K1ZK,483.0,False,False,
professional-00241,professional,2025-07-17,Thu,Swiggy,Food & Dining,restaurant,Card,3,1120.0,56.0,28.0,28.0,5,29HCXTK4397A1ZS,1176.0,False,False,
professional-00242,professional,2025-07-17,Thu,Swiggy,Food & Dining,restaurant,UPI,3,1350.0,67.5,33.75,33.75,5,29HCXTK4397A1ZS,1418.0,False,False,
professional-00243,professional,2025-07-18,Fri,Apple Store,Shopping,electronics,UPI,1,99900.0,17982.0,8991.0,8991.0,18,29FBOEZ4824T1ZZ,117882.0,False,True,unusual_merchant
professional-00244,professional,2025-07-19,Sat,Swiggy,Food & Dining,restaurant,Card,3,1060.0,53.0,26.5,26.5,5,29HCXTK4397A1ZS,1113.0,False,False,
professional-00245,professional,2025-07-19,Sat,Swiggy,Food & Dining,restaurant,UPI,3,1030.0,51.5,25.75,25.75,5,29HCXTK4397A1ZS,1082.0,False,False,
professional-00246,professional,2025-07-19,Sat,Louis Vuitton,Shopping,clothing,UPI,1,145000.0,17400.0,8700.0,8700.0,12,29YJXZI3058R1Z7,162400.0,False,True,unusual_merchant
professional-00247,professional,2025-07-20,Sun,Swiggy,Food & Dining,restaurant,UPI,3,1130.0,56.5,28.25,28.25,5,29HCXTK4397A1ZS,1186.0,False,False,
professional-00248,professional,2025-07-20,Sun,Swiggy,Food & Dining,restaurant,Card,2,1160.0,58.0,29.0,29.0,5,29HCXTK4397A1ZS,1218.0,False,False,
professional-00249,professional,2025-07-20,Sun,Swiggy,Food & Dining,restaurant,Card,3,1120.0,56.0,28.0,28.0,5,29HCXTK4397A1ZS,1176.0,False,False,
professional-00250,professional,2025-07-20,Sun,BigBasket,Groceries,groceries,UPI,2,1159.0,57.95,28.98,28.98,5,29FLHAX8175M1ZJ,1217.0,False,False,
professional-00251,professional,2025-07-20,Sun,IndiGo,Travel,air,Card,1,7581.0,379.05,189.53,189.53,5,29AGECY6169O1ZT,7960.0,False,False,
professional-00252,professional,2025-07-21,Mon,Uber,Travel,cab,Card,1,369.0,18.45,9.22,9.22,5,29APZGW9881Q1ZP,387.0,False,False,
professional-00253,professional,2025-07-22,Tue,BigBasket,Groceries,groceries,Cash,2,380.0,19.0,9.5,9.5,5,29FLHAX8175M1ZJ,399.0,False,False,
professional-00254,professional,2025-07-23,Wed,Uber,Travel,cab,Card,1,399.0,19.95,9.97,9.97,5,29APZGW9881Q1ZP,419.0,False,False,
professional-00255,professional,2025-07-23,Wed,Uber,Travel,cab,Card,1,259.0,12.95,6.47,6.47,5,29APZGW9881Q1ZP,272.0,False,False,
professional-00256,professional,2025-07-25,Fri,Starbucks,Food & Dining,restaurant,Card,2,610.0,30.5,15.25,15.25,5,29CVXJT1220K1ZK,640.0,False,False,
professional-00257,professional,2025-07-25,Fri,Uber,Travel,cab,UPI,1,331.0,16.55,8.28,8.28,5,29APZGW9881Q1ZP,348.0,False,False,
professional-00258,professional,2025-07-25,Fri,Uber,Travel,cab,Cash,1,457.0,22.85,11.43,11.43,5,29APZGW9881Q1ZP,480.0,False,False,
professional-00259,professional,2025-07-25,Fri,Uber,Travel,cab,Card,1,360.0,18.0,9.0,9.0,5,29APZGW9881Q1ZP,378.0,False,False,
professional-00260,professional,2025-07-25,Fri,PVR Cinemas,Entertainment,movies,UPI,2,637.0,114.66,57.33,57.33,18,29HMRFR3835S1Z6,752.0,False,False,
professional-00261,professional,2025-07-26,Sat,Swiggy,Food & Dining,restaurant,Card,1,320.0,16.0,8.0,8.0,5,29HCXTK4397A1ZS,336.0,False,False,
professional-00262,professional,2025-07-27,Sun,Swiggy,Food & Dining,restaurant,UPI,2,1220.0,61.0,30.5,30.5,5,29HCXTK4397A1ZS,1281.0,False,False,
professional-00263,professional,2025-07-27,Sun,Swiggy,Food & Dining,restaurant,Cash,2,640.0,32.0,16.0,16.0,5,29HCXTK4397A1ZS,672.0,False,False,
professional-00264,professional,2025-07-28,Mon,Starbucks,Food & Dining,restaurant,UPI,2,930.0,46.5,23.25,23.25,5,29CVXJT1220K1ZK,976.0,False,False,
professional-00265,professional,2025-07-29,Tue,Starbucks,Food & Dining,restaurant,UPI,2,500.0,25.0,12.5,12.5,5,29CVXJT1220K1ZK,525.0,False,False,
professional-00266,professional,2025-07-29,Tue,Apollo Pharmacy,Health,medicine,UPI,2,430.0,51.6,25.8,25.8,12,29RWDQS3381O1ZI,482.0,False,False,
professional-00267,professional,2025-07-30,Wed,Starbucks,Food & Dining,restaurant,Card,2,460.0,23.0,11.5,11.5,5,29CVXJT1220K1ZK,483.0,False,False,
professional-00268,professional,2025-07-30,Wed,Truffles,Food & Dining,restaurant,UPI,2,1090.0,54.5,27.25,27.25,5,29HNPMA3964I1ZB,1144.0,False,False,
professional-00269,professional,2025-07-30,Wed,Toni&Guy,Health,salon_gym,Card,1,900.0,162.0,81.0,81.0,18,29UIMFB3856O1ZW,1062.0,False,False,
professional-00270,professional,2025-07-30,Wed,Truffles,Food & Dining,restaurant,UPI,2,1090.0,54.5,27.25,27.25,5,29HNPMA3964I1ZB,1144.0,False,True,duplicate
professional-00271,professional,2025-07-31,Thu,Uber,Travel,cab,Card,1,313.0,15.65,7.83,7.83,5,29APZGW9881Q1ZP,329.0,False,False,
professional-00272,professional,2025-07-31,Thu,Uber,Travel,cab,Card,1,1584,79.2,39.6,39.6,5,29APZGW9881Q1ZP,1663.0,False,True,spike
professional-00273,professional,2025-08-01,Fri,Truffles,Food & Dining,restaurant,Card,4,1140.0,57.0,28.5,28.5,5,29HNPMA3964I1ZB,1197.0,False,False,
professional-00274,professional,2025-08-01,Fri,Uber,Travel,cab,Card,1,307.0,15.35,7.67,7.67,5,29APZGW9881Q1ZP,322.0,False,False,
professional-00275,professional,2025-08-01,Fri,Uber,Travel,cab,UPI,1,440.0,22.0,11.0,11.0,5,29APZGW9881Q1ZP,462.0,False,False,
professional-00276,professional,2025-08-01,Fri,Cult.fit,Health,salon_gym,Card,1,1695.0,305.1,152.55,152.55,18,29HSITK9933C1ZY,2000.0,True,False,
professional-00277,professional,2025-08-02,Sat,Swiggy,Food & Dining,restaurant,Card,3,1130.0,56.5,28.25,28.25,5,29HCXTK4397A1ZS,1186.0,False,False,
professional-00278,professional,2025-08-02,Sat,Swiggy,Food & Dining,restaurant,Card,1,380.0,19.0,9.5,9.5,5,29HCXTK4397A1ZS,399.0,False,False,
professional-00279,professional,2025-08-02,Sat,Rent - Koramangala flat,Bills & Utilities,other,Card,1,22000.0,0.0,,,,,22000.0,True,False,
professional-00280,professional,2025-08-04,Mon,Starbucks,Food & Dining,restaurant,UPI,2,540.0,27.0,13.5,13.5,5,29CVXJT1220K1ZK,567.0,False,False,
professional-00281,professional,2025-08-04,Mon,Swiggy,Food & Dining,restaurant,UPI,1,320.0,16.0,8.0,8.0,5,29HCXTK4397A1ZS,336.0,False,False,
professional-00282,professional,2025-08-04,Mon,BigBasket,Groceries,groceries,UPI,4,1717.0,85.85,42.92,42.92,5,29FLHAX8175M1ZJ,1803.0,False,False,
professional-00283,professional,2025-08-04,Mon,Uber,Travel,cab,UPI,1,430.0,21.5,10.75,10.75,5,29APZGW9881Q1ZP,452.0,False,False,
professional-00284,professional,2025-08-04,Mon,Uber,Travel,cab,UPI,1,309.0,15.45,7.72,7.72,5,29APZGW9881Q1ZP,324.0,False,False,
professional-00285,professional,2025-08-05,Tue,Uber,Travel,cab,UPI,1,496.0,24.8,12.4,12.4,5,29APZGW9881Q1ZP,521.0,False,False,
professional-00286,professional,2025-08-06,Wed,Starbucks,Food & Dining,restaurant,Card,1,210.0,10.5,5.25,5.25,5,29CVXJT1220K1ZK,220.0,False,False,
professional-00287,professional,2025-08-06,Wed,Starbucks,Food & Dining,restaurant,Card,1,320.0,16.0,8.0,8.0,5,29CVXJT1220K1ZK,336.0,False,False,
professional-00288,professional,2025-08-06,Wed,Truffles,Food & Dining,restaurant,UPI,2,580.0,29.0,14.5,14.5,5,29HNPMA3964I1ZB,609.0,False,False,
professional-00289,professional,2025-08-06,Wed,Uber,Travel,cab,Card,1,252.0,12.6,6.3,6.3,5,29APZGW9881Q1ZP,265.0,False,False,
professional-00290,professional,2025-08-07,Thu,Zara,Shopping,clothing,Card,1,1290.0,154.8,77.4,77.4,12,29NTQEA9173M1Z8,1445.0,False,False,
professional-00291,professional,2025-08-07,Thu,Airtel Xstream Fiber,Bills & Utilities,telecom,Card,1,847.0,152.46,76.23,76.23,18,29LARPZ5412I1ZU,999.0,True,False,
professional-00292,professional,2025-08-08,Fri,Swiggy,Food & Dining,restaurant,UPI,1,380.0,19.0,9.5,9.5,5,29HCXTK4397A1ZS,399.0,False,False,
professional-00293,professional,2025-08-09,Sat,Swiggy,Food & Dining,restaurant,UPI,2,1210.0,60.5,30.25,30.25,5,29HCXTK4397A1ZS,1270.0,False,False,
professional-00294,professional,2025-08-09,Sat,Swiggy,Food & Dining,restaurant,UPI,3,1250.0,62.5,31.25,31.25,5,29HCXTK4397A1ZS,1312.0,False,False,
professional-00295,professional,2025-08-09,Sat,Truffles,Food & Dining,restaurant,UPI,2,400.0,20.0,10.0,10.0,5,29HNPMA3964I1ZB,420.0,False,False,
professional-00296,professional,2025-08-10,Sun,BigBasket,Groceries,groceries,Card,4,1756.0,87.8,43.9,43.9,5,29FLHAX8175M1ZJ,1844.0,False,False,
professional-00297,professional,2025-08-10,Sun,Uber,Travel,cab,UPI,1,233.0,11.65,5.83,5.83,5,29APZGW9881Q1ZP,245.0,False,False,
professional-00298,professional,2025-08-11,Mon,Uber,Travel,cab,UPI,1,1699,84.95,42.48,42.48,5,29APZGW9881Q1ZP,1784.0,False,True,spike
professional-00299,professional,2025-08-11,Mon,Uber,Travel,cab,Card,1,458.0,22.9,11.45,11.45,5,29APZGW9881Q1ZP,481.0,False,False,
professional-00300,professional,2025-08-11,Mon,PVR Cinemas,Entertainment,movies,Card,1,259.0,46.62,23.31,23.31,18,29HMRFR3835S1Z6,306.0,False,False,
professional-00301,professional,2025-08-12,Tue,Netflix,Entertainment,subscription,Card,1,550.0,99.0,49.5,49.5,18,29GNPUE2767Z1ZA,649.0,True,False,
professional-00302,professional,2025-08-12,Tue,Apple Store,Shopping,electronics,UPI,1,99900.0,17982.0,8991.0,8991.0,18,29FBOEZ4824T1ZZ,117882.0,False,True,unusual_merchant
professional-00303,professional,2025-08-13,Wed,Swiggy,Food & Dining,restaurant,UPI,3,1000.0,50.0,25.0,25.0,5,29HCXTK4397A1ZS,1050.0,False,False,
professional-00304,professional,2025-08-13,Wed,Uber,Travel,cab,Card,1,372.0,18.6,9.3,9.3,5,29APZGW9881Q1ZP,391.0,False,False,
professional-00305,professional,2025-08-13,Wed,Uber,Travel,cab,UPI,1,286.0,14.3,7.15,7.15,5,29APZGW9881Q1ZP,300.0,False,False,
professional-00306,professional,2025-08-14,Thu,Starbucks,Food & Dining,restaurant,UPI,2,850.0,42.5,21.25,21.25,5,29CVXJT1220K1ZK,892.0,False,False,
professional-00307,professional,2025-08-14,Thu,Uber,Travel,cab,Card,1,337.0,16.85,8.43,8.43,5,29APZGW9881Q1ZP,354.0,False,False,
professional-00308,professional,2025-08-14,Thu,PVR Cinemas,Entertainment,movies,UPI,1,380.0,68.4,34.2,34.2,18,29HMRFR3835S1Z6,448.0,False,False,
professional-00309,professional,2025-08-15,Fri,Starbucks,Food & Dining,restaurant,UPI,1,500.0,25.0,12.5,12.5,5,29CVXJT1220K1ZK,525.0,False,False,
professional-00310,professional,2025-08-15,Fri,Uber,Travel,cab,UPI,1,212.0,10.6,5.3,5.3,5,29APZGW9881Q1ZP,223.0,False,False,
professional-00311,professional,2025-08-15,Fri,BESCOM,Bills & Utilities,electricity,Card,1,2171.0,0.0,,,,29HLKPB5104M1ZL,2171.0,True,False,
professional-00312,professional,2025-08-17,Sun,Truffles,Food & Dining,restaurant,UPI,2,740.0,37.0,18.5,18.5,5,29HNPMA3964I1ZB,777.0,False,False,
professional-00313,professional,2025-08-18,Mon,BigBasket,Groceries,groceries,UPI,5,2028.0,101.4,50.7,50.7,5,29FLHAX8175M1ZJ,2129.0,False,False,
professional-00314,professional,2025-08-19,Tue,Swiggy,Food & Dining,restaurant,UPI,1,260.0,13.0,6.5,6.5,5,29HCXTK4397A1ZS,273.0,False,False,
professional-00315,professional,2025-08-19,Tue,Uber,Travel,cab,UPI,1,479.0,23.95,11.97,11.97,5,29APZGW9881Q1ZP,503.0,False,False,
professional-00316,professional,2025-08-19,Tue,Amazon,Shopping,electronics,UPI,1,2999.0,539.82,269.91,269.91,18,29MQVUC4210V1ZF,3539.0,False,False,
professional-00317,professional,2025-08-20,Wed,Swiggy,Food & Dining,restaurant,Card,2,870.0,43.5,21.75,21.75,5,29HCXTK4397A1ZS,914.0,False,False,
professional-00318,professional,2025-08-20,Wed,Uber,Travel,cab,UPI,1,267.0,13.35,6.67,6.67,5,29APZGW9881Q1ZP,280.0,False,False,
professional-00319,professional,2025-08-21,Thu,Uber,Travel,cab,Card,1,422.0,21.1,10.55,10.55,5,29APZGW9881Q1ZP,443.0,False,False,
professional-00320,professional,2025-08-22,Fri,PVR Cinemas,Entertainment,movies,UPI,2,692.0,124.56,62.28,62.28,18,29HMRFR3835S1Z6,817.0,False,False,
professional-00321,professional,2025-08-23,Sat,Swiggy,Food & Dining,restaurant,Cash,1,450.0,22.5,11.25,11.25,5,29HCXTK4397A1ZS,472.0,False,False,
professional-00322,professional,2025-08-23,Sat,BigBasket,Groceries,groceries,UPI,4,1426.0,71.3,35.65,35.65,5,29FLHAX8175M1ZJ,1497.0,False,False,
professional-00323,professional,2025-08-24,Sun,Swiggy,Food & Dining,restaurant,UPI,3,1150.0,57.5,28.75,28.75,5,29HCXTK4397A1ZS,1208.0,False,False,
professional-00324,professional,2025-08-24,Sun,Swiggy,Food & Dining,restaurant,Card,3,1420.0,71.0,35.5,35.5,5,29HCXTK4397A1ZS,1491.0,False,False,
professional-00325,professional,2025-08-24,Sun,BigBasket,Groceries,groceries,Card,2,228.0,11.4,5.7,5.7,5,29FLHAX8175M1ZJ,239.0,False,False,
professional-00326,professional,2025-08-24,Sun,BigBasket,Groceries,groceries,Card,2,368.0,18.4,9.2,9.2,5,29FLHAX8175M1ZJ,386.0,False,False,
professional-00327,professional,2025-08-25,Mon,Starbucks,Food & Dining,restaurant,UPI,1,320.0,16.0,8.0,8.0,5,29CVXJT1220K1ZK,336.0,False,False,
professional-00328,professional,2025-08-26,Tue,Swiggy,Food & Dining,restaurant,UPI,3,2050.0,102.5,51.25,51.25,5,29HCXTK4397A1ZS,2152.0,False,False,
professional-00329,professional,2025-08-26,Tue,Uber,Travel,cab,Card,1,380.0,19.0,9.5,9.5,5,29APZGW9881Q1ZP,399.0,False,False,
professional-00330,professional,2025-08-28,Thu,Starbucks,Food & Dining,restaurant,Card,1,250.0,12.5,6.25,6.25,5,29CVXJT1220K1ZK,262.0,False,False,
professional-00331,professional,2025-08-30,Sat,Truffles,Food & Dining,restaurant,UPI,4,1530.0,76.5,38.25,38.25,5,29HNPMA3964I1ZB,1606.0,False,False,
professional-00332,professional,2025-08-30,Sat,BigBasket,Groceries,groceries,UPI,2,559.0,27.95,13.97,13.97,5,29FLHAX8175M1ZJ,587.0,False,False,
professional-00333,professional,2025-08-30,Sat,BigBasket,Groceries,groceries,UPI,2,559.0,27.95,13.97,13.97,5,29FLHAX8175M1ZJ,587.0,False,False,
professional-00334,professional,2025-08-30,Sat,PVR Cinemas,Entertainment,movies,UPI,1,396.0,71.28,35.64,35.64,18,29HMRFR3835S1Z6,467.0,False,False,
professional-00335,professional,2025-08-31,Sun,Zara,Shopping,clothing,UPI,2,4580.0,549.6,274.8,274.8,12,29NTQEA9173M1Z8,5130.0,False,False,
professional-00336,professional,2025-09-01,Mon,Starbucks,Food & Dining,restaurant,Cash,2,570.0,28.5,14.25,14.25,5,29CVXJT1220K1ZK,598.0,False,False,
professional-00337,professional,2025-09-01,Mon,Starbucks,Food & Dining,restaurant,Card,1,290.0,14.5,7.25,7.25,5,29CVXJT1220K1ZK,304.0,False,False,
professional-00338,professional,2025-09-01,Mon,Swiggy,Food & Dining,restaurant,UPI,3,1060.0,53.0,26.5,26.5,5,29HCXTK4397A1ZS,1113.0,False,False,
professional-00339,professional,2025-09-01,Mon,Swiggy,Food & Dining,restaurant,UPI,1,840.0,42.0,21.0,21.0,5,29HCXTK4397A1ZS,882.0,False,False,
professional-00340,professional,2025-09-01,Mon,Uber,Travel,cab,Card,1,407.0,20.35,10.18,10.18,5,29APZGW9881Q1ZP,427.0,False,False,
professional-00341,professional,2025-09-01,Mon,Uber,Travel,cab,UPI,1,183.0,9.15,4.58,4.58,5,29APZGW9881Q1ZP,192.0,False,False,
professional-00342,professional,2025-09-01,Mon,Uber,Travel,cab,UPI,1,429.0,21.45,10.72,10.72,5,29APZGW9881Q1ZP,450.0,False,False,
professional-00343,professional,2025-09-01,Mon,Cult.fit,Health,salon_gym,Card,1,1695.0,305.1,152.55,152.55,18,29HSITK9933C1ZY,2000.0,True,False,
professional-00344,professional,2025-09-02,Tue,Uber,Travel,cab,Card,1,513.0,25.65,12.82,12.82,5,29APZGW9881Q1ZP,539.0,False,False,
professional-00345,professional,2025-09-02,Tue,Rent - Koramangala flat,Bills & Utilities,other,Card,1,22000.0,0.0,,,,,22000.0,True,False,
professional-00346,professional,2025-09-03,Wed,Starbucks,Food & Dining,restaurant,Cash,2,530.0,26.5,13.25,13.25,5,29CVXJT1220K1ZK,556.0,False,False,
professional-00347,professional,2025-09-03,Wed,Starbucks,Food & Dining,restaurant,Card,2,670.0,33.5,16.75,16.75,5,29CVXJT1220K1ZK,704.0,False,False,
professional-00348,professional,2025-09-03,Wed,Apollo Pharmacy,Health,medicine,UPI,2,430.0,51.6,25.8,25.8,12,29RWDQS3381O1ZI,482.0,False,False,
professional-00349,professional,2025-09-03,Wed,Starbucks,Food & Dining,restaurant,Card,2,670.0,33.5,16.75,16.75,5,29CVXJT1220K1ZK,704.0,False,True,duplicate
professional-00350,professional,2025-09-04,Thu,Swiggy,Food & Dining,restaurant,UPI,3,1670.0,83.5,41.75,41.75,5,29HCXTK4397A1ZS,1754.0,False,False,
professional-00351,professional,2025-09-04,Thu,Toni&Guy,Health,salon_gym,UPI,1,900.0,162.0,81.0,81.0,18,29UIMFB3856O1ZW,1062.0,False,False,
professional-00352,professional,2025-09-05,Fri,Starbucks,Food & Dining,restaurant,UPI,1,250.0,12.5,6.25,6.25,5,29CVXJT1220K1ZK,262.0,False,False,
professional-00353,professional,2025-09-05,Fri,Starbucks,Food & Dining,restaurant,Card,1,250.0,12.5,6.25,6.25,5,29CVXJT1220K1ZK,262.0,False,False,
professional-00354,professional,2025-09-05,Fri,Uber,Travel,cab,Card,1,231.0,11.55,5.78,5.78,5,29APZGW9881Q1ZP,243.0,False,False,
professional-00355,professional,2025-09-05,Fri,Uber,Travel,cab,Cash,1,250.0,12.5,6.25,6.25,5,29APZGW9881Q1ZP,262.0,False,False,
professional-00356,professional,2025-09-06,Sat,BigBasket,Groceries,groceries,Card,2,380.0,19.0,9.5,9.5,5,29FLHAX8175M1ZJ,399.0,False,False,
professional-00357,professional,2025-09-06,Sat,Uber,Travel,cab,Card,1,249.0,12.45,6.22,6.22,5,29APZGW9881Q1ZP,261.0,False,False,
professional-00358,professional,2025-09-06,Sat,PVR Cinemas,Entertainment,movies,Card,2,779.0,140.22,70.11,70.11,18,29HMRFR3835S1Z6,919.0,False,False,
professional-00359,professional,2025-09-06,Sat,PVR Cinemas,Entertainment,movies,UPI,1,380.0,68.4,34.2,34.2,18,29HMRFR3835S1Z6,448.0,False,False,
professional-00360,professional,2025-09-07,Sun,Starbucks,Food & Dining,restaurant,Cash,1,250.0,12.5,6.25,6.25,5,29CVXJT1220K1ZK,262.0,False,False,
professional-00361,professional,2025-09-07,Sun,BigBasket,Groceries,groceries,Card,5,1876.0,93.8,46.9,46.9,5,29FLHAX8175M1ZJ,1970.0,False,False,
professional-00362,professional,2025-09-07,Sun,Uber,Travel,cab,Card,1,496.0,24.8,12.4,12.4,5,29APZGW9881Q1ZP,521.0,False,False,
professional-00363,professional,2025-09-07,Sun,Airtel Xstream Fiber,Bills & Utilities,telecom,Card,1,847.0,152.46,76.23,76.23,18,29LARPZ5412I1ZU,999.0,True,False,
professional-00364,professional,2025-09-08,Mon,PVR Cinemas,Entertainment,movies,UPI,2,645.0,116.1,58.05,58.05,18,29HMRFR3835S1Z6,761.0,False,False,
professional-00365,professional,2025-09-10,Wed,BigBasket,Groceries,groceries,Card,3,488.0,24.4,12.2,12.2,5,29FLHAX8175M1ZJ,512.0,False,False,
professional-00366,professional,2025-09-11,Thu,Amazon,Shopping,electronics,Card,1,4999.0,899.82,449.91,449.91,18,29MQVUC4210V1ZF,5899.0,False,False,
professional-00367,professional,2025-09-12,Fri,Starbucks,Food & Dining,restaurant,Card,1,290.0,14.5,7.25,7.25,5,29CVXJT1220K1ZK,304.0,False,False,
professional-00368,professional,2025-09-12,Fri,Netflix,Entertainment,subscription,Card,1,550.0,99.0,49.5,49.5,18,29GNPUE2767Z1ZA,649.0,True,False,
professional-00369,professional,2025-09-13,Sat,Swiggy,Food & Dining,restaurant,UPI,2,680.0,34.0,17.0,17.0,5,29HCXTK4397A1ZS,714.0,False,False,
professional-00370,professional,2025-09-13,Sat,Swiggy,Food & Dining,restaurant,Card,1,320.0,16.0,8.0,8.0,5,29HCXTK4397A1ZS,336.0,False,False,
professional-00371,professional,2025-09-13,Sat,BigBasket,Groceries,groceries,UPI,5,2016.0,100.8,50.4,50.4,5,29FLHAX8175M1ZJ,2117.0,False,False,
professional-00372,professional,2025-09-13,Sat,Uber,Travel,cab,UPI,1,429.0,21.45,10.72,10.72,5,29APZGW9881Q1ZP,450.0,False,False,
professional-00373,professional,2025-09-14,Sun,Swiggy,Food & Dining,restaurant,UPI,1,760.0,38.0,19.0,19.0,5,29HCXTK4397A1ZS,798.0,False,False,
professional-00374,professional,2025-09-14,Sun,BigBasket,Groceries,groceries,Card,3,857.0,42.85,21.43,21.43,5,29FLHAX8175M1ZJ,900.0,False,False,
professional-00375,professional,2025-09-14,Sun,Uber,Travel,cab,UPI,1,205.0,10.25,5.12,5.12,5,29APZGW9881Q1ZP,215.0,False,False,
professional-00376,professional,2025-09-15,Mon,Starbucks,Food & Dining,restaurant,Card,2,1060.0,53.0,26.5,26.5,5,29CVXJT1220K1ZK,1113.0,False,False,
professional-00377,professional,2025-09-15,Mon,BESCOM,Bills & Utilities,electricity,Card,1,1475.0,0.0,,,,29HLKPB5104M1ZL,1475.0,True,False,
professional-00378,professional,2025-09-16,Tue,Starbucks,Food & Dining,restaurant,Card,1,580.0,29.0,14.5,14.5,5,29CVXJT1220K1ZK,609.0,False,False,
professional-00379,professional,2025-09-16,Tue,Swiggy,Food & Dining,restaurant,Card,3,1350.0,67.5,33.75,33.75,5,29HCXTK4397A1ZS,1418.0,False,False,
professional-00380,professional,2025-09-16,Tue,Truffles,Food & Dining,restaurant,Card,4,1140.0,57.0,28.5,28.5,5,29HNPMA3964I1ZB,1197.0,False,False,
professional-00381,professional,2025-09-16,Tue,Uber,Travel,cab,UPI,1,486.0,24.3,12.15,12.15,5,29APZGW9881Q1ZP,510.0,False,False,
professional-00382,professional,2025-09-17,Wed,PVR Cinemas,Entertainment,movies,UPI,2,772.0,138.96,69.48,69.48,18,29HMRFR3835S1Z6,911.0,False,False,
professional-00383,professional,2025-09-18,Thu,Starbucks,Food & Dining,restaurant,UPI,1,250.0,12.5,6.25,6.25,5,29CVXJT1220K1ZK,262.0,False,False,
professional-00384,professional,2025-09-19,Fri,Starbucks,Food & Dining,restaurant,Card,2,610.0,30.5,15.25,15.25,5,29CVXJT1220K1ZK,640.0,False,False,
professional-00385,professional,2025-09-20,Sat,Swiggy,Food & Dining,restaurant,Card,3,1420.0,71.0,35.5,35.5,5,29HCXTK4397A1ZS,1491.0,False,False,
professional-00386,professional,2025-09-20,Sat,Uber,Travel,cab,UPI,1,281.0,14.05,7.03,7.03,5,29APZGW9881Q1ZP,295.0,False,False,
professional-00387,professional,2025-09-21,Sun,Truffles,Food & Dining,restaurant,Card,4,1530.0,76.5,38.25,38.25,5,29HNPMA3964I1ZB,1606.0,False,False,
professional-00388,professional,2025-09-21,Sun,Uber,Travel,cab,UPI,1,377.0,18.85,9.43,9.43,5,29APZGW9881Q1ZP,396.0,False,False,
professional-00389,professional,2025-09-22,Mon,Uber,Travel,cab,Card,1,477.0,23.85,11.93,11.93,5,29APZGW9881Q1ZP,501.0,False,False,
professional-00390,professional,2025-09-22,Mon,Uber,Travel,cab,UPI,1,422.0,21.1,10.55,10.55,5,29APZGW9881Q1ZP,443.0,False,False,
professional-00391,professional,2025-09-22,Mon,Uber,Travel,cab,UPI,1,206.0,10.3,5.15,5.15,5,29APZGW9881Q1ZP,216.0,False,False,
professional-00392,professional,2025-09-23,Tue,Starbucks,Food & Dining,restaurant,UPI,2,540.0,27.0,13.5,13.5,5,29CVXJT1220K1ZK,567.0,False,False,
professional-00393,professional,2025-09-23,Tue,Swiggy,Food & Dining,restaurant,Card,1,260.0,13.0,6.5,6.5,5,29HCXTK4397A1ZS,273.0,False,False,
professional-00394,professional,2025-09-24,Wed,Swiggy,Food & Dining,restaurant,Cash,3,1090.0,54.5,27.25,27.25,5,29HCXTK4397A1ZS,1144.0,False,False,
professional-00395,professional,2025-09-24,Wed,Uber,Travel,cab,Card,1,357.0,17.85,8.93,8.93,5,29APZGW9881Q1ZP,375.0,False,False,
professional-00396,professional,2025-09-25,Thu,Uber,Travel,cab,UPI,1,370.0,18.5,9.25,9.25,5,29APZGW9881Q1ZP,388.0,False,False,
professional-00397,professional,2025-09-25,Thu,PVR Cinemas,Entertainment,movies,UPI,1,380.0,68.4,34.2,34.2,18,29HMRFR3835S1Z6,448.0,False,False,
professional-00398,professional,2025-09-26,Fri,Uber,Travel,cab,Card,1,469.0,23.45,11.72,11.72,5,29APZGW9881Q1ZP,492.0,False,False,
professional-00399,professional,2025-09-26,Fri,Uber,Travel,cab,Card,1,302.0,15.1,7.55,7.55,5,29APZGW9881Q1ZP,317.0,False,False,
professional-00400,professional,2025-09-26,Fri,Zara,Shopping,clothing,UPI,1,3990.0,718.2,359.1,359.1,18,29NTQEA9173M1Z8,4708.0,False,False,
professional-00401,professional,2025-09-27,Sat,Truffles,Food & Dining,restaurant,Card,3,790.0,39.5,19.75,19.75,5,29HNPMA3964I1ZB,830.0,False,False,
professional-00402,professional,2025-09-27,Sat,Zara,Shopping,clothing,Card,1,1290.0,64.5,32.25,32.25,5,29NTQEA9173M1Z8,1354.0,False,False,
professional-00403,professional,2025-09-28,Sun,Swiggy,Food & Dining,restaurant,UPI,2,840.0,42.0,21.0,21.0,5,29HCXTK4397A1ZS,882.0,False,False,
professional-00404,professional,2025-09-29,Mon,Starbucks,Food & Dining,restaurant,UPI,2,540.0,27.0,13.5,13.5,5,29CVXJT1220K1ZK,567.0,False,False,
professional-00405,professional,2025-09-30,Tue,Swiggy,Food & Dining,restaurant,UPI,1,320.0,16.0,8.0,8.0,5,29HCXTK4397A1ZS,336.0,False,False,
professional-00406,professional,2025-09-30,Tue,Uber,Travel,cab,Card,1,192.0,9.6,4.8,4.8,5,29APZGW9881Q1ZP,202.0,False,False,
professional-00407,professional,2025-10-01,Wed,Cult.fit,Health,salon_gym,Card,1,1695.0,84.75,42.38,42.38,5,29HSITK9933C1ZY,1780.0,True,False,
professional-00408,professional,2025-10-02,Thu,Rent - Koramangala flat,Bills & Utilities,other,Card,1,22000.0,0.0,,,,,22000.0,True,False,
professional-00409,professional,2025-10-03,Fri,Uber,Travel,cab,Card,1,278.0,13.9,6.95,6.95,5,29APZGW9881Q1ZP,292.0,False,False,
professional-00410,professional,2025-10-03,Fri,Uber,Travel,cab,UPI,1,409.0,20.45,10.22,10.22,5,29APZGW9881Q1ZP,429.0,False,False,
professional-00411,professional,2025-10-04,Sat,Swiggy,Food & Dining,restaurant,Card,1,900.0,45.0,22.5,22.5,5,29HCXTK4397A1ZS,945.0,False,False,
professional-00412,professional,2025-10-04,Sat,Swiggy,Food & Dining,restaurant,UPI,1,450.0,22.5,11.25,11.25,5,29HCXTK4397A1ZS,472.0,False,False,
professional-00413,professional,2025-10-04,Sat,Uber,Travel,cab,UPI,1,415.0,20.75,10.38,10.38,5,29APZGW9881Q1ZP,436.0,False,False,
professional-00414,professional,2025-10-05,Sun,Truffles,Food & Dining,restaurant,UPI,2,740.0,37.0,18.5,18.5,5,29HNPMA3964I1ZB,777.0,False,False,
professional-00415,professional,2025-10-05,Sun,BigBasket,Groceries,groceries,Card,2,380.0,19.0,9.5,9.5,5,29FLHAX8175M1ZJ,399.0,False,False,
professional-00416,professional,2025-10-05,Sun,Uber,Travel,cab,Card,1,446.0,22.3,11.15,11.15,5,29APZGW9881Q1ZP,468.0,False,False,
professional-00417,professional,2025-10-05,Sun,Truffles,Food & Dining,restaurant,UPI,2,740.0,37.0,18.5,18.5,5,29HNPMA3964I1ZB,777.0,False,True,duplicate
professional-00418,professional,2025-10-06,Mon,Starbucks,Food & Dining,restaurant,UPI,2,530.0,26.5,13.25,13.25,5,29CVXJT1220K1ZK,556.0,False,False,
professional-00419,professional,2025-10-06,Mon,Swiggy,Food & Dining,restaurant,Card,2,580.0,29.0,14.5,14.5,5,29HCXTK4397A1ZS,609.0,False,False,
professional-00420,professional,2025-10-06,Mon,BigBasket,Groceries,groceries,UPI,5,2028.0,101.4,50.7,50.7,5,29FLHAX8175M1ZJ,2129.0,False,False,
professional-00421,professional,2025-10-06,Mon,Uber,Travel,cab,UPI,1,491.0,24.55,12.28,12.28,5,29APZGW9881Q1ZP,516.0,False,False,
professional-00422,professional,2025-10-06,Mon,Uber,Travel,cab,UPI,1,477.0,23.85,11.93,11.93,5,29APZGW9881Q1ZP,501.0,False,False,
professional-00423,professional,2025-10-07,Tue,Uber,Travel,cab,Card,1,310.0,15.5,7.75,7.75,5,29APZGW9881Q1ZP,326.0,False,False,
professional-00424,professional,2025-10-07,Tue,Amazon,Shopping,electronics,UPI,1,2999.0,539.82,269.91,269.91,18,29MQVUC4210V1ZF,3539.0,False,False,
professional-00425,professional,2025-10-07,Tue,Airtel Xstream Fiber,Bills & Utilities,telecom,Card,1,847.0,152.46,76.23,76.23,18,29LARPZ5412I1ZU,999.0,True,False,
professional-00426,professional,2025-10-08,Wed,Swiggy,Food & Dining,restaurant,UPI,2,640.0,32.0,16.0,16.0,5,29HCXTK4397A1ZS,672.0,False,False,
professional-00427,professional,2025-10-09,Thu,BigBasket,Groceries,groceries,Card,2,559.0,27.95,13.97,13.97,5,29FLHAX8175M1ZJ,587.0,False,False,
professional-00428,professional,2025-10-10,Fri,Starbucks,Food & Dining,restaurant,Card,2,790.0,39.5,19.75,19.75,5,29CVXJT1220K1ZK,830.0,False,False,
professional-00429,professional,2025-10-10,Fri,Uber,Travel,cab,UPI,1,478.0,23.9,11.95,11.95,5,29APZGW9881Q1ZP,502.0,False,False,
professional-00430,professional,2025-10-11,Sat,Swiggy,Food & Dining,restaurant,UPI,3,1000.0,50.0,25.0,25.0,5,29HCXTK4397A1ZS,1050.0,False,False,
professional-00431,professional,2025-10-11,Sat,Truffles,Food & Dining,restaurant,UPI,2,570.0,28.5,14.25,14.25,5,29HNPMA3964I1ZB,598.0,False,False,
professional-00432,professional,2025-10-11,Sat,BigBasket,Groceries,groceries,Card,5,1686.0,84.3,42.15,42.15,5,29FLHAX8175M1ZJ,1770.0,False,False,
professional-00433,professional,2025-10-12,Sun,Swiggy,Food & Dining,restaurant,UPI,2,700.0,35.0,17.5,17.5,5,29HCXTK4397A1ZS,735.0,False,False,
professional-00434,professional,2025-10-12,Sun,Uber,Travel,cab,UPI,1,246.0,12.3,6.15,6.15,5,29APZGW9881Q1ZP,258.0,False,False,
professional-00435,professional,2025-10-12,Sun,Zara,Shopping,clothing,UPI,2,6280.0,1130.4,565.2,565.2,18,29NTQEA9173M1Z8,7410.0,False,False,
professional-00436,professional,2025-10-12,Sun,Netflix,Entertainment,subscription,Card,1,550.0,99.0,49.5,49.5,18,29GNPUE2767Z1ZA,649.0,True,False,
professional-00437,professional,2025-10-13,Mon,Starbucks,Food & Dining,restaurant,Card,2,460.0,23.0,11.5,11.5,5,29CVXJT1220K1ZK,483.0,False,False,
professional-00438,professional,2025-10-13,Mon,Starbucks,Food & Dining,restaurant,Card,2,850.0,42.5,21.25,21.25,5,29CVXJT1220K1ZK,892.0,False,False,
professional-00439,professional,2025-10-13,Mon,Swiggy,Food & Dining,restaurant,UPI,2,770.0,38.5,19.25,19.25,5,29HCXTK4397A1ZS,808.0,False,False,
professional-00440,professional,2025-10-13,Mon,BigBasket,Groceries,groceries,Card,5,1237.0,61.85,30.93,30.93,5,29FLHAX8175M1ZJ,1299.0,False,False,
professional-00441,professional,2025-10-13,Mon,Uber,Travel,cab,Cash,1,507.0,25.35,12.68,12.68,5,29APZGW9881Q1ZP,532.0,False,False,
professional-00442,professional,2025-10-13,Mon,Uber,Travel,cab,UPI,1,337.0,16.85,8.43,8.43,5,29APZGW9881Q1ZP,354.0,False,False,
professional-00443,professional,2025-10-14,Tue,Starbucks,Food & Dining,restaurant,Card,1,250.0,12.5,6.25,6.25,5,29CVXJT1220K1ZK,262.0,False,False,
professional-00444,professional,2025-10-14,Tue,Uber,Travel,cab,UPI,1,483.0,24.15,12.07,12.07,5,29APZGW9881Q1ZP,507.0,False,False,
professional-00445,professional,2025-10-14,Tue,Zara,Shopping,clothing,Card,2,6280.0,1130.4,565.2,565.2,18,29NTQEA9173M1Z8,7410.0,False,False,
professional-00446,professional,2025-10-15,Wed,Swiggy,Food & Dining,restaurant,UPI,3,1120.0,56.0,28.0,28.0,5,29HCXTK4397A1ZS,1176.0,False,False,
professional-00447,professional,2025-10-15,Wed,Swiggy,Food & Dining,restaurant,UPI,2,940.0,47.0,23.5,23.5,5,29HCXTK4397A1ZS,987.0,False,False,
professional-00448,professional,2025-10-15,Wed,Zara,Shopping,clothing,Card,2,6980.0,1256.4,628.2,628.2,18,29NTQEA9173M1Z8,8236.0,False,False,
professional-00449,professional,2025-10-15,Wed,BESCOM,Bills & Utilities,electricity,Card,1,1231.0,0.0,,,,29HLKPB5104M1ZL,1231.0,True,False,
professional-00450,professional,2025-10-16,Thu,Swiggy,Food & Dining,restaurant,UPI,3,1120.0,56.0,28.0,28.0,5,29HCXTK4397A1ZS,1176.0,False,False,
professional-00451,professional,2025-10-16,Thu,Uber,Travel,cab,Card,1,450.0,22.5,11.25,11.25,5,29APZGW9881Q1ZP,472.0,False,False,
professional-00452,professional,2025-10-20,Mon,Starbucks,Food & Dining,restaurant,Card,2,610.0,30.5,15.25,15.25,5,29CVXJT1220K1ZK,640.0,False,False,
professional-00453,professional,2025-10-20,Mon,Starbucks,Food & Dining,restaurant,UPI,1,210.0,10.5,5.25,5.25,5,29CVXJT1220K1ZK,220.0,False,False,
professional-00454,professional,2025-10-20,Mon,Swiggy,Food & Dining,restaurant,UPI,2,680.0,34.0,17.0,17.0,5,29HCXTK4397A1ZS,714.0,False,False,
professional-00455,professional,2025-10-20,Mon,Starbucks,Food & Dining,restaurant,UPI,1,210.0,10.5,5.25,5.25,5,29CVXJT1220K1ZK,220.0,False,True,duplicate
professional-00456,professional,2025-10-21,Tue,Uber,Travel,cab,UPI,1,216.0,10.8,5.4,5.4,5,29APZGW9881Q1ZP,227.0,False,False,
professional-00457,professional,2025-10-22,Wed,Truffles,Food & Dining,restaurant,UPI,4,1360.0,68.0,34.0,34.0,5,29HNPMA3964I1ZB,1428.0,False,False,
professional-00458,professional,2025-10-23,Thu,Starbucks,Food & Dining,restaurant,Card,2,740.0,37.0,18.5,18.5,5,29CVXJT1220K1ZK,777.0,False,False,
professional-00459,professional,2025-10-23,Thu,Starbucks,Food & Dining,restaurant,Card,2,460.0,23.0,11.5,11.5,5,29CVXJT1220K1ZK,483.0,False,False,
professional-00460,professional,2025-10-23,Thu,Uber,Travel,cab,Card,1,433.0,21.65,10.82,10.82,5,29APZGW9881Q1ZP,455.0,False,False,
professional-00461,professional,2025-10-23,Thu,Uber,Travel,cab,Card,1,245.0,12.25,6.12,6.12,5,29APZGW9881Q1ZP,257.0,False,False,
professional-00462,professional,2025-10-24,Fri,Uber,Travel,cab,Card,1,188.0,9.4,4.7,4.7,5,29APZGW9881Q1ZP,197.0,False,False,
professional-00463,professional,2025-10-24,Fri,Zara,Shopping,clothing,UPI,1,3990.0,718.2,359.1,359.1,18,29NTQEA9173M1Z8,4708.0,False,False,
professional-00464,professional,2025-10-25,Sat,Swiggy,Food & Dining,restaurant,Cash,3,1510.0,75.5,37.75,37.75,5,29HCXTK4397A1ZS,1586.0,False,False,
professional-00465,professional,2025-10-25,Sat,BigBasket,Groceries,groceries,Card,5,1876.0,93.8,46.9,46.9,5,29FLHAX8175M1ZJ,1970.0,False,False,
professional-00466,professional,2025-10-25,Sat,BigBasket,Groceries,groceries,Card,4,1426.0,71.3,35.65,35.65,5,29FLHAX8175M1ZJ,1497.0,False,False,
professional-00467,professional,2025-10-25,Sat,Zara,Shopping,clothing,UPI,1,2990.0,538.2,269.1,269.1,18,29NTQEA9173M1Z8,3528.0,False,False,
professional-00468,professional,2025-10-26,Sun,Swiggy,Food & Dining,restaurant,UPI,1,420.0,21.0,10.5,10.5,5,29HCXTK4397A1ZS,441.0,False,False,
professional-00469,professional,2025-10-26,Sun,Swiggy,Food & Dining,restaurant,Card,1,320.0,16.0,8.0,8.0,5,29HCXTK4397A1ZS,336.0,False,False,
professional-00470,professional,2025-10-26,Sun,Uber,Travel,cab,UPI,1,334.0,16.7,8.35,8.35,5,29APZGW9881Q1ZP,351.0,False,False,
professional-00471,professional,2025-10-27,Mon,Starbucks,Food & Dining,restaurant,Cash,1,210.0,10.5,5.25,5.25,5,29CVXJT1220K1ZK,220.0,False,False,
professional-00472,professional,2025-10-28,Tue,Swiggy,Food & Dining,restaurant,Cash,3,1120.0,56.0,28.0,28.0,5,29HCXTK4397A1ZS,1176.0,False,False,
professional-00473,professional,2025-10-28,Tue,Swiggy,Food & Dining,restaurant,Card,1,260.0,13.0,6.5,6.5,5,29HCXTK4397A1ZS,273.0,False,False,
professional-00474,professional,2025-10-28,Tue,Uber,Travel,cab,UPI,1,241.0,12.05,6.03,6.03,5,29APZGW9881Q1ZP,253.0,False,False,
professional-00475,professional,2025-10-29,Wed,Uber,Travel,cab,Card,1,426.0,21.3,10.65,10.65,5,29APZGW9881Q1ZP,447.0,False,False,
professional-00476,professional,2025-10-29,Wed,IndiGo,Travel,air,UPI,1,9174.0,458.7,229.35,229.35,5,29AGECY6169O1ZT,9633.0,False,False,
professional-00477,professional,2025-10-30,Thu,PVR Cinemas,Entertainment,movies,UPI,1,380.0,68.4,34.2,34.2,18,29HMRFR3835S1Z6,448.0,False,False,
professional-00478,professional,2025-10-31,Fri,Uber,Travel,cab,Card,1,221.0,11.05,5.53,5.53,5,29APZGW9881Q1ZP,232.0,False,False,
professional-00479,professional,2025-11-01,Sat,Starbucks,Food & Dining,restaurant,Card,1,320.0,16.0,8.0,8.0,5,29CVXJT1220K1ZK,336.0,False,False,
professional-00480,professional,2025-11-01,Sat,Uber,Travel,cab,Card,1,221.0,11.05,5.53,5.53,5,29APZGW9881Q1ZP,232.0,False,False,
professional-00481,professional,2025-11-01,Sat,Uber,Travel,cab,Card,1,503.0,25.15,12.57,12.57,5,29APZGW9881Q1ZP,528.0,False,False,
professional-00482,professional,2025-11-01,Sat,Cult.fit,Health,salon_gym,Card,1,1695.0,84.75,42.38,42.38,5,29HSITK9933C1ZY,1780.0,True,False,
professional-00483,professional,2025-11-02,Sun,Swiggy,Food & Dining,restaurant,Card,3,960.0,48.0,24.0,24.0,5,29HCXTK4397A1ZS,1008.0,False,False,
professional-00484,professional,2025-11-02,Sun,BigBasket,Groceries,groceries,UPI,3,1609.0,80.45,40.23,40.23,5,29FLHAX8175M1ZJ,1689.0,False,False,
professional-00485,professional,2025-11-02,Sun,Rent - Koramangala flat,Bills & Utilities,other,Card,1,22000.0,0.0,,,,,22000.0,True,False,
professional-00486,professional,2025-11-03,Mon,Swiggy,Food & Dining,restaurant,UPI,3,1800.0,90.0,45.0,45.0,5,29HCXTK4397A1ZS,1890.0,False,False,
professional-00487,professional,2025-11-03,Mon,Uber,Travel,cab,UPI,1,503.0,25.15,12.57,12.57,5,29APZGW9881Q1ZP,528.0,False,False,
professional-00488,professional,2025-11-03,Mon,Uber,Travel,cab,UPI,1,468.0,23.4,11.7,11.7,5,29APZGW9881Q1ZP,491.0,False,False,
professional-00489,professional,2025-11-04,Tue,Swiggy,Food & Dining,restaurant,Card,1,900.0,45.0,22.5,22.5,5,29HCXTK4397A1ZS,945.0,False,False,
professional-00490,professional,2025-11-04,Tue,Swiggy,Food & Dining,restaurant,UPI,2,830.0,41.5,20.75,20.75,5,29HCXTK4397A1ZS,872.0,False,False,
professional-00491,professional,2025-11-04,Tue,Zara,Shopping,clothing,Card,1,2990.0,538.2,269.1,269.1,18,29NTQEA9173M1Z8,3528.0,False,False,
professional-00492,professional,2025-11-05,Wed,Swiggy,Food & Dining,restaurant,UPI,3,1090.0,54.5,27.25,27.25,5,29HCXTK4397A1ZS,1144.0,False,False,
professional-00493,professional,2025-11-05,Wed,Uber,Travel,cab,Cash,1,371.0,18.55,9.28,9.28,5,29APZGW9881Q1ZP,390.0,False,False,
professional-00494,professional,2025-11-05,Wed,Uber,Travel,cab,UPI,1,498.0,24.9,12.45,12.45,5,29APZGW9881Q1ZP,523.0,False,False,
professional-00495,professional,2025-11-06,Thu,Uber,Travel,cab,Card,1,388.0,19.4,9.7,9.7,5,29APZGW9881Q1ZP,407.0,False,False,
professional-00496,professional,2025-11-07,Fri,Starbucks,Food & Dining,restaurant,UPI,1,500.0,25.0,12.5,12.5,5,29CVXJT1220K1ZK,525.0,False,False,
professional-00497,professional,2025-11-07,Fri,Airtel Xstream Fiber,Bills & Utilities,telecom,Card,1,847.0,152.46,76.23,76.23,18,29LARPZ5412I1ZU,999.0,True,False,
professional-00498,professional,2025-11-08,Sat,Swiggy,Food & Dining,restaurant,Card,3,1150.0,57.5,28.75,28.75,5,29HCXTK4397A1ZS,1208.0,False,False,
professional-00499,professional,2025-11-08,Sat,Uber,Travel,cab,UPI,1,339.0,16.95,8.47,8.47,5,29APZGW9881Q1ZP,356.0,False,False,
professional-00500,professional,2025-11-09,Sun,Uber,Travel,cab,Card,1,196.0,9.8,4.9,4.9,5,29APZGW9881Q1ZP,206.0,False,False,
professional-00501,professional,2025-11-10,Mon,Uber,Travel,cab,Card,1,247.0,12.35,6.17,6.17,5,29APZGW9881Q1ZP,259.0,False,False,
professional-00502,professional,2025-11-11,Tue,Apollo Pharmacy,Health,medicine,Cash,2,345.0,17.25,8.62,8.62,5,29RWDQS3381O1ZI,362.0,False,False,
professional-00503,professional,2025-11-12,Wed,Starbucks,Food & Dining,restaurant,UPI,2,790.0,39.5,19.75,19.75,5,29CVXJT1220K1ZK,830.0,False,False,
professional-00504,professional,2025-11-12,Wed,Swiggy,Food & Dining,restaurant,Card,3,1090.0,54.5,27.25,27.25,5,29HCXTK4397A1ZS,1144.0,False,False,
professional-00505,professional,2025-11-12,Wed,Uber,Travel,cab,Card,1,361.0,18.05,9.03,9.03,5,29APZGW9881Q1ZP,379.0,False,False,
professional-00506,professional,2025-11-12,Wed,Amazon,Shopping,electronics,Card,1,1299.0,233.82,116.91,116.91,18,29MQVUC4210V1ZF,1533.0,False,False,
professional-00507,professional,2025-11-12,Wed,Netflix,Entertainment,subscription,Card,1,550.0,99.0,49.5,49.5,18,29GNPUE2767Z1ZA,649.0,True,False,
professional-00508,professional,2025-11-13,Thu,Swiggy,Food & Dining,restaurant,Card,3,1190.0,59.5,29.75,29.75,5,29HCXTK4397A1ZS,1250.0,False,False,
professional-00509,professional,2025-11-13,Thu,Uber,Travel,cab,Card,1,224.0,11.2,5.6,5.6,5,29APZGW9881Q1ZP,235.0,False,False,
professional-00510,professional,2025-11-13,Thu,Toni&Guy,Health,salon_gym,Card,1,1800.0,90.0,45.0,45.0,5,29UIMFB3856O1ZW,1890.0,False,False,
professional-00511,professional,2025-11-15,Sat,Swiggy,Food & Dining,restaurant,Card,3,1670.0,83.5,41.75,41.75,5,29HCXTK4397A1ZS,1754.0,False,False,
professional-00512,professional,2025-11-15,Sat,Swiggy,Food & Dining,restaurant,UPI,1,380.0,19.0,9.5,9.5,5,29HCXTK4397A1ZS,399.0,False,False,
professional-00513,professional,2025-11-15,Sat,BigBasket,Groceries,groceries,UPI,3,830.0,41.5,20.75,20.75,5,29FLHAX8175M1ZJ,872.0,False,False,
professional-00514,professional,2025-11-15,Sat,Uber,Travel,cab,Cash,1,493.0,24.65,12.32,12.32,5,29APZGW9881Q1ZP,518.0,False,False,
professional-00515,professional,2025-11-15,Sat,Uber,Travel,cab,UPI,1,424.0,21.2,10.6,10.6,5,29APZGW9881Q1ZP,445.0,False,False,
professional-00516,professional,2025-11-15,Sat,BESCOM,Bills & Utilities,electricity,Card,1,1849.0,0.0,,,,29HLKPB5104M1ZL,1849.0,True,False,
professional-00517,professional,2025-11-15,Sat,BigBasket,Groceries,groceries,UPI,3,830.0,41.5,20.75,20.75,5,29FLHAX8175M1ZJ,872.0,False,True,duplicate
professional-00518,professional,2025-11-16,Sun,Starbucks,Food & Dining,restaurant,Card,1,500.0,25.0,12.5,12.5,5,29CVXJT1220K1ZK,525.0,False,False,
professional-00519,professional,2025-11-16,Sun,Apollo Pharmacy,Health,medicine,UPI,1,310.0,15.5,7.75,7.75,5,29RWDQS3381O1ZI,326.0,False,False,
professional-00520,professional,2025-11-17,Mon,Starbucks,Food & Dining,restaurant,UPI,1,1337,66.85,33.42,33.42,5,29CVXJT1220K1ZK,1404.0,False,True,spike
professional-00521,professional,2025-11-17,Mon,Swiggy,Food & Dining,restaurant,Card,2,1220.0,61.0,30.5,30.5,5,29HCXTK4397A1ZS,1281.0,False,False,
professional-00522,professional,2025-11-17,Mon,PVR Cinemas,Entertainment,movies,Card,2,803.0,144.54,72.27,72.27,18,29HMRFR3835S1Z6,948.0,False,False,
professional-00523,professional,2025-11-18,Tue,Truffles,Food & Dining,restaurant,UPI,2,570.0,28.5,14.25,14.25,5,29HNPMA3964I1ZB,598.0,False,False,
professional-00524,professional,2025-11-18,Tue,Uber,Travel,cab,UPI,1,308.0,15.4,7.7,7.7,5,29APZGW9881Q1ZP,323.0,False,False,
professional-00525,professional,2025-11-19,Wed,Starbucks,Food & Dining,restaurant,UPI,1,290.0,14.5,7.25,7.25,5,29CVXJT1220K1ZK,304.0,False,False,
professional-00526,professional,2025-11-19,Wed,Starbucks,Food & Dining,restaurant,Card,1,210.0,10.5,5.25,5.25,5,29CVXJT1220K1ZK,220.0,False,False,
professional-00527,professional,2025-11-19,Wed,Starbucks,Food & Dining,restaurant,UPI,1,290.0,14.5,7.25,7.25,5,29CVXJT1220K1ZK,304.0,False,False,
professional-00528,professional,2025-11-20,Thu,Swiggy,Food & Dining,restaurant,UPI,2,830.0,41.5,20.75,20.75,5,29HCXTK4397A1ZS,872.0,False,False,
professional-00529,professional,2025-11-21,Fri,Uber,Travel,cab,Card,1,262.0,13.1,6.55,6.55,5,29APZGW9881Q1ZP,275.0,False,False,
professional-00530,professional,2025-11-23,Sun,Starbucks,Food & Dining,restaurant,Card,2,610.0,30.5,15.25,15.25,5,29CVXJT1220K1ZK,640.0,False,False,
professional-00531,professional,2025-11-23,Sun,Swiggy,Food & Dining,restaurant,Card,1,420.0,21.0,10.5,10.5,5,29HCXTK4397A1ZS,441.0,False,False,
professional-00532,professional,2025-11-23,Sun,Uber,Travel,cab,UPI,1,220.0,11.0,5.5,5.5,5,29APZGW9881Q1ZP,231.0,False,False,
professional-00533,professional,2025-11-24,Mon,Uber,Travel,cab,UPI,1,456.0,22.8,11.4,11.4,5,29APZGW9881Q1ZP,479.0,False,False,
professional-00534,professional,2025-11-25,Tue,Starbucks,Food & Dining,restaurant,UPI,2,710.0,35.5,17.75,17.75,5,29CVXJT1220K1ZK,746.0,False,False,
professional-00535,professional,2025-11-25,Tue,BigBasket,Groceries,groceries,Card,5,1837.0,91.85,45.92,45.92,5,29FLHAX8175M1ZJ,1929.0,False,False,
professional-00536,professional,2025-11-26,Wed,Starbucks,Food & Dining,restaurant,Card,2,530.0,26.5,13.25,13.25,5,29CVXJT1220K1ZK,556.0,False,False,
professional-00537,professional,2025-11-26,Wed,Uber,Travel,cab,Card,1,338.0,16.9,8.45,8.45,5,29APZGW9881Q1ZP,355.0,False,False,
professional-00538,professional,2025-11-28,Fri,Uber,Travel,cab,Card,1,211.0,10.55,5.28,5.28,5,29APZGW9881Q1ZP,222.0,False,False,
professional-00539,professional,2025-11-29,Sat,Swiggy,Food & Dining,restaurant,Card,2,1160.0,58.0,29.0,29.0,5,29HCXTK4397A1ZS,1218.0,False,False,
professional-00540,professional,2025-11-29,Sat,Uber,Travel,cab,Card,1,261.0,13.05,6.53,6.53,5,29APZGW9881Q1ZP,274.0,False,False,
professional-00541,professional,2025-11-30,Sun,Swiggy,Food & Dining,restaurant,UPI,3,960.0,48.0,24.0,24.0,5,29HCXTK4397A1ZS,1008.0,False,False,
professional-00542,professional,2025-11-30,Sun,BigBasket,Groceries,groceries,Card,4,1756.0,87.8,43.9,43.9,5,29FLHAX8175M1ZJ,1844.0,False,False,
professional-00543,professional,2025-12-01,Mon,Swiggy,Food & Dining,restaurant,UPI,2,1160.0,58.0,29.0,29.0,5,29HCXTK4397A1ZS,1218.0,False,False,
professional-00544,professional,2025-12-01,Mon,Cult.fit,Health,salon_gym,Card,1,1695.0,84.75,42.38,42.38,5,29HSITK9933C1ZY,1780.0,True,False,
professional-00545,professional,2025-12-02,Tue,Uber,Travel,cab,UPI,1,224.0,11.2,5.6,5.6,5,29APZGW9881Q1ZP,235.0,False,False,
professional-00546,professional,2025-12-02,Tue,Uber,Travel,cab,UPI,1,501.0,25.05,12.53,12.53,5,29APZGW9881Q1ZP,526.0,False,False,
professional-00547,professional,2025-12-02,Tue,Rent - Koramangala flat,Bills & Utilities,other,Card,1,22000.0,0.0,,,,,22000.0,True,False,
professional-00548,professional,2025-12-04,Thu,Starbucks,Food & Dining,restaurant,Card,2,460.0,23.0,11.5,11.5,5,29CVXJT1220K1ZK,483.0,False,False,
professional-00549,professional,2025-12-05,Fri,Uber,Travel,cab,Card,1,508.0,25.4,12.7,12.7,5,29APZGW9881Q1ZP,533.0,False,False,
professional-00550,professional,2025-12-06,Sat,Uber,Travel,cab,UPI,1,209.0,10.45,5.22,5.22,5,29APZGW9881Q1ZP,219.0,False,False,
professional-00551,professional,2025-12-06,Sat,PVR Cinemas,Entertainment,movies,Card,2,764.0,137.52,68.76,68.76,18,29HMRFR3835S1Z6,902.0,False,False,
professional-00552,professional,2025-12-07,Sun,Airtel Xstream Fiber,Bills & Utilities,telecom,Card,1,847.0,152.46,76.23,76.23,18,29LARPZ5412I1ZU,999.0,True,False,
professional-00553,professional,2025-12-08,Mon,Starbucks,Food & Dining,restaurant,Cash,1,290.0,14.5,7.25,7.25,5,29CVXJT1220K1ZK,304.0,False,False,
professional-00554,professional,2025-12-08,Mon,Swiggy,Food & Dining,restaurant,UPI,2,770.0,38.5,19.25,19.25,5,29HCXTK4397A1ZS,808.0,False,False,
professional-00555,professional,2025-12-08,Mon,Truffles,Food & Dining,restaurant,Card,2,400.0,20.0,10.0,10.0,5,29HNPMA3964I1ZB,420.0,False,False,
professional-00556,professional,2025-12-09,Tue,Starbucks,Food & Dining,restaurant,Card,2,540.0,27.0,13.5,13.5,5,29CVXJT1220K1ZK,567.0,False,False,
professional-00557,professional,2025-12-09,Tue,Swiggy,Food & Dining,restaurant,Card,2,1090.0,54.5,27.25,27.25,5,29HCXTK4397A1ZS,1144.0,False,False,
professional-00558,professional,2025-12-09,Tue,BigBasket,Groceries,groceries,UPI,4,1908.0,95.4,47.7,47.7,5,29FLHAX8175M1ZJ,2003.0,False,False,
professional-00559,professional,2025-12-10,Wed,Swiggy,Food & Dining,restaurant,UPI,3,1250.0,62.5,31.25,31.25,5,29HCXTK4397A1ZS,1312.0,False,False,
professional-00560,professional,2025-12-10,Wed,Swiggy,Food & Dining,restaurant,Card,2,870.0,43.5,21.75,21.75,5,29HCXTK4397A1ZS,914.0,False,False,
professional-00561,professional,2025-12-11,Thu,Starbucks,Food & Dining,restaurant,UPI,2,900.0,45.0,22.5,22.5,5,29CVXJT1220K1ZK,945.0,False,False,
professional-00562,professional,2025-12-12,Fri,Starbucks,Food & Dining,restaurant,UPI,1,210.0,10.5,5.25,5.25,5,29CVXJT1220K1ZK,220.0,False,False,
professional-00563,professional,2025-12-12,Fri,Uber,Travel,cab,Card,1,353.0,17.65,8.82,8.82,5,29APZGW9881Q1ZP,371.0,False,False,
professional-00564,professional,2025-12-12,Fri,Uber,Travel,cab,UPI,1,402.0,20.1,10.05,10.05,5,29APZGW9881Q1ZP,422.0,False,False,
professional-00565,professional,2025-12-12,Fri,Netflix,Entertainment,subscription,Card,1,550.0,99.0,49.5,49.5,18,29GNPUE2767Z1ZA,649.0,True,False,
professional-00566,professional,2025-12-13,Sat,Swiggy,Food & Dining,restaurant,Card,3,1130.0,56.5,28.25,28.25,5,29HCXTK4397A1ZS,1186.0,False,False,
professional-00567,professional,2025-12-13,Sat,Truffles,Food & Dining,restaurant,UPI,2,530.0,26.5,13.25,13.25,5,29HNPMA3964I1ZB,556.0,False,False,
professional-00568,professional,2025-12-13,Sat,Uber,Travel,cab,Card,1,323.0,16.15,8.07,8.07,5,29APZGW9881Q1ZP,339.0,False,False,
professional-00569,professional,2025-12-13,Sat,Uber,Travel,cab,Card,1,360.0,18.0,9.0,9.0,5,29APZGW9881Q1ZP,378.0,False,False,
professional-00570,professional,2025-12-15,Mon,Starbucks,Food & Dining,restaurant,UPI,1,250.0,12.5,6.25,6.25,5,29CVXJT1220K1ZK,262.0,False,False,
professional-00571,professional,2025-12-15,Mon,Uber,Travel,cab,UPI,1,199.0,9.95,4.97,4.97,5,29APZGW9881Q1ZP,209.0,False,False,
professional-00572,professional,2025-12-15,Mon,BESCOM,Bills & Utilities,electricity,Card,1,2060.0,0.0,,,,29HLKPB5104M1ZL,2060.0,True,False,
professional-00573,professional,2025-12-16,Tue,Uber,Travel,cab,UPI,1,385.0,19.25,9.62,9.62,5,29APZGW9881Q1ZP,404.0,False,False,
professional-00574,professional,2025-12-18,Thu,Starbucks,Food & Dining,restaurant,Card,1,290.0,14.5,7.25,7.25,5,29CVXJT1220K1ZK,304.0,False,False,
professional-00575,professional,2025-12-18,Thu,Uber,Travel,cab,Card,1,389.0,19.45,9.72,9.72,5,29APZGW9881Q1ZP,408.0,False,False,
professional-00576,professional,2025-12-19,Fri,Uber,Travel,cab,UPI,1,306.0,15.3,7.65,7.65,5,29APZGW9881Q1ZP,321.0,False,False,
professional-00577,professional,2025-12-19,Fri,Uber,Travel,cab,Card,1,395.0,19.75,9.88,9.88,5,29APZGW9881Q1ZP,415.0,False,False,
professional-00578,professional,2025-12-20,Sat,Swiggy,Food & Dining,restaurant,UPI,3,1290.0,64.5,32.25,32.25,5,29HCXTK4397A1ZS,1354.0,False,False,
professional-00579,professional,2025-12-20,Sat,BigBasket,Groceries,groceries,UPI,3,679.0,33.95,16.98,16.98,5,29FLHAX8175M1ZJ,713.0,False,False,
professional-00580,professional,2025-12-20,Sat,Uber,Travel,cab,Card,1,181.0,9.05,4.53,4.53,5,29APZGW9881Q1ZP,190.0,False,False,
professional-00581,professional,2025-12-21,Sun,Starbucks,Food & Dining,restaurant,Card,2,570.0,28.5,14.25,14.25,5,29CVXJT1220K1ZK,598.0,False,False,
professional-00582,professional,2025-12-21,Sun,Swiggy,Food & Dining,restaurant,Card,2,580.0,29.0,14.5,14.5,5,29HCXTK4397A1ZS,609.0,False,False,
professional-00583,professional,2025-12-21,Sun,Uber,Travel,cab,Card,1,287.0,14.35,7.17,7.17,5,29APZGW9881Q1ZP,301.0,False,False,
professional-00584,professional,2025-12-22,Mon,Starbucks,Food & Dining,restaurant,UPI,2,740.0,37.0,18.5,18.5,5,29CVXJT1220K1ZK,777.0,False,False,
professional-00585,professional,2025-12-23,Tue,Starbucks,Food & Dining,restaurant,UPI,2,610.0,30.5,15.25,15.25,5,29CVXJT1220K1ZK,640.0,False,False,
professional-00586,professional,2025-12-23,Tue,Swiggy,Food & Dining,restaurant,UPI,3,1190.0,59.5,29.75,29.75,5,29HCXTK4397A1ZS,1250.0,False,False,
professional-00587,professional,2025-12-23,Tue,Swiggy,Food & Dining,restaurant,Card,2,700.0,35.0,17.5,17.5,5,29HCXTK4397A1ZS,735.0,False,False,
professional-00588,professional,2025-12-23,Tue,Amazon,Shopping,electronics,Cash,1,2999.0,539.82,269.91,269.91,18,29MQVUC4210V1ZF,3539.0,False,False,
professional-00589,professional,2025-12-24,Wed,BigBasket,Groceries,groceries,UPI,4,1387.0,69.35,34.67,34.67,5,29FLHAX8175M1ZJ,1456.0,False,False,
professional-00590,professional,2025-12-24,Wed,Uber,Travel,cab,Card,1,349.0,17.45,8.72,8.72,5,29APZGW9881Q1ZP,366.0,False,False,
professional-00591,professional,2025-12-26,Fri,Starbucks,Food & Dining,restaurant,UPI,1,250.0,12.5,6.25,6.25,5,29CVXJT1220K1ZK,262.0,False,False,
professional-00592,professional,2025-12-27,Sat,Uber,Travel,cab,UPI,1,267.0,13.35,6.67,6.67,5,29APZGW9881Q1ZP,280.0,False,False,
professional-00593,professional,2025-12-27,Sat,Uber,Travel,cab,UPI,1,329.0,16.45,8.22,8.22,5,29APZGW9881Q1ZP,345.0,False,False,
professional-00594,professional,2025-12-27,Sat,Zara,Shopping,clothing,UPI,2,7280.0,1310.4,655.2,655.2,18,29NTQEA9173M1Z8,8590.0,False,False,
professional-00595,professional,2025-12-28,Sun,Starbucks,Food & Dining,restaurant,Card,2,1140.0,57.0,28.5,28.5,5,29CVXJT1220K1ZK,1197.0,False,False,
professional-00596,professional,2025-12-28,Sun,Swiggy,Food & Dining,restaurant,UPI,1,450.0,22.5,11.25,11.25,5,29HCXTK4397A1ZS,472.0,False,False,
professional-00597,professional,2025-12-28,Sun,Uber,Travel,cab,UPI,1,189.0,9.45,4.72,4.72,5,29APZGW9881Q1ZP,198.0,False,False,
professional-00598,professional,2025-12-28,Sun,Uber,Travel,cab,Cash,1,443.0,22.15,11.07,11.07,5,29APZGW9881Q1ZP,465.0,False,False,
professional-00599,professional,2025-12-28,Sun,Zara,Shopping,clothing,UPI,1,2990.0,538.2,269.1,269.1,18,29NTQEA9173M1Z8,3528.0,False,False,
professional-00600,professional,2025-12-30,Tue,Starbucks,Food & Dining,restaurant,UPI,1,290.0,14.5,7.25,7.25,5,29CVXJT1220K1ZK,304.0,False,False,
professional-00601,professional,2025-12-30,Tue,Starbucks,Food & Dining,restaurant,UPI,1,290.0,14.5,7.25,7.25,5,29CVXJT1220K1ZK,304.0,False,True,duplicate
professional-00602,professional,2025-12-31,Wed,Starbucks,Food & Dining,restaurant,UPI,2,930.0,46.5,23.25,23.25,5,29CVXJT1220K1ZK,976.0,False,False,
professional-00603,professional,2025-12-31,Wed,Truffles,Food & Dining,restaurant,UPI,4,1750.0,87.5,43.75,43.75,5,29HNPMA3964I1ZB,1838.0,False,False,
professional-00604,professional,2025-12-31,Wed,Uber,Travel,cab,UPI,1,380.0,19.0,9.5,9.5,5,29APZGW9881Q1ZP,399.0,False,False,
professional-00605,professional,2025-12-31,Wed,Uber,Travel,cab,UPI,1,183.0,9.15,4.58,4.58,5,29APZGW9881Q1ZP,192.0,False,False,
professional-00606,professional,2025-12-31,Wed,Uber,Travel,cab,UPI,1,413.0,20.65,10.32,10.32,5,29APZGW9881Q1ZP,434.0,False,False,
professional-00607,professional,2025-12-31,Wed,Lemon Tree Hotels,Travel,hotel_stay,Cash,1,4547.0,227.35,113.67,113.67,5,29XNFAH8245F1ZR,4774.0,False,False,
professional-00608,professional,2026-01-01,Thu,Uber,Travel,cab,Cash,1,414.0,20.7,10.35,10.35,5,29APZGW9881Q1ZP,435.0,False,False,
professional-00609,professional,2026-01-01,Thu,Cult.fit,Health,salon_gym,Card,1,1695.0,84.75,42.38,42.38,5,29HSITK9933C1ZY,1780.0,True,False,
professional-00610,professional,2026-01-02,Fri,Starbucks,Food & Dining,restaurant,Card,2,790.0,39.5,19.75,19.75,5,29CVXJT1220K1ZK,830.0,False,False,
professional-00611,professional,2026-01-02,Fri,Rent - Koramangala flat,Bills & Utilities,other,Card,1,22000.0,0.0,,,,,22000.0,True,False,
professional-00612,professional,2026-01-03,Sat,Swiggy,Food & Dining,restaurant,Card,2,1220.0,61.0,30.5,30.5,5,29HCXTK4397A1ZS,1281.0,False,False,
professional-00613,professional,2026-01-03,Sat,BigBasket,Groceries,groceries,Card,3,1279.0,63.95,31.98,31.98,5,29FLHAX8175M1ZJ,1343.0,False,False,
professional-00614,professional,2026-01-03,Sat,PVR Cinemas,Entertainment,movies,Card,1,344.0,61.92,30.96,30.96,18,29HMRFR3835S1Z6,406.0,False,False,
professional-00615,professional,2026-01-05,Mon,Swiggy,Food & Dining,restaurant,Card,3,1510.0,75.5,37.75,37.75,5,29HCXTK4397A1ZS,1586.0,False,False,
professional-00616,professional,2026-01-07,Wed,Airtel Xstream Fiber,Bills & Utilities,telecom,Card,1,847.0,152.46,76.23,76.23,18,29LARPZ5412I1ZU,999.0,True,False,
professional-00617,professional,2026-01-08,Thu,BigBasket,Groceries,groceries,Card,2,1198.0,59.9,29.95,29.95,5,29FLHAX8175M1ZJ,1258.0,False,False,
professional-00618,professional,2026-01-09,Fri,Uber,Travel,cab,Cash,1,261.0,13.05,6.53,6.53,5,29APZGW9881Q1ZP,274.0,False,False,
professional-00619,professional,2026-01-11,Sun,Swiggy,Food & Dining,restaurant,UPI,2,1160.0,58.0,29.0,29.0,5,29HCXTK4397A1ZS,1218.0,False,False,
professional-00620,professional,2026-01-11,Sun,Swiggy,Food & Dining,restaurant,Card,1,420.0,21.0,10.5,10.5,5,29HCXTK4397A1ZS,441.0,False,False,
professional-00621,professional,2026-01-11,Sun,Uber,Travel,cab,UPI,1,506.0,25.3,12.65,12.65,5,29APZGW9881Q1ZP,531.0,False,False,
professional-00622,professional,2026-01-12,Mon,BigBasket,Groceries,groceries,Card,4,1129.0,56.45,28.23,28.23,5,29FLHAX8175M1ZJ,1185.0,False,False,
professional-00623,professional,2026-01-12,Mon,Netflix,Entertainment,subscription,Card,1,550.0,99.0,49.5,49.5,18,29GNPUE2767Z1ZA,649.0,True,False,
professional-00624,professional,2026-01-13,Tue,Swiggy,Food & Dining,restaurant,UPI,3,1700.0,85.0,42.5,42.5,5,29HCXTK4397A1ZS,1785.0,False,False,
professional-00625,professional,2026-01-13,Tue,Swiggy,Food & Dining,restaurant,Card,2,770.0,38.5,19.25,19.25,5,29HCXTK4397A1ZS,808.0,False,False,
professional-00626,professional,2026-01-13,Tue,Truffles,Food & Dining,restaurant,UPI,2,830.0,41.5,20.75,20.75,5,29HNPMA3964I1ZB,872.0,False,False,
professional-00627,professional,2026-01-13,Tue,Uber,Travel,cab,UPI,1,336.0,16.8,8.4,8.4,5,29APZGW9881Q1ZP,353.0,False,False,
professional-00628,professional,2026-01-13,Tue,Uber,Travel,cab,Card,1,472.0,23.6,11.8,11.8,5,29APZGW9881Q1ZP,496.0,False,False,
professional-00629,professional,2026-01-14,Wed,Toni&Guy,Health,salon_gym,Card,1,900.0,45.0,22.5,22.5,5,29UIMFB3856O1ZW,945.0,False,False,
professional-00630,professional,2026-01-15,Thu,Uber,Travel,cab,UPI,1,276.0,13.8,6.9,6.9,5,29APZGW9881Q1ZP,290.0,False,False,
professional-00631,professional,2026-01-15,Thu,BESCOM,Bills & Utilities,electricity,Card,1,2105.0,0.0,,,,29HLKPB5104M1ZL,2105.0,True,False,
professional-00632,professional,2026-01-15,Thu,Apple Store,Shopping,electronics,Card,1,99900.0,17982.0,8991.0,8991.0,18,29FBOEZ4824T1ZZ,117882.0,False,True,unusual_merchant
professional-00633,professional,2026-01-16,Fri,Swiggy,Food & Dining,restaurant,UPI,3,1470.0,73.5,36.75,36.75,5,29HCXTK4397A1ZS,1544.0,False,False,
professional-00634,professional,2026-01-16,Fri,Uber,Travel,cab,Card,1,478.0,23.9,11.95,11.95,5,29APZGW9881Q1ZP,502.0,False,False,
professional-00635,professional,2026-01-17,Sat,Uber,Travel,cab,UPI,1,368.0,18.4,9.2,9.2,5,29APZGW9881Q1ZP,386.0,False,False,
professional-00636,professional,2026-01-19,Mon,Starbucks,Food & Dining,restaurant,Card,1,320.0,16.0,8.0,8.0,5,29CVXJT1220K1ZK,336.0,False,False,
professional-00637,professional,2026-01-20,Tue,Swiggy,Food & Dining,restaurant,Card,2,870.0,43.5,21.75,21.75,5,29HCXTK4397A1ZS,914.0,False,False,
professional-00638,professional,2026-01-20,Tue,Uber,Travel,cab,UPI,1,295.0,14.75,7.38,7.38,5,29APZGW9881Q1ZP,310.0,False,False,
professional-00639,professional,2026-01-21,Wed,Starbucks,Food & Dining,restaurant,Card,1,210.0,10.5,5.25,5.25,5,29CVXJT1220K1ZK,220.0,False,False,
professional-00640,professional,2026-01-21,Wed,Swiggy,Food & Dining,restaurant,Card,1,260.0,13.0,6.5,6.5,5,29HCXTK4397A1ZS,273.0,False,False,
professional-00641,professional,2026-01-21,Wed,Uber,Travel,cab,UPI,1,408.0,20.4,10.2,10.2,5,29APZGW9881Q1ZP,428.0,False,False,
professional-00642,professional,2026-01-21,Wed,Uber,Travel,cab,UPI,1,518.0,25.9,12.95,12.95,5,29APZGW9881Q1ZP,544.0,False,False,
professional-00643,professional,2026-01-22,Thu,Uber,Travel,cab,UPI,1,329.0,16.45,8.22,8.22,5,29APZGW9881Q1ZP,345.0,False,False,
professional-00644,professional,2026-01-22,Thu,Uber,Travel,cab,Card,1,293.0,14.65,7.33,7.33,5,29APZGW9881Q1ZP,308.0,False,False,
professional-00645,professional,2026-01-23,Fri,Starbucks,Food & Dining,restaurant,UPI,2,900.0,45.0,22.5,22.5,5,29CVXJT1220K1ZK,945.0,False,False,
professional-00646,professional,2026-01-23,Fri,Swiggy,Food & Dining,restaurant,Card,2,1180.0,59.0,29.5,29.5,5,29HCXTK4397A1ZS,1239.0,False,False,
professional-00647,professional,2026-01-26,Mon,Swiggy,Food & Dining,restaurant,Card,3,1190.0,59.5,29.75,29.75,5,29HCXTK4397A1ZS,1250.0,False,False,
professional-00648,professional,2026-01-26,Mon,BigBasket,Groceries,groceries,UPI,3,1458.0,72.9,36.45,36.45,5,29FLHAX8175M1ZJ,1531.0,False,False,
professional-00649,professional,2026-01-26,Mon,BigBasket,Groceries,groceries,UPI,4,938.0,46.9,23.45,23.45,5,29FLHAX8175M1ZJ,985.0,False,False,
professional-00650,professional,2026-01-27,Tue,Swiggy,Food & Dining,restaurant,Card,3,1580.0,79.0,39.5,39.5,5,29HCXTK4397A1ZS,1659.0,False,False,
professional-00651,professional,2026-01-27,Tue,Swiggy,Food & Dining,restaurant,Card,1,380.0,19.0,9.5,9.5,5,29HCXTK4397A1ZS,399.0,False,False,
professional-00652,professional,2026-01-27,Tue,BigBasket,Groceries,groceries,Cash,3,667.0,33.35,16.68,16.68,5,29FLHAX8175M1ZJ,700.0,False,False,
professional-00653,professional,2026-01-27,Tue,Uber,Travel,cab,Card,1,393.0,19.65,9.82,9.82,5,29APZGW9881Q1ZP,413.0,False,False,
professional-00654,professional,2026-01-28,Wed,Starbucks,Food & Dining,restaurant,UPI,2,820.0,41.0,20.5,20.5,5,29CVXJT1220K1ZK,861.0,False,False,
professional-00655,professional,2026-01-28,Wed,Swiggy,Food & Dining,restaurant,Cash,1,520.0,26.0,13.0,13.0,5,29HCXTK4397A1ZS,546.0,False,False,
professional-00656,professional,2026-01-28,Wed,Swiggy,Food & Dining,restaurant,UPI,2,680.0,34.0,17.0,17.0,5,29HCXTK4397A1ZS,714.0,False,False,
professional-00657,professional,2026-01-28,Wed,Starbucks,Food & Dining,restaurant,UPI,2,820.0,41.0,20.5,20.5,5,29CVXJT1220K1ZK,861.0,False,True,duplicate
professional-00658,professional,2026-01-30,Fri,PVR Cinemas,Entertainment,movies,Card,2,758.0,136.44,68.22,68.22,18,29HMRFR3835S1Z6,894.0,False,False,
professional-00659,professional,2026-01-31,Sat,Swiggy,Food & Dining,restaurant,UPI,3,1480.0,74.0,37.0,37.0,5,29HCXTK4397A1ZS,1554.0,False,False,
professional-00660,professional,2026-01-31,Sat,Uber,Travel,cab,Card,1,504.0,25.2,12.6,12.6,5,29APZGW9881Q1ZP,529.0,False,False,
professional-00661,professional,2026-01-31,Sat,PVR Cinemas,Entertainment,movies,UPI,2,703.0,126.54,63.27,63.27,18,29HMRFR3835S1Z6,830.0,False,False,
professional-00662,professional,2026-02-01,Sun,Cult.fit,Health,salon_gym,Card,1,1695.0,84.75,42.38,42.38,5,29HSITK9933C1ZY,1780.0,True,False,
professional-00663,professional,2026-02-02,Mon,Uber,Travel,cab,UPI,1,419.0,20.95,10.47,10.47,5,29APZGW9881Q1ZP,440.0,False,False,
professional-00664,professional,2026-02-02,Mon,Rent - Koramangala flat,Bills & Utilities,other,Card,1,22000.0,0.0,,,,,22000.0,True,False,
professional-00665,professional,2026-02-03,Tue,Starbucks,Food & Dining,restaurant,UPI,1,420.0,21.0,10.5,10.5,5,29CVXJT1220K1ZK,441.0,False,False,
professional-00666,professional,2026-02-04,Wed,Swiggy,Food & Dining,restaurant,UPI,2,830.0,41.5,20.75,20.75,5,29HCXTK4397A1ZS,872.0,False,False,
professional-00667,professional,2026-02-04,Wed,Swiggy,Food & Dining,restaurant,Card,1,320.0,16.0,8.0,8.0,5,29HCXTK4397A1ZS,336.0,False,False,
professional-00668,professional,2026-02-04,Wed,Truffles,Food & Dining,restaurant,Card,2,400.0,20.0,10.0,10.0,5,29HNPMA3964I1ZB,420.0,False,False,
professional-00669,professional,2026-02-05,Thu,Starbucks,Food & Dining,restaurant,Card,2,740.0,37.0,18.5,18.5,5,29CVXJT1220K1ZK,777.0,False,False,
professional-00670,professional,2026-02-06,Fri,Starbucks,Food & Dining,restaurant,Cash,1,290.0,14.5,7.25,7.25,5,29CVXJT1220K1ZK,304.0,False,False,
professional-00671,professional,2026-02-06,Fri,Starbucks,Food & Dining,restaurant,Card,2,2328,116.4,58.2,58.2,5,29CVXJT1220K1ZK,2444.0,False,True,spike
professional-00672,professional,2026-02-06,Fri,Starbucks,Food & Dining,restaurant,UPI,2,610.0,30.5,15.25,15.25,5,29CVXJT1220K1ZK,640.0,False,False,
professional-00673,professional,2026-02-06,Fri,Swiggy,Food & Dining,restaurant,Card,3,1150.0,57.5,28.75,28.75,5,29HCXTK4397A1ZS,1208.0,False,False,
professional-00674,professional,2026-02-06,Fri,Uber,Travel,cab,Card,1,275.0,13.75,6.88,6.88,5,29APZGW9881Q1ZP,289.0,False,False,
professional-00675,professional,2026-02-06,Fri,Amazon,Shopping,electronics,UPI,1,2999.0,539.82,269.91,269.91,18,29MQVUC4210V1ZF,3539.0,False,False,
professional-00676,professional,2026-02-07,Sat,Uber,Travel,cab,UPI,1,296.0,14.8,7.4,7.4,5,29APZGW9881Q1ZP,311.0,False,False,
professional-00677,professional,2026-02-07,Sat,Airtel Xstream Fiber,Bills & Utilities,telecom,Card,1,847.0,152.46,76.23,76.23,18,29LARPZ5412I1ZU,999.0,True,False,
professional-00678,professional,2026-02-08,Sun,Starbucks,Food & Dining,restaurant,Card,1,250.0,12.5,6.25,6.25,5,29CVXJT1220K1ZK,262.0,False,False,
professional-00679,professional,2026-02-08,Sun,BigBasket,Groceries,groceries,Card,3,1009.0,50.45,25.23,25.23,5,29FLHAX8175M1ZJ,1059.0,False,False,
professional-00680,professional,2026-02-09,Mon,Starbucks,Food & Dining,restaurant,UPI,1,500.0,25.0,12.5,12.5,5,29CVXJT1220K1ZK,525.0,False,False,
professional-00681,professional,2026-02-09,Mon,Truffles,Food & Dining,restaurant,Card,4,1540.0,77.0,38.5,38.5,5,29HNPMA3964I1ZB,1617.0,False,False,
professional-00682,professional,2026-02-09,Mon,BigBasket,Groceries,groceries,Card,4,1387.0,69.35,34.67,34.67,5,29FLHAX8175M1ZJ,1456.0,False,False,
professional-00683,professional,2026-02-09,Mon,Uber,Travel,cab,UPI,1,217.0,10.85,5.42,5.42,5,29APZGW9881Q1ZP,228.0,False,False,
professional-00684,professional,2026-02-10,Tue,Starbucks,Food & Dining,restaurant,Card,1,320.0,16.0,8.0,8.0,5,29CVXJT1220K1ZK,336.0,False,False,
professional-00685,professional,2026-02-10,Tue,Starbucks,Food & Dining,restaurant,UPI,2,790.0,39.5,19.75,19.75,5,29CVXJT1220K1ZK,830.0,False,False,
professional-00686,professional,2026-02-10,Tue,Uber,Travel,cab,UPI,1,261.0,13.05,6.53,6.53,5,29APZGW9881Q1ZP,274.0,False,False,
professional-00687,professional,2026-02-12,Thu,Starbucks,Food & Dining,restaurant,UPI,1,210.0,10.5,5.25,5.25,5,29CVXJT1220K1ZK,220.0,False,False,
professional-00688,professional,2026-02-12,Thu,Netflix,Entertainment,subscription,Card,1,550.0,99.0,49.5,49.5,18,29GNPUE2767Z1ZA,649.0,True,False,
professional-00689,professional,2026-02-13,Fri,Starbucks,Food & Dining,restaurant,Card,1,420.0,21.0,10.5,10.5,5,29CVXJT1220K1ZK,441.0,False,False,
professional-00690,professional,2026-02-14,Sat,Uber,Travel,cab,Card,1,447.0,22.35,11.18,11.18,5,29APZGW9881Q1ZP,469.0,False,False,
professional-00691,professional,2026-02-14,Sat,Uber,Travel,cab,Card,1,499.0,24.95,12.47,12.47,5,29APZGW9881Q1ZP,524.0,False,False,
professional-00692,professional,2026-02-15,Sun,BigBasket,Groceries,groceries,UPI,4,1129.0,56.45,28.23,28.23,5,29FLHAX8175M1ZJ,1185.0,False,False,
professional-00693,professional,2026-02-15,Sun,Uber,Travel,cab,UPI,1,327.0,16.35,8.18,8.18,5,29APZGW9881Q1ZP,343.0,False,False,
professional-00694,professional,2026-02-15,Sun,Apollo Pharmacy,Health,medicine,UPI,1,310.0,15.5,7.75,7.75,5,29RWDQS3381O1ZI,326.0,False,False,
professional-00695,professional,2026-02-15,Sun,BESCOM,Bills & Utilities,electricity,Card,1,1510.0,0.0,,,,29HLKPB5104M1ZL,1510.0,True,False,
professional-00696,professional,2026-02-16,Mon,Uber,Travel,cab,Card,1,425.0,21.25,10.62,10.62,5,29APZGW9881Q1ZP,446.0,False,False,
professional-00697,professional,2026-02-17,Tue,Amazon,Shopping,electronics,Card,1,1299.0,233.82,116.91,116.91,18,29MQVUC4210V1ZF,1533.0,False,False,
professional-00698,professional,2026-02-18,Wed,Starbucks,Food & Dining,restaurant,Card,1,420.0,21.0,10.5,10.5,5,29CVXJT1220K1ZK,441.0,False,False,
professional-00699,professional,2026-02-18,Wed,Swiggy,Food & Dining,restaurant,Card,3,1120.0,56.0,28.0,28.0,5,29HCXTK4397A1ZS,1176.0,False,False,
professional-00700,professional,2026-02-18,Wed,Zara,Shopping,clothing,Card,1,1290.0,64.5,32.25,32.25,5,29NTQEA9173M1Z8,1354.0,False,False,
professional-00701,professional,2026-02-19,Thu,Uber,Travel,cab,UPI,1,432.0,21.6,10.8,10.8,5,29APZGW9881Q1ZP,454.0,False,False,
professional-00702,professional,2026-02-21,Sat,Uber,Travel,cab,UPI,1,439.0,21.95,10.97,10.97,5,29APZGW9881Q1ZP,461.0,False,False,
professional-00703,professional,2026-02-21,Sat,Uber,Travel,cab,UPI,1,479.0,23.95,11.97,11.97,5,29APZGW9881Q1ZP,503.0,False,False,
professional-00704,professional,2026-02-22,Sun,Truffles,Food & Dining,restaurant,Card,3,970.0,48.5,24.25,24.25,5,29HNPMA3964I1ZB,1018.0,False,False,
professional-00705,professional,2026-02-22,Sun,Uber,Travel,cab,Card,1,439.0,21.95,10.97,10.97,5,29APZGW9881Q1ZP,461.0,False,False,
professional-00706,professional,2026-02-22,Sun,PVR Cinemas,Entertainment,movies,UPI,2,724.0,130.32,65.16,65.16,18,29HMRFR3835S1Z6,854.0,False,False,
professional-00707,professional,2026-02-23,Mon,Starbucks,Food & Dining,restaurant,Card,2,570.0,28.5,14.25,14.25,5,29CVXJT1220K1ZK,598.0,False,False,
professional-00708,professional,2026-02-24,Tue,Swiggy,Food & Dining,restaurant,UPI,2,900.0,45.0,22.5,22.5,5,29HCXTK4397A1ZS,945.0,False,False,
professional-00709,professional,2026-02-25,Wed,Uber,Travel,cab,Card,1,483.0,24.15,12.07,12.07,5,29APZGW9881Q1ZP,507.0,False,False,
professional-00710,professional,2026-02-25,Wed,Apollo Pharmacy,Health,medicine,Card,2,430.0,21.5,10.75,10.75,5,29RWDQS3381O1ZI,452.0,False,False,
professional-00711,professional,2026-02-26,Thu,Truffles,Food & Dining,restaurant,Card,4,1880.0,94.0,47.0,47.0,5,29HNPMA3964I1ZB,1974.0,False,False,
professional-00712,professional,2026-02-26,Thu,Amazon,Shopping,electronics,UPI,1,1299.0,233.82,116.91,116.91,18,29MQVUC4210V1ZF,1533.0,False,False,
professional-00713,professional,2026-02-27,Fri,Uber,Travel,cab,Card,1,365.0,18.25,9.12,9.12,5,29APZGW9881Q1ZP,383.0,False,False,
professional-00714,professional,2026-02-28,Sat,Uber,Travel,cab,Card,1,270.0,13.5,6.75,6.75,5,29APZGW9881Q1ZP,284.0,False,False,
professional-00715,professional,2026-02-28,Sat,Amazon,Shopping,electronics,Card,1,2999.0,539.82,269.91,269.91,18,29MQVUC4210V1ZF,3539.0,False,False,
professional-00716,professional,2026-03-01,Sun,Amazon,Shopping,electronics,Card,1,1299.0,233.82,116.91,116.91,18,29MQVUC4210V1ZF,1533.0,False,False,
professional-00717,professional,2026-03-01,Sun,Apollo Pharmacy,Health,medicine,UPI,2,430.0,21.5,10.75,10.75,5,29RWDQS3381O1ZI,452.0,False,False,
professional-00718,professional,2026-03-01,Sun,Cult.fit,Health,salon_gym,Card,1,1695.0,84.75,42.38,42.38,5,29HSITK9933C1ZY,1780.0,True,False,
professional-00719,professional,2026-03-02,Mon,Truffles,Food & Dining,restaurant,UPI,2,750.0,37.5,18.75,18.75,5,29HNPMA3964I1ZB,788.0,False,False,
professional-00720,professional,2026-03-02,Mon,Uber,Travel,cab,Card,1,470.0,23.5,11.75,11.75,5,29APZGW9881Q1ZP,494.0,False,False,
professional-00721,professional,2026-03-02,Mon,Rent - Koramangala flat,Bills & Utilities,other,Card,1,22000.0,0.0,,,,,22000.0,True,False,
professional-00722,professional,2026-03-03,Tue,Uber,Travel,cab,Card,1,389.0,19.45,9.72,9.72,5,29APZGW9881Q1ZP,408.0,False,False,
professional-00723,professional,2026-03-04,Wed,Uber,Travel,cab,Card,1,238.0,11.9,5.95,5.95,5,29APZGW9881Q1ZP,250.0,False,False,
professional-00724,professional,2026-03-04,Wed,Zara,Shopping,clothing,UPI,1,1290.0,64.5,32.25,32.25,5,29NTQEA9173M1Z8,1354.0,False,False,
professional-00725,professional,2026-03-05,Thu,Starbucks,Food & Dining,restaurant,UPI,1,250.0,12.5,6.25,6.25,5,29CVXJT1220K1ZK,262.0,False,False,
professional-00726,professional,2026-03-05,Thu,Swiggy,Food & Dining,restaurant,UPI,2,870.0,43.5,21.75,21.75,5,29HCXTK4397A1ZS,914.0,False,False,
professional-00727,professional,2026-03-05,Thu,Swiggy,Food & Dining,restaurant,Card,1,380.0,19.0,9.5,9.5,5,29HCXTK4397A1ZS,399.0,False,False,
professional-00728,professional,2026-03-07,Sat,Truffles,Food & Dining,restaurant,UPI,3,970.0,48.5,24.25,24.25,5,29HNPMA3964I1ZB,1018.0,False,False,
professional-00729,professional,2026-03-07,Sat,Uber,Travel,cab,Card,1,371.0,18.55,9.28,9.28,5,29APZGW9881Q1ZP,390.0,False,False,
professional-00730,professional,2026-03-07,Sat,Airtel Xstream Fiber,Bills & Utilities,telecom,Card,1,847.0,152.46,76.23,76.23,18,29LARPZ5412I1ZU,999.0,True,False,
professional-00731,professional,2026-03-08,Sun,Truffles,Food & Dining,restaurant,UPI,2,620.0,31.0,15.5,15.5,5,29HNPMA3964I1ZB,651.0,False,False,
professional-00732,professional,2026-03-08,Sun,Uber,Travel,cab,Card,1,463.0,23.15,11.57,11.57,5,29APZGW9881Q1ZP,486.0,False,False,
professional-00733,professional,2026-03-09,Mon,Uber,Travel,cab,UPI,1,416.0,20.8,10.4,10.4,5,29APZGW9881Q1ZP,437.0,False,False,
professional-00734,professional,2026-03-10,Tue,BigBasket,Groceries,groceries,UPI,4,9587,479.35,239.68,239.68,5,29FLHAX8175M1ZJ,10066.0,False,True,spike
professional-00735,professional,2026-03-11,Wed,Starbucks,Food & Dining,restaurant,Card,2,710.0,35.5,17.75,17.75,5,29CVXJT1220K1ZK,746.0,False,False,
professional-00736,professional,2026-03-11,Wed,Starbucks,Food & Dining,restaurant,Card,1,320.0,16.0,8.0,8.0,5,29CVXJT1220K1ZK,336.0,False,False,
professional-00737,professional,2026-03-12,Thu,Swiggy,Food & Dining,restaurant,Card,2,710.0,35.5,17.75,17.75,5,29HCXTK4397A1ZS,746.0,False,False,
professional-00738,professional,2026-03-12,Thu,Uber,Travel,cab,Card,1,275.0,13.75,6.88,6.88,5,29APZGW9881Q1ZP,289.0,False,False,
professional-00739,professional,2026-03-12,Thu,Netflix,Entertainment,subscription,Card,1,550.0,99.0,49.5,49.5,18,29GNPUE2767Z1ZA,649.0,True,False,
professional-00740,professional,2026-03-13,Fri,Starbucks,Food & Dining,restaurant,Card,1,250.0,12.5,6.25,6.25,5,29CVXJT1220K1ZK,262.0,False,False,
professional-00741,professional,2026-03-13,Fri,Swiggy,Food & Dining,restaurant,UPI,1,420.0,21.0,10.5,10.5,5,29HCXTK4397A1ZS,441.0,False,False,
professional-00742,professional,2026-03-14,Sat,Uber,Travel,cab,UPI,1,431.0,21.55,10.78,10.78,5,29APZGW9881Q1ZP,453.0,False,False,
professional-00743,professional,2026-03-14,Sat,Uber,Travel,cab,UPI,1,314.0,15.7,7.85,7.85,5,29APZGW9881Q1ZP,330.0,False,False,
professional-00744,professional,2026-03-15,Sun,Uber,Travel,cab,Card,1,1559,77.95,38.98,38.98,5,29APZGW9881Q1ZP,1637.0,False,True,spike
professional-00745,professional,2026-03-15,Sun,BESCOM,Bills & Utilities,electricity,Card,1,2058.0,0.0,,,,29HLKPB5104M1ZL,2058.0,True,False,
professional-00746,professional,2026-03-16,Mon,Swiggy,Food & Dining,restaurant,UPI,1,380.0,19.0,9.5,9.5,5,29HCXTK4397A1ZS,399.0,False,False,
professional-00747,professional,2026-03-16,Mon,Emirates,Travel,air,UPI,1,42000.0,2100.0,1050.0,1050.0,5,29WBGHY1469T1Z8,44100.0,False,True,unusual_merchant
professional-00748,professional,2026-03-17,Tue,Starbucks,Food & Dining,restaurant,Card,1,320.0,16.0,8.0,8.0,5,29CVXJT1220K1ZK,336.0,False,False,
professional-00749,professional,2026-03-17,Tue,Starbucks,Food & Dining,restaurant,UPI,2,540.0,27.0,13.5,13.5,5,29CVXJT1220K1ZK,567.0,False,False,
professional-00750,professional,2026-03-17,Tue,Swiggy,Food & Dining,restaurant,UPI,2,740.0,37.0,18.5,18.5,5,29HCXTK4397A1ZS,777.0,False,False,
professional-00751,professional,2026-03-19,Thu,Swiggy,Food & Dining,restaurant,UPI,2,1160.0,58.0,29.0,29.0,5,29HCXTK4397A1ZS,1218.0,False,False,
professional-00752,professional,2026-03-20,Fri,Swiggy,Food & Dining,restaurant,Card,3,1130.0,56.5,28.25,28.25,5,29HCXTK4397A1ZS,1186.0,False,False,
professional-00753,professional,2026-03-20,Fri,Uber,Travel,cab,UPI,1,265.0,13.25,6.62,6.62,5,29APZGW9881Q1ZP,278.0,False,False,
professional-00754,professional,2026-03-20,Fri,PVR Cinemas,Entertainment,movies,UPI,1,331.0,59.58,29.79,29.79,18,29HMRFR3835S1Z6,391.0,False,False,
professional-00755,professional,2026-03-20,Fri,Uber,Travel,cab,UPI,1,265.0,13.25,6.62,6.62,5,29APZGW9881Q1ZP,278.0,False,True,duplicate
professional-00756,professional,2026-03-21,Sat,Swiggy,Food & Dining,restaurant,UPI,2,710.0,35.5,17.75,17.75,5,29HCXTK4397A1ZS,746.0,False,False,
professional-00757,professional,2026-03-21,Sat,Uber,Travel,cab,Card,1,223.0,11.15,5.58,5.58,5,29APZGW9881Q1ZP,234.0,False,False,
professional-00758,professional,2026-03-21,Sat,Uber,Travel,cab,UPI,1,1174,58.7,29.35,29.35,5,29APZGW9881Q1ZP,1233.0,False,True,spike
professional-00759,professional,2026-03-22,Sun,Swiggy,Food & Dining,restaurant,UPI,2,640.0,32.0,16.0,16.0,5,29HCXTK4397A1ZS,672.0,False,False,
professional-00760,professional,2026-03-23,Mon,Uber,Travel,cab,Cash,1,336.0,16.8,8.4,8.4,5,29APZGW9881Q1ZP,353.0,False,False,
professional-00761,professional,2026-03-24,Tue,Starbucks,Food & Dining,restaurant,Cash,2,500.0,25.0,12.5,12.5,5,29CVXJT1220K1ZK,525.0,False,False,
professional-00762,professional,2026-03-24,Tue,Starbucks,Food & Dining,restaurant,UPI,1,210.0,10.5,5.25,5.25,5,29CVXJT1220K1ZK,220.0,False,False,
professional-00763,professional,2026-03-26,Thu,PVR Cinemas,Entertainment,movies,Card,2,792.0,142.56,71.28,71.28,18,29HMRFR3835S1Z6,935.0,False,False,
professional-00764,professional,2026-03-27,Fri,Swiggy,Food & Dining,restaurant,UPI,1,260.0,13.0,6.5,6.5,5,29HCXTK4397A1ZS,273.0,False,False,
professional-00765,professional,2026-03-28,Sat,Swiggy,Food & Dining,restaurant,UPI,2,710.0,35.5,17.75,17.75,5,29HCXTK4397A1ZS,746.0,False,False,
professional-00766,professional,2026-03-28,Sat,Swiggy,Food & Dining,restaurant,UPI,3,1350.0,67.5,33.75,33.75,5,29HCXTK4397A1ZS,1418.0,False,False,
professional-00767,professional,2026-03-28,Sat,BigBasket,Groceries,groceries,Card,4,1729.0,86.45,43.23,43.23,5,29FLHAX8175M1ZJ,1815.0,False,False,
professional-00768,professional,2026-03-28,Sat,Uber,Travel,cab,Card,1,259.0,12.95,6.47,6.47,5,29APZGW9881Q1ZP,272.0,False,False,
professional-00769,professional,2026-03-28,Sat,Uber,Travel,cab,UPI,1,255.0,12.75,6.38,6.38,5,29APZGW9881Q1ZP,268.0,False,False,
professional-00770,professional,2026-03-28,Sat,Swiggy,Food & Dining,restaurant,UPI,3,1350.0,67.5,33.75,33.75,5,29HCXTK4397A1ZS,1418.0,False,True,duplicate
professional-00771,professional,2026-03-29,Sun,Swiggy,Food & Dining,restaurant,Card,1,380.0,19.0,9.5,9.5,5,29HCXTK4397A1ZS,399.0,False,False,
professional-00772,professional,2026-03-29,Sun,Truffles,Food & Dining,restaurant,UPI,2,570.0,28.5,14.25,14.25,5,29HNPMA3964I1ZB,598.0,False,False,
professional-00773,professional,2026-03-29,Sun,Uber,Travel,cab,UPI,1,440.0,22.0,11.0,11.0,5,29APZGW9881Q1ZP,462.0,False,False,
professional-00774,professional,2026-03-30,Mon,Swiggy,Food & Dining,restaurant,Card,3,1290.0,64.5,32.25,32.25,5,29HCXTK4397A1ZS,1354.0,False,False,
professional-00775,professional,2026-03-30,Mon,BigBasket,Groceries,groceries,Card,3,857.0,42.85,21.43,21.43,5,29FLHAX8175M1ZJ,900.0,False,False,
professional-00776,professional,2026-03-30,Mon,Toni&Guy,Health,salon_gym,Card,1,1800.0,90.0,45.0,45.0,5,29UIMFB3856O1ZW,1890.0,False,False,
professional-00777,professional,2026-03-30,Mon,PVR Cinemas,Entertainment,movies,UPI,1,374.0,67.32,33.66,33.66,18,29HMRFR3835S1Z6,441.0,False,False,
professional-00778,professional,2026-03-31,Tue,Starbucks,Food & Dining,restaurant,Card,1,210.0,10.5,5.25,5.25,5,29CVXJT1220K1ZK,220.0,False,False,
professional-00779,professional,2026-03-31,Tue,Swiggy,Food & Dining,restaurant,UPI,3,1000.0,50.0,25.0,25.0,5,29HCXTK4397A1ZS,1050.0,False,False,
professional-00780,professional,2026-04-01,Wed,BigBasket,Groceries,groceries,UPI,4,1768.0,88.4,44.2,44.2,5,29FLHAX8175M1ZJ,1856.0,False,False,
professional-00781,professional,2026-04-01,Wed,Cult.fit,Health,salon_gym,Card,1,1695.0,84.75,42.38,42.38,5,29HSITK9933C1ZY,1780.0,True,False,
professional-00782,professional,2026-04-02,Thu,Swiggy,Food & Dining,restaurant,UPI,3,8761,438.05,219.03,219.03,5,29HCXTK4397A1ZS,9199.0,False,True,spike
professional-00783,professional,2026-04-02,Thu,Zara,Shopping,clothing,UPI,2,4580.0,824.4,412.2,412.2,18,29NTQEA9173M1Z8,5404.0,False,False,
professional-00784,professional,2026-04-02,Thu,Rent - Koramangala flat,Bills & Utilities,other,Card,1,22000.0,0.0,,,,,22000.0,True,False,
professional-00785,professional,2026-04-03,Fri,Starbucks,Food & Dining,restaurant,Card,2,850.0,42.5,21.25,21.25,5,29CVXJT1220K1ZK,892.0,False,False,
professional-00786,professional,2026-04-03,Fri,Swiggy,Food & Dining,restaurant,Card,1,380.0,19.0,9.5,9.5,5,29HCXTK4397A1ZS,399.0,False,False,
professional-00787,professional,2026-04-03,Fri,Uber,Travel,cab,UPI,1,492.0,24.6,12.3,12.3,5,29APZGW9881Q1ZP,517.0,False,False,
professional-00788,professional,2026-04-04,Sat,Swiggy,Food & Dining,restaurant,UPI,3,1820.0,91.0,45.5,45.5,5,29HCXTK4397A1ZS,1911.0,False,False,
professional-00789,professional,2026-04-04,Sat,BigBasket,Groceries,groceries,Card,3,1009.0,50.45,25.23,25.23,5,29FLHAX8175M1ZJ,1059.0,False,False,
professional-00790,professional,2026-04-04,Sat,Uber,Travel,cab,Card,1,456.0,22.8,11.4,11.4,5,29APZGW9881Q1ZP,479.0,False,False,
professional-00791,professional,2026-04-04,Sat,Zara,Shopping,clothing,UPI,1,3990.0,718.2,359.1,359.1,18,29NTQEA9173M1Z8,4708.0,False,False,
professional-00792,professional,2026-04-04,Sat,Toni&Guy,Health,salon_gym,UPI,1,1800.0,90.0,45.0,45.0,5,29UIMFB3856O1ZW,1890.0,False,False,
professional-00793,professional,2026-04-05,Sun,Starbucks,Food & Dining,restaurant,UPI,1,500.0,25.0,12.5,12.5,5,29CVXJT1220K1ZK,525.0,False,False,
professional-00794,professional,2026-04-05,Sun,Swiggy,Food & Dining,restaurant,Cash,1,420.0,21.0,10.5,10.5,5,29HCXTK4397A1ZS,441.0,False,False,
professional-00795,professional,2026-04-05,Sun,BigBasket,Groceries,groceries,Card,2,228.0,11.4,5.7,5.7,5,29FLHAX8175M1ZJ,239.0,False,False,
professional-00796,professional,2026-04-06,Mon,Starbucks,Food & Dining,restaurant,UPI,2,610.0,30.5,15.25,15.25,5,29CVXJT1220K1ZK,640.0,False,False,
professional-00797,professional,2026-04-06,Mon,Swiggy,Food & Dining,restaurant,UPI,3,1130.0,56.5,28.25,28.25,5,29HCXTK4397A1ZS,1186.0,False,False,
professional-00798,professional,2026-04-06,Mon,Uber,Travel,cab,Card,1,420.0,21.0,10.5,10.5,5,29APZGW9881Q1ZP,441.0,False,False,
professional-00799,professional,2026-04-06,Mon,Uber,Travel,cab,Card,1,232.0,11.6,5.8,5.8,5,29APZGW9881Q1ZP,244.0,False,False,
professional-00800,professional,2026-04-07,Tue,Swiggy,Food & Dining,restaurant,UPI,1,320.0,16.0,8.0,8.0,5,29HCXTK4397A1ZS,336.0,False,False,
professional-00801,professional,2026-04-07,Tue,Airtel Xstream Fiber,Bills & Utilities,telecom,Card,1,847.0,152.46,76.23,76.23,18,29LARPZ5412I1ZU,999.0,True,False,
professional-00802,professional,2026-04-08,Wed,Swiggy,Food & Dining,restaurant,UPI,1,450.0,22.5,11.25,11.25,5,29HCXTK4397A1ZS,472.0,False,False,
professional-00803,professional,2026-04-08,Wed,Zara,Shopping,clothing,UPI,1,3290.0,592.2,296.1,296.1,18,29NTQEA9173M1Z8,3882.0,False,False,
professional-00804,professional,2026-04-09,Thu,Swiggy,Food & Dining,restaurant,UPI,3,1420.0,71.0,35.5,35.5,5,29HCXTK4397A1ZS,1491.0,False,False,
professional-00805,professional,2026-04-09,Thu,Uber,Travel,cab,Card,1,293.0,14.65,7.33,7.33,5,29APZGW9881Q1ZP,308.0,False,False,
professional-00806,professional,2026-04-11,Sat,Swiggy,Food & Dining,restaurant,UPI,1,450.0,22.5,11.25,11.25,5,29HCXTK4397A1ZS,472.0,False,False,
professional-00807,professional,2026-04-11,Sat,Swiggy,Food & Dining,restaurant,Card,3,1580.0,79.0,39.5,39.5,5,29HCXTK4397A1ZS,1659.0,False,False,
professional-00808,professional,2026-04-11,Sat,BigBasket,Groceries,groceries,UPI,2,380.0,19.0,9.5,9.5,5,29FLHAX8175M1ZJ,399.0,False,False,
professional-00809,professional,2026-04-11,Sat,Uber,Travel,cab,UPI,1,350.0,17.5,8.75,8.75,5,29APZGW9881Q1ZP,368.0,False,False,
professional-00810,professional,2026-04-12,Sun,Swiggy,Food & Dining,restaurant,UPI,1,420.0,21.0,10.5,10.5,5,29HCXTK4397A1ZS,441.0,False,False,
professional-00811,professional,2026-04-12,Sun,Truffles,Food & Dining,restaurant,UPI,3,1350.0,67.5,33.75,33.75,5,29HNPMA3964I1ZB,1418.0,False,False,
professional-00812,professional,2026-04-12,Sun,Uber,Travel,cab,UPI,1,443.0,22.15,11.07,11.07,5,29APZGW9881Q1ZP,465.0,False,False,
professional-00813,professional,2026-04-12,Sun,PVR Cinemas,Entertainment,movies,UPI,1,374.0,67.32,33.66,33.66,18,29HMRFR3835S1Z6,441.0,False,False,
professional-00814,professional,2026-04-12,Sun,Netflix,Entertainment,subscription,Card,1,550.0,99.0,49.5,49.5,18,29GNPUE2767Z1ZA,649.0,True,False,
professional-00815,professional,2026-04-13,Mon,Starbucks,Food & Dining,restaurant,Card,1,320.0,16.0,8.0,8.0,5,29CVXJT1220K1ZK,336.0,False,False,
professional-00816,professional,2026-04-13,Mon,Swiggy,Food & Dining,restaurant,UPI,2,710.0,35.5,17.75,17.75,5,29HCXTK4397A1ZS,746.0,False,False,
professional-00817,professional,2026-04-13,Mon,BigBasket,Groceries,groceries,UPI,4,977.0,48.85,24.43,24.43,5,29FLHAX8175M1ZJ,1026.0,False,False,
professional-00818,professional,2026-04-13,Mon,Uber,Travel,cab,UPI,1,479.0,23.95,11.97,11.97,5,29APZGW9881Q1ZP,503.0,False,False,
professional-00819,professional,2026-04-13,Mon,Uber,Travel,cab,Card,1,409.0,20.45,10.22,10.22,5,29APZGW9881Q1ZP,429.0,False,False,
professional-00820,professional,2026-04-13,Mon,Uber,Travel,cab,Card,1,417.0,20.85,10.43,10.43,5,29APZGW9881Q1ZP,438.0,False,False,
professional-00821,professional,2026-04-14,Tue,Starbucks,Food & Dining,restaurant,UPI,2,610.0,30.5,15.25,15.25,5,29CVXJT1220K1ZK,640.0,False,False,
professional-00822,professional,2026-04-14,Tue,Starbucks,Food & Dining,restaurant,Card,2,540.0,27.0,13.5,13.5,5,29CVXJT1220K1ZK,567.0,False,False,
professional-00823,professional,2026-04-14,Tue,Starbucks,Food & Dining,restaurant,UPI,2,900.0,45.0,22.5,22.5,5,29CVXJT1220K1ZK,945.0,False,False,
professional-00824,professional,2026-04-14,Tue,Swiggy,Food & Dining,restaurant,UPI,1,320.0,16.0,8.0,8.0,5,29HCXTK4397A1ZS,336.0,False,False,
professional-00825,professional,2026-04-14,Tue,BigBasket,Groceries,groceries,UPI,2,1019.0,50.95,25.48,25.48,5,29FLHAX8175M1ZJ,1070.0,False,False,
professional-00826,professional,2026-04-15,Wed,Uber,Travel,cab,UPI,1,460.0,23.0,11.5,11.5,5,29APZGW9881Q1ZP,483.0,False,False,
professional-00827,professional,2026-04-15,Wed,BESCOM,Bills & Utilities,electricity,Card,1,2016.0,0.0,,,,29HLKPB5104M1ZL,2016.0,True,False,
professional-00828,professional,2026-04-15,Wed,Louis Vuitton,Shopping,clothing,UPI,1,145000.0,26100.0,13050.0,13050.0,18,29YJXZI3058R1Z7,171100.0,False,True,unusual_merchant
professional-00829,professional,2026-04-16,Thu,Uber,Travel,cab,UPI,1,205.0,10.25,5.12,5.12,5,29APZGW9881Q1ZP,215.0,False,False,
professional-00830,professional,2026-04-17,Fri,Swiggy,Food & Dining,restaurant,Card,3,6354,317.7,158.85,158.85,5,29HCXTK4397A1ZS,6672.0,False,True,spike
professional-00831,professional,2026-04-18,Sat,Swiggy,Food & Dining,restaurant,Cash,2,580.0,29.0,14.5,14.5,5,29HCXTK4397A1ZS,609.0,False,False,
professional-00832,professional,2026-04-19,Sun,Uber,Travel,cab,Cash,1,352.0,17.6,8.8,8.8,5,29APZGW9881Q1ZP,370.0,False,False,
professional-00833,professional,2026-04-19,Sun,Uber,Travel,cab,UPI,1,398.0,19.9,9.95,9.95,5,29APZGW9881Q1ZP,418.0,False,False,
professional-00834,professional,2026-04-19,Sun,Uber,Travel,cab,UPI,1,340.0,17.0,8.5,8.5,5,29APZGW9881Q1ZP,357.0,False,False,
professional-00835,professional,2026-04-20,Mon,Starbucks,Food & Dining,restaurant,Card,1,320.0,16.0,8.0,8.0,5,29CVXJT1220K1ZK,336.0,False,False,
professional-00836,professional,2026-04-21,Tue,Starbucks,Food & Dining,restaurant,Cash,1,290.0,14.5,7.25,7.25,5,29CVXJT1220K1ZK,304.0,False,False,
professional-00837,professional,2026-04-21,Tue,Swiggy,Food & Dining,restaurant,Card,2,640.0,32.0,16.0,16.0,5,29HCXTK4397A1ZS,672.0,False,False,
professional-00838,professional,2026-04-22,Wed,Swiggy,Food & Dining,restaurant,Card,2,830.0,41.5,20.75,20.75,5,29HCXTK4397A1ZS,872.0,False,False,
professional-00839,professional,2026-04-22,Wed,BigBasket,Groceries,groceries,Card,5,2028.0,101.4,50.7,50.7,5,29FLHAX8175M1ZJ,2129.0,False,False,
professional-00840,professional,2026-04-22,Wed,Uber,Travel,cab,UPI,1,419.0,20.95,10.47,10.47,5,29APZGW9881Q1ZP,440.0,False,False,
professional-00841,professional,2026-04-22,Wed,Uber,Travel,cab,UPI,1,364.0,18.2,9.1,9.1,5,29APZGW9881Q1ZP,382.0,False,False,
professional-00842,professional,2026-04-22,Wed,Uber,Travel,cab,Card,1,370.0,18.5,9.25,9.25,5,29APZGW9881Q1ZP,388.0,False,False,
professional-00843,professional,2026-04-23,Thu,Starbucks,Food & Dining,restaurant,UPI,1,250.0,12.5,6.25,6.25,5,29CVXJT1220K1ZK,262.0,False,False,
professional-00844,professional,2026-04-23,Thu,Swiggy,Food & Dining,restaurant,UPI,3,1250.0,62.5,31.25,31.25,5,29HCXTK4397A1ZS,1312.0,False,False,
professional-00845,professional,2026-04-23,Thu,Uber,Travel,cab,UPI,1,436.0,21.8,10.9,10.9,5,29APZGW9881Q1ZP,458.0,False,False,
professional-00846,professional,2026-04-23,Thu,Uber,Travel,cab,UPI,1,424.0,21.2,10.6,10.6,5,29APZGW9881Q1ZP,445.0,False,False,
professional-00847,professional,2026-04-23,Thu,Uber,Travel,cab,UPI,1,446.0,22.3,11.15,11.15,5,29APZGW9881Q1ZP,468.0,False,False,
professional-00848,professional,2026-04-24,Fri,Truffles,Food & Dining,restaurant,UPI,2,830.0,41.5,20.75,20.75,5,29HNPMA3964I1ZB,872.0,False,False,
professional-00849,professional,2026-04-24,Fri,Uber,Travel,cab,UPI,1,368.0,18.4,9.2,9.2,5,29APZGW9881Q1ZP,386.0,False,False,
professional-00850,professional,2026-04-25,Sat,Uber,Travel,cab,Card,1,312.0,15.6,7.8,7.8,5,29APZGW9881Q1ZP,328.0,False,False,
professional-00851,professional,2026-04-25,Sat,Uber,Travel,cab,UPI,1,228.0,11.4,5.7,5.7,5,29APZGW9881Q1ZP,239.0,False,False,
professional-00852,professional,2026-04-25,Sat,Zara,Shopping,clothing,UPI,1,1290.0,64.5,32.25,32.25,5,29NTQEA9173M1Z8,1354.0,False,False,
professional-00853,professional,2026-04-26,Sun,Swiggy,Food & Dining,restaurant,Card,3,1130.0,56.5,28.25,28.25,5,29HCXTK4397A1ZS,1186.0,False,False,
professional-00854,professional,2026-04-26,Sun,Uber,Travel,cab,UPI,1,314.0,15.7,7.85,7.85,5,29APZGW9881Q1ZP,330.0,False,False,
professional-00855,professional,2026-04-26,Sun,Uber,Travel,cab,Card,1,453.0,22.65,11.32,11.32,5,29APZGW9881Q1ZP,476.0,False,False,
professional-00856,professional,2026-04-26,Sun,Uber,Travel,cab,UPI,1,401.0,20.05,10.03,10.03,5,29APZGW9881Q1ZP,421.0,False,False,
professional-00857,professional,2026-04-27,Mon,Swiggy,Food & Dining,restaurant,Card,2,1160.0,58.0,29.0,29.0,5,29HCXTK4397A1ZS,1218.0,False,False,
professional-00858,professional,2026-04-27,Mon,Uber,Travel,cab,Card,1,442.0,22.1,11.05,11.05,5,29APZGW9881Q1ZP,464.0,False,False,
professional-00859,professional,2026-04-28,Tue,Uber,Travel,cab,Card,1,422.0,21.1,10.55,10.55,5,29APZGW9881Q1ZP,443.0,False,False,
professional-00860,professional,2026-04-30,Thu,Starbucks,Food & Dining,restaurant,UPI,2,820.0,41.0,20.5,20.5,5,29CVXJT1220K1ZK,861.0,False,False,
professional-00861,professional,2026-04-30,Thu,Swiggy,Food & Dining,restaurant,Card,3,1500.0,75.0,37.5,37.5,5,29HCXTK4397A1ZS,1575.0,False,False,
professional-00862,professional,2026-04-30,Thu,Swiggy,Food & Dining,restaurant,Card,1,450.0,22.5,11.25,11.25,5,29HCXTK4397A1ZS,472.0,False,False,
professional-00863,professional,2026-05-01,Fri,Cult.fit,Health,salon_gym,Card,1,1695.0,84.75,42.38,42.38,5,29HSITK9933C1ZY,1780.0,True,False,
professional-00864,professional,2026-05-02,Sat,Starbucks,Food & Dining,restaurant,UPI,2,670.0,33.5,16.75,16.75,5,29CVXJT1220K1ZK,704.0,False,False,
professional-00865,professional,2026-05-02,Sat,Rent - Koramangala flat,Bills & Utilities,other,Card,1,22000.0,0.0,,,,,22000.0,True,False,
professional-00866,professional,2026-05-03,Sun,Swiggy,Food & Dining,restaurant,UPI,3,1580.0,79.0,39.5,39.5,5,29HCXTK4397A1ZS,1659.0,False,False,
professional-00867,professional,2026-05-07,Thu,Starbucks,Food & Dining,restaurant,UPI,2,500.0,25.0,12.5,12.5,5,29CVXJT1220K1ZK,525.0,False,False,
professional-00868,professional,2026-05-07,Thu,Airtel Xstream Fiber,Bills & Utilities,telecom,Card,1,847.0,152.46,76.23,76.23,18,29LARPZ5412I1ZU,999.0,True,False,
professional-00869,professional,2026-05-08,Fri,Starbucks,Food & Dining,restaurant,UPI,1,250.0,12.5,6.25,6.25,5,29CVXJT1220K1ZK,262.0,False,False,
professional-00870,professional,2026-05-09,Sat,Starbucks,Food & Dining,restaurant,UPI,1,210.0,10.5,5.25,5.25,5,29CVXJT1220K1ZK,220.0,False,False,
professional-00871,professional,2026-05-09,Sat,BigBasket,Groceries,groceries,UPI,2,1007.0,50.35,25.18,25.18,5,29FLHAX8175M1ZJ,1057.0,False,False,
professional-00872,professional,2026-05-09,Sat,Uber,Travel,cab,Card,1,427.0,21.35,10.68,10.68,5,29APZGW9881Q1ZP,448.0,False,False,
professional-00873,professional,2026-05-10,Sun,Starbucks,Food & Dining,restaurant,UPI,2,790.0,39.5,19.75,19.75,5,29CVXJT1220K1ZK,830.0,False,False,
professional-00874,professional,2026-05-10,Sun,BigBasket,Groceries,groceries,Card,2,380.0,19.0,9.5,9.5,5,29FLHAX8175M1ZJ,399.0,False,False,
professional-00875,professional,2026-05-10,Sun,Uber,Travel,cab,Card,1,197.0,9.85,4.92,4.92,5,29APZGW9881Q1ZP,207.0,False,False,
professional-00876,professional,2026-05-11,Mon,Starbucks,Food & Dining,restaurant,UPI,2,500.0,25.0,12.5,12.5,5,29CVXJT1220K1ZK,525.0,False,False,
professional-00877,professional,2026-05-11,Mon,Swiggy,Food & Dining,restaurant,Card,2,680.0,34.0,17.0,17.0,5,29HCXTK4397A1ZS,714.0,False,False,
professional-00878,professional,2026-05-12,Tue,Swiggy,Food & Dining,restaurant,UPI,2,1160.0,58.0,29.0,29.0,5,29HCXTK4397A1ZS,1218.0,False,False,
professional-00879,professional,2026-05-12,Tue,Uber,Travel,cab,UPI,1,363.0,18.15,9.07,9.07,5,29APZGW9881Q1ZP,381.0,False,False,
professional-00880,professional,2026-05-12,Tue,PVR Cinemas,Entertainment,movies,UPI,1,303.0,54.54,27.27,27.27,18,29HMRFR3835S1Z6,358.0,False,False,
professional-00881,professional,2026-05-12,Tue,Lemon Tree Hotels,Travel,hotel_stay,UPI,1,5611.0,280.55,140.28,140.28,5,29XNFAH8245F1ZR,5892.0,False,False,
professional-00882,professional,2026-05-12,Tue,Netflix,Entertainment,subscription,Card,1,550.0,99.0,49.5,49.5,18,29GNPUE2767Z1ZA,649.0,True,False,
professional-00883,professional,2026-05-13,Wed,Starbucks,Food & Dining,restaurant,Card,2,610.0,30.5,15.25,15.25,5,29CVXJT1220K1ZK,640.0,False,False,
professional-00884,professional,2026-05-13,Wed,Swiggy,Food & Dining,restaurant,UPI,3,1130.0,56.5,28.25,28.25,5,29HCXTK4397A1ZS,1186.0,False,False,
professional-00885,professional,2026-05-13,Wed,Swiggy,Food & Dining,restaurant,Cash,2,1160.0,58.0,29.0,29.0,5,29HCXTK4397A1ZS,1218.0,False,False,
professional-00886,professional,2026-05-13,Wed,Uber,Travel,cab,Card,1,434.0,21.7,10.85,10.85,5,29APZGW9881Q1ZP,456.0,False,False,
professional-00887,professional,2026-05-13,Wed,PVR Cinemas,Entertainment,movies,Card,2,737.0,132.66,66.33,66.33,18,29HMRFR3835S1Z6,870.0,False,False,
professional-00888,professional,2026-05-14,Thu,Uber,Travel,cab,UPI,1,234.0,11.7,5.85,5.85,5,29APZGW9881Q1ZP,246.0,False,False,
professional-00889,professional,2026-05-14,Thu,Uber,Travel,cab,UPI,1,292.0,14.6,7.3,7.3,5,29APZGW9881Q1ZP,307.0,False,False,
professional-00890,professional,2026-05-14,Thu,Uber,Travel,cab,UPI,1,495.0,24.75,12.38,12.38,5,29APZGW9881Q1ZP,520.0,False,False,
professional-00891,professional,2026-05-15,Fri,Swiggy,Food & Dining,restaurant,Card,3,1540.0,77.0,38.5,38.5,5,29HCXTK4397A1ZS,1617.0,False,False,
professional-00892,professional,2026-05-15,Fri,BigBasket,Groceries,groceries,UPI,2,558.0,27.9,13.95,13.95,5,29FLHAX8175M1ZJ,586.0,False,False,
professional-00893,professional,2026-05-15,Fri,BESCOM,Bills & Utilities,electricity,Card,1,1334.0,0.0,,,,29HLKPB5104M1ZL,1334.0,True,False,
professional-00894,professional,2026-05-16,Sat,Truffles,Food & Dining,restaurant,UPI,4,1140.0,57.0,28.5,28.5,5,29HNPMA3964I1ZB,1197.0,False,False,
professional-00895,professional,2026-05-18,Mon,Starbucks,Food & Dining,restaurant,Card,2,1140.0,57.0,28.5,28.5,5,29CVXJT1220K1ZK,1197.0,False,False,
professional-00896,professional,2026-05-18,Mon,Uber,Travel,cab,Card,1,482.0,24.1,12.05,12.05,5,29APZGW9881Q1ZP,506.0,False,False,
professional-00897,professional,2026-05-20,Wed,Uber,Travel,cab,UPI,1,274.0,13.7,6.85,6.85,5,29APZGW9881Q1ZP,288.0,False,False,
professional-00898,professional,2026-05-21,Thu,Starbucks,Food & Dining,restaurant,UPI,1,250.0,12.5,6.25,6.25,5,29CVXJT1220K1ZK,262.0,False,False,
professional-00899,professional,2026-05-21,Thu,Uber,Travel,cab,Card,1,335.0,16.75,8.38,8.38,5,29APZGW9881Q1ZP,352.0,False,False,
professional-00900,professional,2026-05-21,Thu,Louis Vuitton,Shopping,clothing,Card,1,145000.0,26100.0,13050.0,13050.0,18,29YJXZI3058R1Z7,171100.0,False,True,unusual_merchant
professional-00901,professional,2026-05-24,Sun,Apollo Pharmacy,Health,medicine,Card,2,345.0,17.25,8.62,8.62,5,29RWDQS3381O1ZI,362.0,False,False,
professional-00902,professional,2026-05-25,Mon,Uber,Travel,cab,Card,1,518.0,25.9,12.95,12.95,5,29APZGW9881Q1ZP,544.0,False,False,
professional-00903,professional,2026-05-26,Tue,Uber,Travel,cab,UPI,1,451.0,22.55,11.28,11.28,5,29APZGW9881Q1ZP,474.0,False,False,
professional-00904,professional,2026-05-27,Wed,Swiggy,Food & Dining,restaurant,Card,2,710.0,35.5,17.75,17.75,5,29HCXTK4397A1ZS,746.0,False,False,
professional-00905,professional,2026-05-28,Thu,BigBasket,Groceries,groceries,Card,4,1756.0,87.8,43.9,43.9,5,29FLHAX8175M1ZJ,1844.0,False,False,
professional-00906,professional,2026-05-28,Thu,BigBasket,Groceries,groceries,Card,2,1007.0,50.35,25.18,25.18,5,29FLHAX8175M1ZJ,1057.0,False,False,
professional-00907,professional,2026-05-28,Thu,Louis Vuitton,Shopping,clothing,UPI,1,145000.0,26100.0,13050.0,13050.0,18,29YJXZI3058R1Z7,171100.0,False,True,unusual_merchant
professional-00908,professional,2026-05-30,Sat,Swiggy,Food & Dining,restaurant,UPI,3,1350.0,67.5,33.75,33.75,5,29HCXTK4397A1ZS,1418.0,False,False,
professional-00909,professional,2026-05-31,Sun,Swiggy,Food & Dining,restaurant,Card,3,1480.0,74.0,37.0,37.0,5,29HCXTK4397A1ZS,1554.0,False,False,
professional-00910,professional,2026-05-31,Sun,Swiggy,Food & Dining,restaurant,Cash,2,800.0,40.0,20.0,20.0,5,29HCXTK4397A1ZS,840.0,False,False,
professional-00911,professional,2026-05-31,Sun,Swiggy,Food & Dining,restaurant,Card,3,1740.0,87.0,43.5,43.5,5,29HCXTK4397A1ZS,1827.0,False,False,
professional-00912,professional,2026-06-01,Mon,PVR Cinemas,Entertainment,movies,Card,1,312.0,56.16,28.08,28.08,18,29HMRFR3835S1Z6,368.0,False,False,
professional-00913,professional,2026-06-01,Mon,Cult.fit,Health,salon_gym,Card,1,1695.0,84.75,42.38,42.38,5,29HSITK9933C1ZY,1780.0,True,False,
professional-00914,professional,2026-06-02,Tue,Swiggy,Food & Dining,restaurant,UPI,2,710.0,35.5,17.75,17.75,5,29HCXTK4397A1ZS,746.0,False,False,
professional-00915,professional,2026-06-02,Tue,Rent - Koramangala flat,Bills & Utilities,other,Card,1,22000.0,0.0,,,,,22000.0,True,False,
professional-00916,professional,2026-06-03,Wed,Swiggy,Food & Dining,restaurant,UPI,2,770.0,38.5,19.25,19.25,5,29HCXTK4397A1ZS,808.0,False,False,
professional-00917,professional,2026-06-03,Wed,BigBasket,Groceries,groceries,UPI,3,1648.0,82.4,41.2,41.2,5,29FLHAX8175M1ZJ,1730.0,False,False,
professional-00918,professional,2026-06-03,Wed,PVR Cinemas,Entertainment,movies,UPI,2,671.0,120.78,60.39,60.39,18,29HMRFR3835S1Z6,792.0,False,False,
professional-00919,professional,2026-06-05,Fri,Starbucks,Food & Dining,restaurant,Card,1,290.0,14.5,7.25,7.25,5,29CVXJT1220K1ZK,304.0,False,False,
professional-00920,professional,2026-06-05,Fri,Starbucks,Food & Dining,restaurant,UPI,1,290.0,14.5,7.25,7.25,5,29CVXJT1220K1ZK,304.0,False,False,
professional-00921,professional,2026-06-06,Sat,BigBasket,Groceries,groceries,UPI,2,558.0,27.9,13.95,13.95,5,29FLHAX8175M1ZJ,586.0,False,False,
professional-00922,professional,2026-06-07,Sun,Airtel Xstream Fiber,Bills & Utilities,telecom,Card,1,847.0,152.46,76.23,76.23,18,29LARPZ5412I1ZU,999.0,True,False,
professional-00923,professional,2026-06-08,Mon,Swiggy,Food & Dining,restaurant,Cash,3,1350.0,67.5,33.75,33.75,5,29HCXTK4397A1ZS,1418.0,False,False,
professional-00924,professional,2026-06-09,Tue,BigBasket,Groceries,groceries,UPI,4,938.0,46.9,23.45,23.45,5,29FLHAX8175M1ZJ,985.0,False,False,
professional-00925,professional,2026-06-10,Wed,Uber,Travel,cab,Card,1,492.0,24.6,12.3,12.3,5,29APZGW9881Q1ZP,517.0,False,False,
professional-00926,professional,2026-06-11,Thu,Swiggy,Food & Dining,restaurant,Cash,3,9409,470.45,235.22,235.22,5,29HCXTK4397A1ZS,9879.0,False,True,spike
professional-00927,professional,2026-06-11,Thu,Swiggy,Food & Dining,restaurant,Card,1,320.0,16.0,8.0,8.0,5,29HCXTK4397A1ZS,336.0,False,False,
professional-00928,professional,2026-06-12,Fri,Uber,Travel,cab,UPI,1,497.0,24.85,12.43,12.43,5,29APZGW9881Q1ZP,522.0,False,False,
professional-00929,professional,2026-06-12,Fri,Uber,Travel,cab,Card,1,186.0,9.3,4.65,4.65,5,29APZGW9881Q1ZP,195.0,False,False,
professional-00930,professional,2026-06-12,Fri,Netflix,Entertainment,subscription,Card,1,550.0,99.0,49.5,49.5,18,29GNPUE2767Z1ZA,649.0,True,False,
professional-00931,professional,2026-06-13,Sat,Uber,Travel,cab,Card,1,512.0,25.6,12.8,12.8,5,29APZGW9881Q1ZP,538.0,False,False,
professional-00932,professional,2026-06-13,Sat,Zara,Shopping,clothing,Card,1,2990.0,538.2,269.1,269.1,18,29NTQEA9173M1Z8,3528.0,False,False,
professional-00933,professional,2026-06-14,Sun,Swiggy,Food & Dining,restaurant,Card,2,710.0,35.5,17.75,17.75,5,29HCXTK4397A1ZS,746.0,False,False,
professional-00934,professional,2026-06-14,Sun,Swiggy,Food & Dining,restaurant,UPI,2,870.0,43.5,21.75,21.75,5,29HCXTK4397A1ZS,914.0,False,False,
professional-00935,professional,2026-06-14,Sun,BigBasket,Groceries,groceries,Card,2,710.0,35.5,17.75,17.75,5,29FLHAX8175M1ZJ,746.0,False,False,
professional-00936,professional,2026-06-14,Sun,Uber,Travel,cab,UPI,1,506.0,25.3,12.65,12.65,5,29APZGW9881Q1ZP,531.0,False,False,
professional-00937,professional,2026-06-14,Sun,Uber,Travel,cab,UPI,1,486.0,24.3,12.15,12.15,5,29APZGW9881Q1ZP,510.0,False,False,
professional-00938,professional,2026-06-15,Mon,BESCOM,Bills & Utilities,electricity,Card,1,1649.0,0.0,,,,29HLKPB5104M1ZL,1649.0,True,False,
professional-00939,professional,2026-06-16,Tue,Zara,Shopping,clothing,UPI,1,1290.0,64.5,32.25,32.25,5,29NTQEA9173M1Z8,1354.0,False,False,
professional-00940,professional,2026-06-18,Thu,Zara,Shopping,clothing,UPI,1,3990.0,718.2,359.1,359.1,18,29NTQEA9173M1Z8,4708.0,False,False,
professional-00941,professional,2026-06-19,Fri,Uber,Travel,cab,Card,1,215.0,10.75,5.38,5.38,5,29APZGW9881Q1ZP,226.0,False,False,
professional-00942,professional,2026-06-20,Sat,BigBasket,Groceries,groceries,Cash,2,419.0,20.95,10.47,10.47,5,29FLHAX8175M1ZJ,440.0,False,False,
professional-00943,professional,2026-06-20,Sat,Uber,Travel,cab,UPI,1,457.0,22.85,11.43,11.43,5,29APZGW9881Q1ZP,480.0,False,False,
professional-00944,professional,2026-06-20,Sat,Apple Store,Shopping,electronics,Cash,1,99900.0,17982.0,8991.0,8991.0,18,29FBOEZ4824T1ZZ,117882.0,False,True,unusual_merchant
professional-00945,professional,2026-06-21,Sun,Swiggy,Food & Dining,restaurant,UPI,3,1150.0,57.5,28.75,28.75,5,29HCXTK4397A1ZS,1208.0,False,False,
professional-00946,professional,2026-06-22,Mon,Swiggy,Food & Dining,restaurant,UPI,2,800.0,40.0,20.0,20.0,5,29HCXTK4397A1ZS,840.0,False,False,
professional-00947,professional,2026-06-22,Mon,Apollo Pharmacy,Health,medicine,UPI,1,35.0,1.75,0.88,0.88,5,29RWDQS3381O1ZI,37.0,False,False,
professional-00948,professional,2026-06-23,Tue,Starbucks,Food & Dining,restaurant,UPI,1,320.0,16.0,8.0,8.0,5,29CVXJT1220K1ZK,336.0,False,False,
professional-00949,professional,2026-06-23,Tue,BigBasket,Groceries,groceries,Cash,5,1237.0,61.85,30.93,30.93,5,29FLHAX8175M1ZJ,1299.0,False,False,
professional-00950,professional,2026-06-26,Fri,Starbucks,Food & Dining,restaurant,Card,2,610.0,30.5,15.25,15.25,5,29CVXJT1220K1ZK,640.0,False,False,
professional-00951,professional,2026-06-26,Fri,Uber,Travel,cab,Card,1,339.0,16.95,8.47,8.47,5,29APZGW9881Q1ZP,356.0,False,False,
professional-00952,professional,2026-06-26,Fri,Uber,Travel,cab,UPI,1,181.0,9.05,4.53,4.53,5,29APZGW9881Q1ZP,190.0,False,False,
professional-00953,professional,2026-06-27,Sat,PVR Cinemas,Entertainment,movies,Card,2,806.0,145.08,72.54,72.54,18,29HMRFR3835S1Z6,951.0,False,False,
professional-00954,professional,2026-06-28,Sun,Uber,Travel,cab,Card,1,451.0,22.55,11.28,11.28,5,29APZGW9881Q1ZP,474.0,False,False,
professional-00955,professional,2026-06-28,Sun,PVR Cinemas,Entertainment,movies,UPI,2,807.0,145.26,72.63,72.63,18,29HMRFR3835S1Z6,952.0,False,False,
professional-00956,professional,2026-06-28,Sun,Uber,Travel,cab,Card,1,451.0,22.55,11.28,11.28,5,29APZGW9881Q1ZP,474.0,False,True,duplicate
professional-00957,professional,2026-06-30,Tue,Starbucks,Food & Dining,restaurant,Card,1,290.0,14.5,7.25,7.25,5,29CVXJT1220K1ZK,304.0,False,False,
professional-00958,professional,2026-06-30,Tue,Starbucks,Food & Dining,restaurant,Card,1,320.0,16.0,8.0,8.0,5,29CVXJT1220K1ZK,336.0,False,False,
professional-00959,professional,2026-06-30,Tue,PVR Cinemas,Entertainment,movies,Card,2,816.0,146.88,73.44,73.44,18,29HMRFR3835S1Z6,963.0,False,False,
professional-00960,professional,2026-07-01,Wed,Cult.fit,Health,salon_gym,Card,1,1695.0,84.75,42.38,42.38,5,29HSITK9933C1ZY,1780.0,True,False,
professional-00961,professional,2026-07-02,Thu,Starbucks,Food & Dining,restaurant,Card,1,290.0,14.5,7.25,7.25,5,29CVXJT1220K1ZK,304.0,False,False,
professional-00962,professional,2026-07-02,Thu,Swiggy,Food & Dining,restaurant,Card,2,830.0,41.5,20.75,20.75,5,29HCXTK4397A1ZS,872.0,False,False,
professional-00963,professional,2026-07-02,Thu,Truffles,Food & Dining,restaurant,Card,4,1490.0,74.5,37.25,37.25,5,29HNPMA3964I1ZB,1564.0,False,False,
professional-00964,professional,2026-07-02,Thu,BigBasket,Groceries,groceries,UPI,4,787.0,39.35,19.68,19.68,5,29FLHAX8175M1ZJ,826.0,False,False,
professional-00965,professional,2026-07-02,Thu,Uber,Travel,cab,Card,1,489.0,24.45,12.22,12.22,5,29APZGW9881Q1ZP,513.0,False,False,
professional-00966,professional,2026-07-02,Thu,Rent - Koramangala flat,Bills & Utilities,other,Card,1,22000.0,0.0,,,,,22000.0,True,False,
professional-00967,professional,2026-07-03,Fri,Starbucks,Food & Dining,restaurant,UPI,1,580.0,29.0,14.5,14.5,5,29CVXJT1220K1ZK,609.0,False,False,
professional-00968,professional,2026-07-03,Fri,BigBasket,Groceries,groceries,UPI,3,1009.0,50.45,25.23,25.23,5,29FLHAX8175M1ZJ,1059.0,False,False,
professional-00969,professional,2026-07-04,Sat,Starbucks,Food & Dining,restaurant,Card,2,460.0,23.0,11.5,11.5,5,29CVXJT1220K1ZK,483.0,False,False,
professional-00970,professional,2026-07-04,Sat,Starbucks,Food & Dining,restaurant,UPI,2,610.0,30.5,15.25,15.25,5,29CVXJT1220K1ZK,640.0,False,False,
professional-00971,professional,2026-07-04,Sat,Swiggy,Food & Dining,restaurant,Card,1,320.0,16.0,8.0,8.0,5,29HCXTK4397A1ZS,336.0,False,False,
professional-00972,professional,2026-07-05,Sun,BigBasket,Groceries,groceries,Card,3,830.0,41.5,20.75,20.75,5,29FLHAX8175M1ZJ,872.0,False,False,
professional-00973,professional,2026-07-05,Sun,BigBasket,Groceries,groceries,Card,2,1019.0,50.95,25.48,25.48,5,29FLHAX8175M1ZJ,1070.0,False,False,
professional-00974,professional,2026-07-05,Sun,BigBasket,Groceries,groceries,Card,3,1009.0,50.45,25.23,25.23,5,29FLHAX8175M1ZJ,1059.0,False,False,
professional-00975,professional,2026-07-05,Sun,Zara,Shopping,clothing,Card,2,6280.0,1130.4,565.2,565.2,18,29NTQEA9173M1Z8,7410.0,False,False,
professional-00976,professional,2026-07-05,Sun,Emirates,Travel,air,Card,1,42000.0,2100.0,1050.0,1050.0,5,29WBGHY1469T1Z8,44100.0,False,True,unusual_merchant
professional-00977,professional,2026-07-06,Mon,Swiggy,Food & Dining,restaurant,Cash,3,1190.0,59.5,29.75,29.75,5,29HCXTK4397A1ZS,1250.0,False,False,
professional-00978,professional,2026-07-06,Mon,Swiggy,Food & Dining,restaurant,Card,1,260.0,13.0,6.5,6.5,5,29HCXTK4397A1ZS,273.0,False,False,
professional-00979,professional,2026-07-07,Tue,Uber,Travel,cab,UPI,1,483.0,24.15,12.07,12.07,5,29APZGW9881Q1ZP,507.0,False,False,
professional-00980,professional,2026-07-07,Tue,Uber,Travel,cab,Card,1,302.0,15.1,7.55,7.55,5,29APZGW9881Q1ZP,317.0,False,False,
professional-00981,professional,2026-07-07,Tue,Airtel Xstream Fiber,Bills & Utilities,telecom,Card,1,847.0,152.46,76.23,76.23,18,29LARPZ5412I1ZU,999.0,True,False,
professional-00982,professional,2026-07-08,Wed,Swiggy,Food & Dining,restaurant,Cash,3,1000.0,50.0,25.0,25.0,5,29HCXTK4397A1ZS,1050.0,False,False,
professional-00983,professional,2026-07-09,Thu,Swiggy,Food & Dining,restaurant,Cash,3,1120.0,56.0,28.0,28.0,5,29HCXTK4397A1ZS,1176.0,False,False,
professional-00984,professional,2026-07-09,Thu,Uber,Travel,cab,UPI,1,183.0,9.15,4.58,4.58,5,29APZGW9881Q1ZP,192.0,False,False,
professional-00985,professional,2026-07-10,Fri,Swiggy,Food & Dining,restaurant,Card,1,760.0,38.0,19.0,19.0,5,29HCXTK4397A1ZS,798.0,False,False,
professional-00986,professional,2026-07-10,Fri,Uber,Travel,cab,Card,1,471.0,23.55,11.78,11.78,5,29APZGW9881Q1ZP,495.0,False,False,
professional-00987,professional,2026-07-11,Sat,Starbucks,Food & Dining,restaurant,Card,1,320.0,16.0,8.0,8.0,5,29CVXJT1220K1ZK,336.0,False,False,
professional-00988,professional,2026-07-11,Sat,Truffles,Food & Dining,restaurant,UPI,4,1320.0,66.0,33.0,33.0,5,29HNPMA3964I1ZB,1386.0,False,False,
professional-00989,professional,2026-07-11,Sat,Uber,Travel,cab,UPI,1,242.0,12.1,6.05,6.05,5,29APZGW9881Q1ZP,254.0,False,False,
professional-00990,professional,2026-07-11,Sat,Apollo Pharmacy,Health,medicine,UPI,1,35.0,1.75,0.88,0.88,5,29RWDQS3381O1ZI,37.0,False,False,
professional-00991,professional,2026-07-12,Sun,Starbucks,Food & Dining,restaurant,UPI,2,530.0,26.5,13.25,13.25,5,29CVXJT1220K1ZK,556.0,False,False,
professional-00992,professional,2026-07-12,Sun,Uber,Travel,cab,Card,1,473.0,23.65,11.82,11.82,5,29APZGW9881Q1ZP,497.0,False,False,
professional-00993,professional,2026-07-12,Sun,Netflix,Entertainment,subscription,Card,1,550.0,99.0,49.5,49.5,18,29GNPUE2767Z1ZA,649.0,True,False,
professional-00994,professional,2026-07-13,Mon,Swiggy,Food & Dining,restaurant,UPI,3,1350.0,67.5,33.75,33.75,5,29HCXTK4397A1ZS,1418.0,False,False,
professional-00995,professional,2026-07-13,Mon,BigBasket,Groceries,groceries,UPI,5,1237.0,61.85,30.93,30.93,5,29FLHAX8175M1ZJ,1299.0,False,False,
professional-00996,professional,2026-07-13,Mon,Uber,Travel,cab,Card,1,329.0,16.45,8.22,8.22,5,29APZGW9881Q1ZP,345.0,False,False,
professional-00997,professional,2026-07-14,Tue,Swiggy,Food & Dining,restaurant,UPI,1,450.0,22.5,11.25,11.25,5,29HCXTK4397A1ZS,472.0,False,False,
professional-00998,professional,2026-07-14,Tue,PVR Cinemas,Entertainment,movies,Card,1,428.0,77.04,38.52,38.52,18,29HMRFR3835S1Z6,505.0,False,False,
professional-00999,professional,2026-07-15,Wed,BESCOM,Bills & Utilities,electricity,Card,1,1162.0,0.0,,,,29HLKPB5104M1ZL,1162.0,True,False,
professional-01000,professional,2026-07-16,Thu,Swiggy,Food & Dining,restaurant,Cash,1,450.0,22.5,11.25,11.25,5,29HCXTK4397A1ZS,472.0,False,False,
professional-01001,professional,2026-07-16,Thu,Truffles,Food & Dining,restaurant,Card,4,1140.0,57.0,28.5,28.5,5,29HNPMA3964I1ZB,1197.0,False,False,
professional-01002,professional,2026-07-16,Thu,Uber,Travel,cab,UPI,1,269.0,13.45,6.72,6.72,5,29APZGW9881Q1ZP,282.0,False,False,
professional-01003,professional,2026-07-17,Fri,Swiggy,Food & Dining,restaurant,Card,1,320.0,16.0,8.0,8.0,5,29HCXTK4397A1ZS,336.0,False,False,
professional-01004,professional,2026-07-17,Fri,Truffles,Food & Dining,restaurant,Card,2,570.0,28.5,14.25,14.25,5,29HNPMA3964I1ZB,598.0,False,False,
professional-01005,professional,2026-07-17,Fri,Uber,Travel,cab,UPI,1,389.0,19.45,9.72,9.72,5,29APZGW9881Q1ZP,408.0,False,False,
professional-01006,professional,2026-07-17,Fri,Uber,Travel,cab,UPI,1,462.0,23.1,11.55,11.55,5,29APZGW9881Q1ZP,485.0,False,False,
professional-01007,professional,2026-07-18,Sat,Starbucks,Food & Dining,restaurant,UPI,2,610.0,30.5,15.25,15.25,5,29CVXJT1220K1ZK,640.0,False,False,
professional-01008,professional,2026-07-18,Sat,Swiggy,Food & Dining,restaurant,Card,2,1180.0,59.0,29.5,29.5,5,29HCXTK4397A1ZS,1239.0,False,False,
professional-01009,professional,2026-07-18,Sat,Swiggy,Food & Dining,restaurant,UPI,1,420.0,21.0,10.5,10.5,5,29HCXTK4397A1ZS,441.0,False,False,
professional-01010,professional,2026-07-18,Sat,Uber,Travel,cab,Card,1,382.0,19.1,9.55,9.55,5,29APZGW9881Q1ZP,401.0,False,False,
professional-01011,professional,2026-07-19,Sun,Swiggy,Food & Dining,restaurant,UPI,2,770.0,38.5,19.25,19.25,5,29HCXTK4397A1ZS,808.0,False,False,
professional-01012,professional,2026-07-20,Mon,Uber,Travel,cab,UPI,1,469.0,23.45,11.72,11.72,5,29APZGW9881Q1ZP,492.0,False,False,
professional-01013,professional,2026-07-20,Mon,PVR Cinemas,Entertainment,movies,UPI,2,714.0,128.52,64.26,64.26,18,29HMRFR3835S1Z6,843.0,False,False,
professional-01014,professional,2026-07-21,Tue,Starbucks,Food & Dining,restaurant,Card,1,210.0,10.5,5.25,5.25,5,29CVXJT1220K1ZK,220.0,False,False,
professional-01015,professional,2026-07-21,Tue,Swiggy,Food & Dining,restaurant,UPI,1,260.0,13.0,6.5,6.5,5,29HCXTK4397A1ZS,273.0,False,False,
professional-01016,professional,2026-07-22,Wed,Starbucks,Food & Dining,restaurant,UPI,2,460.0,23.0,11.5,11.5,5,29CVXJT1220K1ZK,483.0,False,False,
professional-01017,professional,2026-07-22,Wed,Uber,Travel,cab,Card,1,516.0,25.8,12.9,12.9,5,29APZGW9881Q1ZP,542.0,False,False,
professional-01018,professional,2026-07-22,Wed,Uber,Travel,cab,UPI,1,514.0,25.7,12.85,12.85,5,29APZGW9881Q1ZP,540.0,False,False,
professional-01019,professional,2026-07-23,Thu,Starbucks,Food & Dining,restaurant,Card,1,580.0,29.0,14.5,14.5,5,29CVXJT1220K1ZK,609.0,False,False,
professional-01020,professional,2026-07-24,Fri,Swiggy,Food & Dining,restaurant,Cash,1,840.0,42.0,21.0,21.0,5,29HCXTK4397A1ZS,882.0,False,False,
professional-01021,professional,2026-07-24,Fri,Truffles,Food & Dining,restaurant,UPI,2,530.0,26.5,13.25,13.25,5,29HNPMA3964I1ZB,556.0,False,False,
professional-01022,professional,2026-07-25,Sat,Swiggy,Food & Dining,restaurant,Card,2,710.0,35.5,17.75,17.75,5,29HCXTK4397A1ZS,746.0,False,False,
professional-01023,professional,2026-07-25,Sat,Uber,Travel,cab,Card,1,194.0,9.7,4.85,4.85,5,29APZGW9881Q1ZP,204.0,False,False,
professional-01024,professional,2026-07-25,Sat,Zara,Shopping,clothing,UPI,2,6280.0,1130.4,565.2,565.2,18,29NTQEA9173M1Z8,7410.0,False,False,
professional-01025,professional,2026-07-26,Sun,Starbucks,Food & Dining,restaurant,Card,1,250.0,12.5,6.25,6.25,5,29CVXJT1220K1ZK,262.0,False,False,
professional-01026,professional,2026-07-26,Sun,Uber,Travel,cab,Card,1,292.0,14.6,7.3,7.3,5,29APZGW9881Q1ZP,307.0,False,False,
professional-01027,professional,2026-07-27,Mon,Starbucks,Food & Dining,restaurant,Card,1,580.0,29.0,14.5,14.5,5,29CVXJT1220K1ZK,609.0,False,False,
professional-01028,professional,2026-07-27,Mon,BigBasket,Groceries,groceries,Card,5,1686.0,84.3,42.15,42.15,5,29FLHAX8175M1ZJ,1770.0,False,False,
professional-01029,professional,2026-07-27,Mon,Uber,Travel,cab,UPI,1,391.0,19.55,9.78,9.78,5,29APZGW9881Q1ZP,411.0,False,False,
professional-01030,professional,2026-07-28,Tue,Swiggy,Food & Dining,restaurant,Card,2,700.0,35.0,17.5,17.5,5,29HCXTK4397A1ZS,735.0,False,False,
professional-01031,professional,2026-07-29,Wed,Starbucks,Food & Dining,restaurant,UPI,1,290.0,14.5,7.25,7.25,5,29CVXJT1220K1ZK,304.0,False,False,
professional-01032,professional,2026-07-29,Wed,Starbucks,Food & Dining,restaurant,Card,1,210.0,10.5,5.25,5.25,5,29CVXJT1220K1ZK,220.0,False,False,
professional-01033,professional,2026-07-29,Wed,Starbucks,Food & Dining,restaurant,UPI,2,460.0,23.0,11.5,11.5,5,29CVXJT1220K1ZK,483.0,False,False,
professional-01034,professional,2026-07-30,Thu,Starbucks,Food & Dining,restaurant,Cash,1,250.0,12.5,6.25,6.25,5,29CVXJT1220K1ZK,262.0,False,False,
professional-01035,professional,2026-07-31,Fri,Starbucks,Food & Dining,restaurant,UPI,1,290.0,14.5,7.25,7.25,5,29CVXJT1220K1ZK,304.0,False,False,
professional-01036,professional,2026-07-31,Fri,Swiggy,Food & Dining,restaurant,Cash,1,260.0,13.0,6.5,6.5,5,29HCXTK4397A1ZS,273.0,False,False,
professional-01037,professional,2026-08-01,Sat,Swiggy,Food & Dining,restaurant,Card,2,580.0,29.0,14.5,14.5,5,29HCXTK4397A1ZS,609.0,False,False,
professional-01038,professional,2026-08-01,Sat,Cult.fit,Health,salon_gym,Card,1,1695.0,84.75,42.38,42.38,5,29HSITK9933C1ZY,1780.0,True,False,
professional-01039,professional,2026-08-02,Sun,Rent - Koramangala flat,Bills & Utilities,other,Card,1,22000.0,0.0,,,,,22000.0,True,False,
professional-01040,professional,2026-08-03,Mon,Starbucks,Food & Dining,restaurant,Card,2,540.0,27.0,13.5,13.5,5,29CVXJT1220K1ZK,567.0,False,False,
professional-01041,professional,2026-08-03,Mon,Swiggy,Food & Dining,restaurant,Card,2,1160.0,58.0,29.0,29.0,5,29HCXTK4397A1ZS,1218.0,False,False,
professional-01042,professional,2026-08-04,Tue,Starbucks,Food & Dining,restaurant,Card,2,570.0,28.5,14.25,14.25,5,29CVXJT1220K1ZK,598.0,False,False,
professional-01043,professional,2026-08-05,Wed,Truffles,Food & Dining,restaurant,UPI,2,570.0,28.5,14.25,14.25,5,29HNPMA3964I1ZB,598.0,False,False,
professional-01044,professional,2026-08-05,Wed,Truffles,Food & Dining,restaurant,UPI,2,1000.0,50.0,25.0,25.0,5,29HNPMA3964I1ZB,1050.0,False,False,
professional-01045,professional,2026-08-07,Fri,Airtel Xstream Fiber,Bills & Utilities,telecom,Card,1,847.0,152.46,76.23,76.23,18,29LARPZ5412I1ZU,999.0,True,False,
professional-01046,professional,2026-08-08,Sat,PVR Cinemas,Entertainment,movies,Card,1,380.0,68.4,34.2,34.2,18,29HMRFR3835S1Z6,448.0,False,False,
professional-01047,professional,2026-08-10,Mon,Truffles,Food & Dining,restaurant,UPI,4,1140.0,57.0,28.5,28.5,5,29HNPMA3964I1ZB,1197.0,False,False,
professional-01048,professional,2026-08-10,Mon,Uber,Travel,cab,UPI,1,463.0,23.15,11.57,11.57,5,29APZGW9881Q1ZP,486.0,False,False,
professional-01049,professional,2026-08-10,Mon,Uber,Travel,cab,Card,1,457.0,22.85,11.43,11.43,5,29APZGW9881Q1ZP,480.0,False,False,
professional-01050,professional,2026-08-10,Mon,PVR Cinemas,Entertainment,movies,Card,2,722.0,129.96,64.98,64.98,18,29HMRFR3835S1Z6,852.0,False,False,
professional-01051,professional,2026-08-11,Tue,Swiggy,Food & Dining,restaurant,UPI,3,1500.0,75.0,37.5,37.5,5,29HCXTK4397A1ZS,1575.0,False,False,
professional-01052,professional,2026-08-11,Tue,Uber,Travel,cab,UPI,1,190.0,9.5,4.75,4.75,5,29APZGW9881Q1ZP,200.0,False,False,
professional-01053,professional,2026-08-11,Tue,Apple Store,Shopping,electronics,UPI,1,99900.0,17982.0,8991.0,8991.0,18,29FBOEZ4824T1ZZ,117882.0,False,True,unusual_merchant
professional-01054,professional,2026-08-12,Wed,BigBasket,Groceries,groceries,UPI,4,787.0,39.35,19.68,19.68,5,29FLHAX8175M1ZJ,826.0,False,False,
professional-01055,professional,2026-08-12,Wed,Uber,Travel,cab,UPI,1,476.0,23.8,11.9,11.9,5,29APZGW9881Q1ZP,500.0,False,False,
professional-01056,professional,2026-08-12,Wed,Zara,Shopping,clothing,Card,2,5280.0,950.4,475.2,475.2,18,29NTQEA9173M1Z8,6230.0,False,False,
professional-01057,professional,2026-08-12,Wed,Netflix,Entertainment,subscription,Card,1,550.0,99.0,49.5,49.5,18,29GNPUE2767Z1ZA,649.0,True,False,
professional-01058,professional,2026-08-13,Thu,Starbucks,Food & Dining,restaurant,Card,1,250.0,12.5,6.25,6.25,5,29CVXJT1220K1ZK,262.0,False,False,
professional-01059,professional,2026-08-13,Thu,Starbucks,Food & Dining,restaurant,Card,1,320.0,16.0,8.0,8.0,5,29CVXJT1220K1ZK,336.0,False,False,
professional-01060,professional,2026-08-13,Thu,Swiggy,Food & Dining,restaurant,Card,2,1020.0,51.0,25.5,25.5,5,29HCXTK4397A1ZS,1071.0,False,False,
professional-01061,professional,2026-08-13,Thu,Apollo Pharmacy,Health,medicine,UPI,2,155.0,7.75,3.88,3.88,5,29RWDQS3381O1ZI,163.0,False,False,
professional-01062,professional,2026-08-15,Sat,BESCOM,Bills & Utilities,electricity,Card,1,1805.0,0.0,,,,29HLKPB5104M1ZL,1805.0,True,False,
professional-01063,professional,2026-08-16,Sun,PVR Cinemas,Entertainment,movies,UPI,1,396.0,71.28,35.64,35.64,18,29HMRFR3835S1Z6,467.0,False,False,
professional-01064,professional,2026-08-17,Mon,Starbucks,Food & Dining,restaurant,Card,2,610.0,30.5,15.25,15.25,5,29CVXJT1220K1ZK,640.0,False,False,
professional-01065,professional,2026-08-17,Mon,Starbucks,Food & Dining,restaurant,UPI,1,290.0,14.5,7.25,7.25,5,29CVXJT1220K1ZK,304.0,False,False,
professional-01066,professional,2026-08-18,Tue,Swiggy,Food & Dining,restaurant,Card,1,840.0,42.0,21.0,21.0,5,29HCXTK4397A1ZS,882.0,False,False,
professional-01067,professional,2026-08-18,Tue,Swiggy,Food & Dining,restaurant,UPI,1,450.0,22.5,11.25,11.25,5,29HCXTK4397A1ZS,472.0,False,False,
professional-01068,professional,2026-08-18,Tue,Truffles,Food & Dining,restaurant,Card,3,750.0,37.5,18.75,18.75,5,29HNPMA3964I1ZB,788.0,False,False,
professional-01069,professional,2026-08-18,Tue,BigBasket,Groceries,groceries,Card,2,1159.0,57.95,28.98,28.98,5,29FLHAX8175M1ZJ,1217.0,False,False,
professional-01070,professional,2026-08-18,Tue,Uber,Travel,cab,Card,1,265.0,13.25,6.62,6.62,5,29APZGW9881Q1ZP,278.0,False,False,
professional-01071,professional,2026-08-18,Tue,BigBasket,Groceries,groceries,Card,2,1159.0,57.95,28.98,28.98,5,29FLHAX8175M1ZJ,1217.0,False,True,duplicate
professional-01072,professional,2026-08-19,Wed,Starbucks,Food & Dining,restaurant,UPI,2,1060.0,53.0,26.5,26.5,5,29CVXJT1220K1ZK,1113.0,False,False,
professional-01073,professional,2026-08-19,Wed,Swiggy,Food & Dining,restaurant,Card,1,260.0,13.0,6.5,6.5,5,29HCXTK4397A1ZS,273.0,False,False,
professional-01074,professional,2026-08-20,Thu,Zara,Shopping,clothing,Card,2,4580.0,824.4,412.2,412.2,18,29NTQEA9173M1Z8,5404.0,False,False,
professional-01075,professional,2026-08-21,Fri,Starbucks,Food & Dining,restaurant,UPI,2,540.0,27.0,13.5,13.5,5,29CVXJT1220K1ZK,567.0,False,False,
professional-01076,professional,2026-08-21,Fri,Starbucks,Food & Dining,restaurant,UPI,1,320.0,16.0,8.0,8.0,5,29CVXJT1220K1ZK,336.0,False,False,
professional-01077,professional,2026-08-21,Fri,BigBasket,Groceries,groceries,Cash,2,1159.0,57.95,28.98,28.98,5,29FLHAX8175M1ZJ,1217.0,False,False,
professional-01078,professional,2026-08-21,Fri,Uber,Travel,cab,Card,1,479.0,23.95,11.97,11.97,5,29APZGW9881Q1ZP,503.0,False,False,
professional-01079,professional,2026-08-21,Fri,Uber,Travel,cab,UPI,1,416.0,20.8,10.4,10.4,5,29APZGW9881Q1ZP,437.0,False,False,
professional-01080,professional,2026-08-22,Sat,BigBasket,Groceries,groceries,Card,3,857.0,42.85,21.43,21.43,5,29FLHAX8175M1ZJ,900.0,False,False,
professional-01081,professional,2026-08-22,Sat,Uber,Travel,cab,Cash,1,459.0,22.95,11.47,11.47,5,29APZGW9881Q1ZP,482.0,False,False,
professional-01082,professional,2026-08-22,Sat,PVR Cinemas,Entertainment,movies,Card,2,786.0,141.48,70.74,70.74,18,29HMRFR3835S1Z6,927.0,False,False,
professional-01083,professional,2026-08-23,Sun,BigBasket,Groceries,groceries,Card,3,818.0,40.9,20.45,20.45,5,29FLHAX8175M1ZJ,859.0,False,False,
professional-01084,professional,2026-08-23,Sun,Uber,Travel,cab,Card,1,486.0,24.3,12.15,12.15,5,29APZGW9881Q1ZP,510.0,False,False,
professional-01085,professional,2026-08-24,Mon,Swiggy,Food & Dining,restaurant,UPI,2,1160.0,58.0,29.0,29.0,5,29HCXTK4397A1ZS,1218.0,False,False,
professional-01086,professional,2026-08-25,Tue,BigBasket,Groceries,groceries,UPI,2,1007.0,50.35,25.18,25.18,5,29FLHAX8175M1ZJ,1057.0,False,False,
professional-01087,professional,2026-08-25,Tue,Uber,Travel,cab,Cash,1,483.0,24.15,12.07,12.07,5,29APZGW9881Q1ZP,507.0,False,False,
professional-01088,professional,2026-08-26,Wed,Starbucks,Food & Dining,restaurant,UPI,1,320.0,16.0,8.0,8.0,5,29CVXJT1220K1ZK,336.0,False,False,
professional-01089,professional,2026-08-27,Thu,Starbucks,Food & Dining,restaurant,Card,1,210.0,10.5,5.25,5.25,5,29CVXJT1220K1ZK,220.0,False,False,
professional-01090,professional,2026-08-27,Thu,Starbucks,Food & Dining,restaurant,UPI,1,210.0,10.5,5.25,5.25,5,29CVXJT1220K1ZK,220.0,False,False,
professional-01091,professional,2026-08-28,Fri,PVR Cinemas,Entertainment,movies,Card,2,752.0,135.36,67.68,67.68,18,29HMRFR3835S1Z6,887.0,False,False,
professional-01092,professional,2026-08-29,Sat,Truffles,Food & Dining,restaurant,UPI,4,1530.0,76.5,38.25,38.25,5,29HNPMA3964I1ZB,1606.0,False,False,
professional-01093,professional,2026-08-29,Sat,BigBasket,Groceries,groceries,UPI,4,1387.0,69.35,34.67,34.67,5,29FLHAX8175M1ZJ,1456.0,False,False,
professional-01094,professional,2026-08-29,Sat,Uber,Travel,cab,UPI,1,331.0,16.55,8.28,8.28,5,29APZGW9881Q1ZP,348.0,False,False,
professional-01095,professional,2026-08-29,Sat,Zara,Shopping,clothing,Card,1,3990.0,718.2,359.1,359.1,18,29NTQEA9173M1Z8,4708.0,False,False,
professional-01096,professional,2026-08-30,Sun,Truffles,Food & Dining,restaurant,UPI,2,610.0,30.5,15.25,15.25,5,29HNPMA3964I1ZB,640.0,False,False,
professional-01097,professional,2026-08-31,Mon,Uber,Travel,cab,UPI,1,371.0,18.55,9.28,9.28,5,29APZGW9881Q1ZP,390.0,False,False,
professional-01098,professional,2026-09-01,Tue,Starbucks,Food & Dining,restaurant,UPI,1,250.0,12.5,6.25,6.25,5,29CVXJT1220K1ZK,262.0,False,False,
professional-01099,professional,2026-09-01,Tue,Uber,Travel,cab,UPI,1,320.0,16.0,8.0,8.0,5,29APZGW9881Q1ZP,336.0,False,False,
professional-01100,professional,2026-09-01,Tue,Cult.fit,Health,salon_gym,Card,1,1695.0,84.75,42.38,42.38,5,29HSITK9933C1ZY,1780.0,True,False,
professional-01101,professional,2026-09-02,Wed,Starbucks,Food & Dining,restaurant,Card,2,530.0,26.5,13.25,13.25,5,29CVXJT1220K1ZK,556.0,False,False,
professional-01102,professional,2026-09-02,Wed,Swiggy,Food & Dining,restaurant,Cash,1,1238,61.9,30.95,30.95,5,29HCXTK4397A1ZS,1300.0,False,True,spike
professional-01103,professional,2026-09-02,Wed,Rent - Koramangala flat,Bills & Utilities,other,Card,1,22000.0,0.0,,,,,22000.0,True,False,
professional-01104,professional,2026-09-03,Thu,Starbucks,Food & Dining,restaurant,UPI,1,210.0,10.5,5.25,5.25,5,29CVXJT1220K1ZK,220.0,False,False,
professional-01105,professional,2026-09-04,Fri,Starbucks,Food & Dining,restaurant,Card,1,290.0,14.5,7.25,7.25,5,29CVXJT1220K1ZK,304.0,False,False,
professional-01106,professional,2026-09-04,Fri,Uber,Travel,cab,Card,1,258.0,12.9,6.45,6.45,5,29APZGW9881Q1ZP,271.0,False,False,
professional-01107,professional,2026-09-05,Sat,PVR Cinemas,Entertainment,movies,Card,2,749.0,134.82,67.41,67.41,18,29HMRFR3835S1Z6,884.0,False,False,
professional-01108,professional,2026-09-07,Mon,Swiggy,Food & Dining,restaurant,UPI,2,840.0,42.0,21.0,21.0,5,29HCXTK4397A1ZS,882.0,False,False,
professional-01109,professional,2026-09-07,Mon,BigBasket,Groceries,groceries,Card,5,1876.0,93.8,46.9,46.9,5,29FLHAX8175M1ZJ,1970.0,False,False,
professional-01110,professional,2026-09-07,Mon,Uber,Travel,cab,UPI,1,323.0,16.15,8.07,8.07,5,29APZGW9881Q1ZP,339.0,False,False,
professional-01111,professional,2026-09-07,Mon,Airtel Xstream Fiber,Bills & Utilities,telecom,Card,1,847.0,152.46,76.23,76.23,18,29LARPZ5412I1ZU,999.0,True,False,
professional-01112,professional,2026-09-10,Thu,Swiggy,Food & Dining,restaurant,Card,1,320.0,16.0,8.0,8.0,5,29HCXTK4397A1ZS,336.0,False,False,
professional-01113,professional,2026-09-11,Fri,Uber,Travel,cab,Card,1,451.0,22.55,11.28,11.28,5,29APZGW9881Q1ZP,474.0,False,False,
professional-01114,professional,2026-09-12,Sat,Truffles,Food & Dining,restaurant,Card,2,620.0,31.0,15.5,15.5,5,29HNPMA3964I1ZB,651.0,False,False,
professional-01115,professional,2026-09-12,Sat,Netflix,Entertainment,subscription,Card,1,550.0,99.0,49.5,49.5,18,29GNPUE2767Z1ZA,649.0,True,False,
professional-01116,professional,2026-09-13,Sun,Uber,Travel,cab,Card,1,415.0,20.75,10.38,10.38,5,29APZGW9881Q1ZP,436.0,False,False,
professional-01117,professional,2026-09-13,Sun,Louis Vuitton,Shopping,clothing,Card,1,145000.0,26100.0,13050.0,13050.0,18,29YJXZI3058R1Z7,171100.0,False,True,unusual_merchant
professional-01118,professional,2026-09-14,Mon,Uber,Travel,cab,UPI,1,416.0,20.8,10.4,10.4,5,29APZGW9881Q1ZP,437.0,False,False,
professional-01119,professional,2026-09-14,Mon,Zara,Shopping,clothing,UPI,2,6280.0,1130.4,565.2,565.2,18,29NTQEA9173M1Z8,7410.0,False,False,
professional-01120,professional,2026-09-15,Tue,Starbucks,Food & Dining,restaurant,UPI,1,210.0,10.5,5.25,5.25,5,29CVXJT1220K1ZK,220.0,False,False,
professional-01121,professional,2026-09-15,Tue,Uber,Travel,cab,Card,1,425.0,21.25,10.62,10.62,5,29APZGW9881Q1ZP,446.0,False,False,
professional-01122,professional,2026-09-15,Tue,BESCOM,Bills & Utilities,electricity,Card,1,2085.0,0.0,,,,29HLKPB5104M1ZL,2085.0,True,False,
professional-01123,professional,2026-09-16,Wed,Truffles,Food & Dining,restaurant,UPI,2,960.0,48.0,24.0,24.0,5,29HNPMA3964I1ZB,1008.0,False,False,
professional-01124,professional,2026-09-16,Wed,Uber,Travel,cab,Card,1,385.0,19.25,9.62,9.62,5,29APZGW9881Q1ZP,404.0,False,False,
professional-01125,professional,2026-09-16,Wed,Uber,Travel,cab,Card,1,286.0,14.3,7.15,7.15,5,29APZGW9881Q1ZP,300.0,False,False,
professional-01126,professional,2026-09-16,Wed,Uber,Travel,cab,UPI,1,438.0,21.9,10.95,10.95,5,29APZGW9881Q1ZP,460.0,False,False,
professional-01127,professional,2026-09-17,Thu,Truffles,Food & Dining,restaurant,UPI,3,790.0,39.5,19.75,19.75,5,29HNPMA3964I1ZB,830.0,False,False,
professional-01128,professional,2026-09-18,Fri,Starbucks,Food & Dining,restaurant,Card,1,3188,159.4,79.7,79.7,5,29CVXJT1220K1ZK,3347.0,False,True,spike
professional-01129,professional,2026-09-18,Fri,Swiggy,Food & Dining,restaurant,Card,1,320.0,16.0,8.0,8.0,5,29HCXTK4397A1ZS,336.0,False,False,
professional-01130,professional,2026-09-18,Fri,BigBasket,Groceries,groceries,UPI,5,1876.0,93.8,46.9,46.9,5,29FLHAX8175M1ZJ,1970.0,False,False,
professional-01131,professional,2026-09-18,Fri,Toni&Guy,Health,salon_gym,Card,1,1800.0,90.0,45.0,45.0,5,29UIMFB3856O1ZW,1890.0,False,False,
professional-01132,professional,2026-09-19,Sat,Zara,Shopping,clothing,UPI,1,2990.0,538.2,269.1,269.1,18,29NTQEA9173M1Z8,3528.0,False,False,
professional-01133,professional,2026-09-20,Sun,Uber,Travel,cab,Cash,1,277.0,13.85,6.92,6.92,5,29APZGW9881Q1ZP,291.0,False,False,
professional-01134,professional,2026-09-20,Sun,Uber,Travel,cab,Card,1,255.0,12.75,6.38,6.38,5,29APZGW9881Q1ZP,268.0,False,False,
professional-01135,professional,2026-09-21,Mon,Swiggy,Food & Dining,restaurant,UPI,2,770.0,38.5,19.25,19.25,5,29HCXTK4397A1ZS,808.0,False,False,
professional-01136,professional,2026-09-21,Mon,Uber,Travel,cab,Card,1,507.0,25.35,12.68,12.68,5,29APZGW9881Q1ZP,532.0,False,False,
professional-01137,professional,2026-09-22,Tue,Starbucks,Food & Dining,restaurant,UPI,2,890.0,44.5,22.25,22.25,5,29CVXJT1220K1ZK,934.0,False,False,
professional-01138,professional,2026-09-23,Wed,Uber,Travel,cab,UPI,1,256.0,12.8,6.4,6.4,5,29APZGW9881Q1ZP,269.0,False,False,
professional-01139,professional,2026-09-24,Thu,Swiggy,Food & Dining,restaurant,Card,2,830.0,41.5,20.75,20.75,5,29HCXTK4397A1ZS,872.0,False,False,
professional-01140,professional,2026-09-24,Thu,Truffles,Food & Dining,restaurant,UPI,3,750.0,37.5,18.75,18.75,5,29HNPMA3964I1ZB,788.0,False,False,
professional-01141,professional,2026-09-24,Thu,Emirates,Travel,air,Card,1,42000.0,2100.0,1050.0,1050.0,5,29WBGHY1469T1Z8,44100.0,False,True,unusual_merchant
professional-01142,professional,2026-09-26,Sat,BigBasket,Groceries,groceries,UPI,2,380.0,19.0,9.5,9.5,5,29FLHAX8175M1ZJ,399.0,False,False,
professional-01143,professional,2026-09-26,Sat,Uber,Travel,cab,Card,1,283.0,14.15,7.08,7.08,5,29APZGW9881Q1ZP,297.0,False,False,
professional-01144,professional,2026-09-26,Sat,Uber,Travel,cab,UPI,1,297.0,14.85,7.42,7.42,5,29APZGW9881Q1ZP,312.0,False,False,
professional-01145,professional,2026-09-27,Sun,Starbucks,Food & Dining,restaurant,UPI,2,710.0,35.5,17.75,17.75,5,29CVXJT1220K1ZK,746.0,False,False,
professional-01146,professional,2026-09-27,Sun,Starbucks,Food & Dining,restaurant,UPI,1,320.0,16.0,8.0,8.0,5,29CVXJT1220K1ZK,336.0,False,False,
professional-01147,professional,2026-09-27,Sun,Truffles,Food & Dining,restaurant,UPI,3,920.0,46.0,23.0,23.0,5,29HNPMA3964I1ZB,966.0,False,False,
professional-01148,professional,2026-09-28,Mon,Starbucks,Food & Dining,restaurant,UPI,1,320.0,16.0,8.0,8.0,5,29CVXJT1220K1ZK,336.0,False,False,
professional-01149,professional,2026-09-28,Mon,Zara,Shopping,clothing,UPI,2,4580.0,824.4,412.2,412.2,18,29NTQEA9173M1Z8,5404.0,False,False,
family-00000,family,2025-04-01,Tue,HP Petrol Pump,Travel,fuel,Cash,1,13605,0.0,,,,27NXQQO6168R1ZD,13605.0,False,True,spike
family-00001,family,2025-04-03,Thu,Gupta Kirana Store,Groceries,groceries,UPI,3,610.0,0.0,,,,,610.0,False,False,
family-00002,family,2025-04-03,Thu,Gupta Kirana Store,Groceries,groceries,Cash,4,1295.0,0.0,,,,,1295.0,False,False,
family-00003,family,2025-04-03,Thu,Gupta Kirana Store,Groceries,groceries,Card,2,465.0,0.0,,,,,465.0,False,False,
family-00004,family,2025-04-03,Thu,Zomato,Food & Dining,restaurant,UPI,3,850.0,42.5,21.25,21.25,5,27NHZNV1427X1ZJ,892.0,False,False,
family-00005,family,2025-04-03,Thu,HP Petrol Pump,Travel,fuel,Card,1,1860.0,0.0,,,,27NXQQO6168R1ZD,1860.0,False,False,
family-00006,family,2025-04-04,Fri,Gupta Kirana Store,Groceries,groceries,Card,3,770.0,0.0,,,,,770.0,False,False,
family-00007,family,2025-04-04,Fri,Gupta Kirana Store,Groceries,groceries,Cash,4,1063.0,0.0,,,,,1063.0,False,False,
family-00008,family,2025-04-04,Fri,Gupta Kirana Store,Groceries,groceries,Cash,4,1063.0,0.0,,,,,1063.0,False,True,duplicate
family-00009,family,2025-04-05,Sat,Gupta Kirana Store,Groceries,groceries,UPI,3,878.0,0.0,,,,,878.0,False,False,
family-00010,family,2025-04-05,Sat,St. Xavier's School,Bills & Utilities,other,UPI,1,18000.0,0.0,,,,,18000.0,True,False,
family-00011,family,2025-04-06,Sun,Gupta Kirana Store,Groceries,groceries,Cash,5,1318.0,0.0,,,,,1318.0,False,False,
family-00012,family,2025-04-06,Sun,HP Petrol Pump,Travel,fuel,Cash,1,2221.0,0.0,,,,27NXQQO6168R1ZD,2221.0,False,False,
family-00013,family,2025-04-08,Tue,Zomato,Food & Dining,restaurant,UPI,2,590.0,29.5,14.75,14.75,5,27NHZNV1427X1ZJ,620.0,False,False,
family-00014,family,2025-04-08,Tue,Tata Play,Entertainment,telecom,UPI,1,297.0,53.46,26.73,26.73,18,27XIVML5029E1Z4,350.0,True,False,
family-00015,family,2025-04-09,Wed,Gupta Kirana Store,Groceries,groceries,Cash,3,787.0,0.0,,,,,787.0,False,False,
family-00016,family,2025-04-09,Wed,Haldiram's,Food & Dining,restaurant,UPI,4,800.0,40.0,20.0,20.0,5,27YHXRV3267W1ZD,840.0,False,False,
family-00017,family,2025-04-09,Wed,Zomato,Food & Dining,restaurant,UPI,4,885.0,44.25,22.12,22.12,5,27NHZNV1427X1ZJ,929.0,False,False,
family-00018,family,2025-04-10,Thu,LIC,Bills & Utilities,insurance,UPI,1,12500.0,2250.0,1125.0,1125.0,18,27OITUA1120K1ZK,14750.0,True,False,
family-00019,family,2025-04-12,Sat,D-Mart,Groceries,groceries,UPI,4,760.0,38.0,19.0,19.0,5,27ZONZF0290F1ZF,798.0,False,False,
family-00020,family,2025-04-12,Sat,HP Petrol Pump,Travel,fuel,Cash,1,1776.0,0.0,,,,27NXQQO6168R1ZD,1776.0,False,False,
family-00021,family,2025-04-13,Sun,Gupta Kirana Store,Groceries,groceries,UPI,2,823.0,0.0,,,,,823.0,False,False,
family-00022,family,2025-04-14,Mon,D-Mart,Groceries,groceries,UPI,5,1410.0,70.5,35.25,35.25,5,27ZONZF0290F1ZF,1480.0,False,False,
family-00023,family,2025-04-14,Mon,Zomato,Food & Dining,restaurant,UPI,3,1160.0,58.0,29.0,29.0,5,27NHZNV1427X1ZJ,1218.0,False,False,
family-00024,family,2025-04-15,Tue,Zomato,Food & Dining,restaurant,UPI,2,345.0,17.25,8.62,8.62,5,27NHZNV1427X1ZJ,362.0,False,False,
family-00025,family,2025-04-16,Wed,Gupta Kirana Store,Groceries,groceries,UPI,3,491.0,0.0,,,,,491.0,False,False,
family-00026,family,2025-04-16,Wed,D-Mart,Groceries,groceries,UPI,6,1500.0,75.0,37.5,37.5,5,27ZONZF0290F1ZF,1575.0,False,False,
family-00027,family,2025-04-16,Wed,D-Mart,Groceries,groceries,Cash,6,1500.0,75.0,37.5,37.5,5,27ZONZF0290F1ZF,1575.0,False,False,
family-00028,family,2025-04-17,Thu,Zomato,Food & Dining,restaurant,UPI,4,885.0,44.25,22.12,22.12,5,27NHZNV1427X1ZJ,929.0,False,False,
family-00029,family,2025-04-18,Fri,Gupta Kirana Store,Groceries,groceries,Cash,2,661.0,0.0,,,,,661.0,False,False,
family-00030,family,2025-04-18,Fri,Zomato,Food & Dining,restaurant,UPI,3,855.0,42.75,21.38,21.38,5,27NHZNV1427X1ZJ,898.0,False,False,
family-00031,family,2025-04-19,Sat,D-Mart,Groceries,groceries,UPI,5,880.0,44.0,22.0,22.0,5,27ZONZF0290F1ZF,924.0,False,False,
family-00032,family,2025-04-19,Sat,HP Petrol Pump,Travel,fuel,UPI,1,1942.0,0.0,,,,27NXQQO6168R1ZD,1942.0,False,False,
family-00033,family,2025-04-20,Sun,Gupta Kirana Store,Groceries,groceries,Cash,2,870.0,0.0,,,,,870.0,False,False,
family-00034,family,2025-04-20,Sun,Gupta Kirana Store,Groceries,groceries,UPI,3,640.0,0.0,,,,,640.0,False,False,
family-00035,family,2025-04-20,Sun,MSEDCL,Bills & Utilities,electricity,UPI,1,2703.0,0.0,,,,27OLUNG1885L1ZS,2703.0,True,False,
family-00036,family,2025-04-22,Tue,Gupta Kirana Store,Groceries,groceries,UPI,3,695.0,0.0,,,,,695.0,False,False,
family-00037,family,2025-04-23,Wed,Gupta Kirana Store,Groceries,groceries,Cash,5,1341.0,0.0,,,,,1341.0,False,False,
family-00038,family,2025-04-24,Thu,HP Petrol Pump,Travel,fuel,Card,1,1686.0,0.0,,,,27NXQQO6168R1ZD,1686.0,False,False,
family-00039,family,2025-04-25,Fri,Gupta Kirana Store,Groceries,groceries,UPI,3,830.0,0.0,,,,,830.0,False,False,
family-00040,family,2025-04-25,Fri,HP Petrol Pump,Travel,fuel,Cash,1,1499.0,0.0,,,,27NXQQO6168R1ZD,1499.0,False,False,
family-00041,family,2025-04-25,Fri,Jio Postpaid,Bills & Utilities,telecom,UPI,1,508.0,91.44,45.72,45.72,18,27RKMHB9573J1ZN,599.0,True,False,
family-00042,family,2025-04-26,Sat,Haldiram's,Food & Dining,restaurant,Card,3,620.0,31.0,15.5,15.5,5,27YHXRV3267W1ZD,651.0,False,False,
family-00043,family,2025-04-26,Sat,Zomato,Food & Dining,restaurant,Cash,2,590.0,29.5,14.75,14.75,5,27NHZNV1427X1ZJ,620.0,False,False,
family-00044,family,2025-04-26,Sat,HP Petrol Pump,Travel,fuel,UPI,1,1633.0,0.0,,,,27NXQQO6168R1ZD,1633.0,False,False,
family-00045,family,2025-04-27,Sun,D-Mart,Groceries,groceries,UPI,4,1000.0,50.0,25.0,25.0,5,27ZONZF0290F1ZF,1050.0,False,False,
family-00046,family,2025-04-27,Sun,D-Mart,Groceries,groceries,Card,6,1500.0,75.0,37.5,37.5,5,27ZONZF0290F1ZF,1575.0,False,False,
family-00047,family,2025-04-30,Wed,Gupta Kirana Store,Groceries,groceries,UPI,3,711.0,0.0,,,,,711.0,False,False,
family-00048,family,2025-04-30,Wed,Gupta Kirana Store,Groceries,groceries,UPI,2,575.0,0.0,,,,,575.0,False,False,
family-00049,family,2025-05-01,Thu,Gupta Kirana Store,Groceries,groceries,Cash,4,629.0,0.0,,,,,629.0,False,False,
family-00050,family,2025-05-01,Thu,Gupta Kirana Store,Groceries,groceries,Card,5,1341.0,0.0,,,,,1341.0,False,False,
family-00051,family,2025-05-02,Fri,Zomato,Food & Dining,restaurant,UPI,3,850.0,42.5,21.25,21.25,5,27NHZNV1427X1ZJ,892.0,False,False,
family-00052,family,2025-05-03,Sat,Gupta Kirana Store,Groceries,groceries,UPI,4,668.0,0.0,,,,,668.0,False,False,
family-00053,family,2025-05-03,Sat,D-Mart,Groceries,groceries,UPI,4,1300.0,65.0,32.5,32.5,5,27ZONZF0290F1ZF,1365.0,False,False,
family-00054,family,2025-05-03,Sat,Haldiram's,Food & Dining,restaurant,UPI,3,660.0,33.0,16.5,16.5,5,27YHXRV3267W1ZD,693.0,False,False,
family-00055,family,2025-05-05,Mon,Zomato,Food & Dining,restaurant,Cash,4,920.0,46.0,23.0,23.0,5,27NHZNV1427X1ZJ,966.0,False,False,
family-00056,family,2025-05-07,Wed,Gupta Kirana Store,Groceries,groceries,Card,3,740.0,0.0,,,,,740.0,False,False,
family-00057,family,2025-05-07,Wed,D-Mart,Groceries,groceries,UPI,6,1500.0,75.0,37.5,37.5,5,27ZONZF0290F1ZF,1575.0,False,False,
family-00058,family,2025-05-08,Thu,MedPlus,Health,medicine,Cash,2,240.0,28.8,14.4,14.4,12,27VZFXS6687M1ZS,269.0,False,False,
family-00059,family,2025-05-08,Thu,Tata Play,Entertainment,telecom,UPI,1,297.0,53.46,26.73,26.73,18,27XIVML5029E1Z4,350.0,True,False,
family-00060,family,2025-05-10,Sat,D-Mart,Groceries,groceries,Card,4,500.0,25.0,12.5,12.5,5,27ZONZF0290F1ZF,525.0,False,False,
family-00061,family,2025-05-10,Sat,Zomato,Food & Dining,restaurant,UPI,2,570.0,28.5,14.25,14.25,5,27NHZNV1427X1ZJ,598.0,False,False,
family-00062,family,2025-05-10,Sat,HP Petrol Pump,Travel,fuel,Cash,1,1785.0,0.0,,,,27NXQQO6168R1ZD,1785.0,False,False,
family-00063,family,2025-05-10,Sat,HP Petrol Pump,Travel,fuel,UPI,1,1042.0,0.0,,,,27NXQQO6168R1ZD,1042.0,False,False,
family-00064,family,2025-05-11,Sun,Gupta Kirana Store,Groceries,groceries,Cash,4,1288.0,0.0,,,,,1288.0,False,False,
family-00065,family,2025-05-11,Sun,Gupta Kirana Store,Groceries,groceries,UPI,3,835.0,0.0,,,,,835.0,False,False,
family-00066,family,2025-05-12,Mon,D-Mart,Groceries,groceries,UPI,4,1230.0,61.5,30.75,30.75,5,27ZONZF0290F1ZF,1292.0,False,False,
family-00067,family,2025-05-13,Tue,Zomato,Food & Dining,restaurant,Card,3,850.0,42.5,21.25,21.25,5,27NHZNV1427X1ZJ,892.0,False,False,
family-00068,family,2025-05-14,Wed,D-Mart,Groceries,groceries,Card,5,1120.0,56.0,28.0,28.0,5,27ZONZF0290F1ZF,1176.0,False,False,
family-00069,family,2025-05-14,Wed,Haldiram's,Food & Dining,restaurant,UPI,4,930.0,46.5,23.25,23.25,5,27YHXRV3267W1ZD,976.0,False,False,
family-00070,family,2025-05-14,Wed,Zomato,Food & Dining,restaurant,UPI,3,625.0,31.25,15.62,15.62,5,27NHZNV1427X1ZJ,656.0,False,False,
family-00071,family,2025-05-16,Fri,Gupta Kirana Store,Groceries,groceries,Card,4,876.0,0.0,,,,,876.0,False,False,
family-00072,family,2025-05-16,Fri,Haldiram's,Food & Dining,restaurant,Card,2,310.0,15.5,7.75,7.75,5,27YHXRV3267W1ZD,326.0,False,False,
family-00073,family,2025-05-18,Sun,Gupta Kirana Store,Groceries,groceries,UPI,3,1014.0,0.0,,,,,1014.0,False,False,
family-00074,family,2025-05-18,Sun,D-Mart,Groceries,groceries,Cash,5,880.0,44.0,22.0,22.0,5,27ZONZF0290F1ZF,924.0,False,False,
family-00075,family,2025-05-18,Sun,HP Petrol Pump,Travel,fuel,UPI,1,1722.0,0.0,,,,27NXQQO6168R1ZD,1722.0,False,False,
family-00076,family,2025-05-20,Tue,Gupta Kirana Store,Groceries,groceries,UPI,3,830.0,0.0,,,,,830.0,False,False,
family-00077,family,2025-05-20,Tue,MSEDCL,Bills & Utilities,electricity,UPI,1,3710.0,0.0,,,,27OLUNG1885L1ZS,3710.0,True,False,
family-00078,family,2025-05-22,Thu,Gupta Kirana Store,Groceries,groceries,UPI,3,786.0,0.0,,,,,786.0,False,False,
family-00079,family,2025-05-24,Sat,Gupta Kirana Store,Groceries,groceries,UPI,3,1130.0,0.0,,,,,1130.0,False,False,
family-00080,family,2025-05-24,Sat,HP Petrol Pump,Travel,fuel,UPI,1,1144.0,0.0,,,,27NXQQO6168R1ZD,1144.0,False,False,
family-00081,family,2025-05-25,Sun,D-Mart,Groceries,groceries,UPI,4,1270.0,63.5,31.75,31.75,5,27ZONZF0290F1ZF,1334.0,False,False,
family-00082,family,2025-05-25,Sun,Zomato,Food & Dining,restaurant,UPI,4,885.0,44.25,22.12,22.12,5,27NHZNV1427X1ZJ,929.0,False,False,
family-00083,family,2025-05-25,Sun,Jio Postpaid,Bills & Utilities,telecom,UPI,1,508.0,91.44,45.72,45.72,18,27RKMHB9573J1ZN,599.0,True,False,
family-00084,family,2025-05-26,Mon,Gupta Kirana Store,Groceries,groceries,UPI,3,830.0,0.0,,,,,830.0,False,False,
family-00085,family,2025-05-27,Tue,Gupta Kirana Store,Groceries,groceries,UPI,4,1101.0,0.0,,,,,1101.0,False,False,
family-00086,family,2025-05-27,Tue,Gupta Kirana Store,Groceries,groceries,UPI,4,795.0,0.0,,,,,795.0,False,False,
family-00087,family,2025-05-27,Tue,Zomato,Food & Dining,restaurant,UPI,3,1420.0,71.0,35.5,35.5,5,27NHZNV1427X1ZJ,1491.0,False,False,
family-00088,family,2025-05-28,Wed,D-Mart,Groceries,groceries,UPI,3,610.0,30.5,15.25,15.25,5,27ZONZF0290F1ZF,640.0,False,False,
family-00089,family,2025-05-31,Sat,D-Mart,Groceries,groceries,UPI,5,1120.0,56.0,28.0,28.0,5,27ZONZF0290F1ZF,1176.0,False,False,
family-00090,family,2025-06-01,Sun,Gupta Kirana Store,Groceries,groceries,UPI,2,575.0,0.0,,,,,575.0,False,False,
family-00091,family,2025-06-01,Sun,D-Mart,Groceries,groceries,UPI,3,670.0,33.5,16.75,16.75,5,27ZONZF0290F1ZF,704.0,False,False,
family-00092,family,2025-06-01,Sun,Haldiram's,Food & Dining,restaurant,Cash,4,790.0,39.5,19.75,19.75,5,27YHXRV3267W1ZD,830.0,False,False,
family-00093,family,2025-06-01,Sun,Zomato,Food & Dining,restaurant,UPI,4,1230.0,61.5,30.75,30.75,5,27NHZNV1427X1ZJ,1292.0,False,False,
family-00094,family,2025-06-02,Mon,Gupta Kirana Store,Groceries,groceries,Card,5,838.0,0.0,,,,,838.0,False,False,
family-00095,family,2025-06-02,Mon,HP Petrol Pump,Travel,fuel,UPI,1,1306.0,0.0,,,,27NXQQO6168R1ZD,1306.0,False,False,
family-00096,family,2025-06-02,Mon,MedPlus,Health,medicine,Card,1,280.0,33.6,16.8,16.8,12,27VZFXS6687M1ZS,314.0,False,False,
family-00097,family,2025-06-03,Tue,Gupta Kirana Store,Groceries,groceries,Cash,3,429.0,0.0,,,,,429.0,False,False,
family-00098,family,2025-06-03,Tue,Zomato,Food & Dining,restaurant,Card,3,850.0,42.5,21.25,21.25,5,27NHZNV1427X1ZJ,892.0,False,False,
family-00099,family,2025-06-04,Wed,Gupta Kirana Store,Groceries,groceries,Card,3,471.0,0.0,,,,,471.0,False,False,
family-00100,family,2025-06-04,Wed,D-Mart,Groceries,groceries,UPI,3,1180.0,59.0,29.5,29.5,5,27ZONZF0290F1ZF,1239.0,False,False,
family-00101,family,2025-06-04,Wed,Haldiram's,Food & Dining,restaurant,UPI,4,830.0,41.5,20.75,20.75,5,27YHXRV3267W1ZD,872.0,False,False,
family-00102,family,2025-06-07,Sat,Reliance Trends,Shopping,clothing,Cash,3,3797.0,455.64,227.82,227.82,12,27RJVGM3590P1ZR,4253.0,False,False,
family-00103,family,2025-06-08,Sun,Gupta Kirana Store,Groceries,groceries,UPI,3,1130.0,0.0,,,,,1130.0,False,False,
family-00104,family,2025-06-08,Sun,Zomato,Food & Dining,restaurant,Cash,3,605.0,30.25,15.12,15.12,5,27NHZNV1427X1ZJ,635.0,False,False,
family-00105,family,2025-06-08,Sun,Tata Play,Entertainment,telecom,UPI,1,297.0,53.46,26.73,26.73,18,27XIVML5029E1Z4,350.0,True,False,
family-00106,family,2025-06-11,Wed,Gupta Kirana Store,Groceries,groceries,Card,5,1046.0,0.0,,,,,1046.0,False,False,
family-00107,family,2025-06-11,Wed,Zomato,Food & Dining,restaurant,UPI,4,920.0,46.0,23.0,23.0,5,27NHZNV1427X1ZJ,966.0,False,False,
family-00108,family,2025-06-13,Fri,Dr. Joshi Clinic,Health,healthcare,UPI,1,700.0,0.0,,,,27YKZCP9121B1ZV,700.0,False,False,
family-00109,family,2025-06-14,Sat,Gupta Kirana Store,Groceries,groceries,UPI,4,1056.0,0.0,,,,,1056.0,False,False,
family-00110,family,2025-06-14,Sat,Gupta Kirana Store,Groceries,groceries,UPI,3,710.0,0.0,,,,,710.0,False,False,
family-00111,family,2025-06-14,Sat,Gupta Kirana Store,Groceries,groceries,Card,4,899.0,0.0,,,,,899.0,False,False,
family-00112,family,2025-06-14,Sat,Zomato,Food & Dining,restaurant,Cash,2,570.0,28.5,14.25,14.25,5,27NHZNV1427X1ZJ,598.0,False,False,
family-00113,family,2025-06-14,Sat,MedPlus,Health,medicine,UPI,2,460.0,55.2,27.6,27.6,12,27VZFXS6687M1ZS,515.0,False,False,
family-00114,family,2025-06-14,Sat,MedPlus,Health,medicine,UPI,2,600.0,72.0,36.0,36.0,12,27VZFXS6687M1ZS,672.0,False,False,
family-00115,family,2025-06-16,Mon,Gupta Kirana Store,Groceries,groceries,Cash,2,555.0,0.0,,,,,555.0,False,False,
family-00116,family,2025-06-16,Mon,Dr. Joshi Clinic,Health,healthcare,Cash,1,675.0,0.0,,,,27YKZCP9121B1ZV,675.0,False,False,
family-00117,family,2025-06-17,Tue,HP Petrol Pump,Travel,fuel,UPI,1,1864.0,0.0,,,,27NXQQO6168R1ZD,1864.0,False,False,
family-00118,family,2025-06-20,Fri,Gupta Kirana Store,Groceries,groceries,UPI,2,211.0,0.0,,,,,211.0,False,False,
family-00119,family,2025-06-20,Fri,MSEDCL,Bills & Utilities,electricity,UPI,1,3960.0,0.0,,,,27OLUNG1885L1ZS,3960.0,True,False,
family-00120,family,2025-06-22,Sun,D-Mart,Groceries,groceries,Cash,4,1230.0,61.5,30.75,30.75,5,27ZONZF0290F1ZF,1292.0,False,False,
family-00121,family,2025-06-24,Tue,Taj Exotica Goa,Travel,hotel_stay,Card,1,11741.0,2113.38,1056.69,1056.69,18,27ELKJQ9750O1ZS,13854.0,False,True,unusual_merchant
family-00122,family,2025-06-25,Wed,Gupta Kirana Store,Groceries,groceries,UPI,5,1246.0,0.0,,,,,1246.0,False,False,
family-00123,family,2025-06-25,Wed,D-Mart,Groceries,groceries,Card,4,1230.0,61.5,30.75,30.75,5,27ZONZF0290F1ZF,1292.0,False,False,
family-00124,family,2025-06-25,Wed,Jio Postpaid,Bills & Utilities,telecom,UPI,1,508.0,91.44,45.72,45.72,18,27RKMHB9573J1ZN,599.0,True,False,
family-00125,family,2025-06-27,Fri,Gupta Kirana Store,Groceries,groceries,UPI,3,610.0,0.0,,,,,610.0,False,False,
family-00126,family,2025-06-27,Fri,Zomato,Food & Dining,restaurant,UPI,4,885.0,44.25,22.12,22.12,5,27NHZNV1427X1ZJ,929.0,False,False,
family-00127,family,2025-06-28,Sat,Gupta Kirana Store,Groceries,groceries,UPI,2,650.0,0.0,,,,,650.0,False,False,
family-00128,family,2025-06-28,Sat,Zomato,Food & Dining,restaurant,Cash,4,885.0,44.25,22.12,22.12,5,27NHZNV1427X1ZJ,929.0,False,False,
family-00129,family,2025-06-29,Sun,Gupta Kirana Store,Groceries,groceries,UPI,3,711.0,0.0,,,,,711.0,False,False,
family-00130,family,2025-06-30,Mon,Gupta Kirana Store,Groceries,groceries,Card,5,1111.0,0.0,,,,,1111.0,False,False,
family-00131,family,2025-07-01,Tue,HP Petrol Pump,Travel,fuel,Cash,1,1295.0,0.0,,,,27NXQQO6168R1ZD,1295.0,False,False,
family-00132,family,2025-07-03,Thu,Gupta Kirana Store,Groceries,groceries,Cash,5,1047.0,0.0,,,,,1047.0,False,False,
family-00133,family,2025-07-04,Fri,Gupta Kirana Store,Groceries,groceries,UPI,2,555.0,0.0,,,,,555.0,False,False,
family-00134,family,2025-07-05,Sat,St. Xavier's School,Bills & Utilities,other,UPI,1,18000.0,0.0,,,,,18000.0,True,False,
family-00135,family,2025-07-06,Sun,Haldiram's,Food & Dining,restaurant,UPI,3,820.0,41.0,20.5,20.5,5,27YHXRV3267W1ZD,861.0,False,False,
family-00136,family,2025-07-07,Mon,Gupta Kirana Store,Groceries,groceries,UPI,2,645.0,0.0,,,,,645.0,False,False,
family-00137,family,2025-07-08,Tue,Gupta Kirana Store,Groceries,groceries,Cash,5,1341.0,0.0,,,,,1341.0,False,False,
family-00138,family,2025-07-08,Tue,D-Mart,Groceries,groceries,UPI,6,1500.0,75.0,37.5,37.5,5,27ZONZF0290F1ZF,1575.0,False,False,
family-00139,family,2025-07-08,Tue,Tata Play,Entertainment,telecom,UPI,1,297.0,53.46,26.73,26.73,18,27XIVML5029E1Z4,350.0,True,False,
family-00140,family,2025-07-09,Wed,Zomato,Food & Dining,restaurant,UPI,4,885.0,44.25,22.12,22.12,5,27NHZNV1427X1ZJ,929.0,False,False,
family-00141,family,2025-07-09,Wed,Reliance Trends,Shopping,clothing,UPI,1,1199.0,143.88,71.94,71.94,12,27RJVGM3590P1ZR,1343.0,False,False,
family-00142,family,2025-07-10,Thu,LIC,Bills & Utilities,insurance,UPI,1,12500.0,2250.0,1125.0,1125.0,18,27OITUA1120K1ZK,14750.0,True,False,
family-00143,family,2025-07-10,Thu,Apple Store,Shopping,electronics,Cash,1,79900.0,14382.0,7191.0,7191.0,18,27HBLZY9877K1Z1,94282.0,False,True,unusual_merchant
family-00144,family,2025-07-11,Fri,Gupta Kirana Store,Groceries,groceries,UPI,5,993.0,0.0,,,,,993.0,False,False,
family-00145,family,2025-07-12,Sat,Haldiram's,Food & Dining,restaurant,UPI,2,820.0,41.0,20.5,20.5,5,27YHXRV3267W1ZD,861.0,False,False,
family-00146,family,2025-07-15,Tue,Gupta Kirana Store,Groceries,groceries,Cash,4,656.0,0.0,,,,,656.0,False,False,
family-00147,family,2025-07-15,Tue,Haldiram's,Food & Dining,restaurant,Cash,3,990.0,49.5,24.75,24.75,5,27YHXRV3267W1ZD,1040.0,False,False,
family-00148,family,2025-07-16,Wed,MedPlus,Health,medicine,UPI,2,340.0,40.8,20.4,20.4,12,27VZFXS6687M1ZS,381.0,False,False,
family-00149,family,2025-07-17,Thu,Gupta Kirana Store,Groceries,groceries,UPI,2,403.0,0.0,,,,,403.0,False,False,
family-00150,family,2025-07-17,Thu,Gupta Kirana Store,Groceries,groceries,Cash,3,782.0,0.0,,,,,782.0,False,False,
family-00151,family,2025-07-17,Thu,D-Mart,Groceries,groceries,UPI,3,320.0,16.0,8.0,8.0,5,27ZONZF0290F1ZF,336.0,False,False,
family-00152,family,2025-07-18,Fri,Gupta Kirana Store,Groceries,groceries,UPI,2,211.0,0.0,,,,,211.0,False,False,
family-00153,family,2025-07-19,Sat,Gupta Kirana Store,Groceries,groceries,Cash,4,881.0,0.0,,,,,881.0,False,False,
family-00154,family,2025-07-19,Sat,Haldiram's,Food & Dining,restaurant,UPI,3,670.0,33.5,16.75,16.75,5,27YHXRV3267W1ZD,704.0,False,False,
family-00155,family,2025-07-19,Sat,HP Petrol Pump,Travel,fuel,Card,1,1182.0,0.0,,,,27NXQQO6168R1ZD,1182.0,False,False,
family-00156,family,2025-07-20,Sun,Gupta Kirana Store,Groceries,groceries,Card,3,815.0,0.0,,,,,815.0,False,False,
family-00157,family,2025-07-20,Sun,Gupta Kirana Store,Groceries,groceries,Cash,5,1513.0,0.0,,,,,1513.0,False,False,
family-00158,family,2025-07-20,Sun,D-Mart,Groceries,groceries,UPI,6,1500.0,75.0,37.5,37.5,5,27ZONZF0290F1ZF,1575.0,False,False,
family-00159,family,2025-07-20,Sun,MSEDCL,Bills & Utilities,electricity,UPI,1,3807.0,0.0,,,,27OLUNG1885L1ZS,3807.0,True,False,
family-00160,family,2025-07-21,Mon,Gupta Kirana Store,Groceries,groceries,Cash,2,211.0,0.0,,,,,211.0,False,False,
family-00161,family,2025-07-21,Mon,MedPlus,Health,medicine,UPI,2,480.0,57.6,28.8,28.8,12,27VZFXS6687M1ZS,538.0,False,False,
family-00162,family,2025-07-22,Tue,Zomato,Food & Dining,restaurant,Cash,3,915.0,45.75,22.88,22.88,5,27NHZNV1427X1ZJ,961.0,False,False,
family-00163,family,2025-07-23,Wed,Haldiram's,Food & Dining,restaurant,UPI,3,470.0,23.5,11.75,11.75,5,27YHXRV3267W1ZD,494.0,False,False,
family-00164,family,2025-07-24,Thu,Gupta Kirana Store,Groceries,groceries,UPI,5,1052.0,0.0,,,,,1052.0,False,False,
family-00165,family,2025-07-25,Fri,Jio Postpaid,Bills & Utilities,telecom,UPI,1,508.0,91.44,45.72,45.72,18,27RKMHB9573J1ZN,599.0,True,False,
family-00166,family,2025-07-26,Sat,Reliance Trends,Shopping,clothing,UPI,3,3797.0,455.64,227.82,227.82,12,27RJVGM3590P1ZR,4253.0,False,False,
family-00167,family,2025-07-27,Sun,Gupta Kirana Store,Groceries,groceries,UPI,4,1081.0,0.0,,,,,1081.0,False,False,
family-00168,family,2025-07-29,Tue,Gupta Kirana Store,Groceries,groceries,UPI,4,861.0,0.0,,,,,861.0,False,False,
family-00169,family,2025-07-29,Tue,HP Petrol Pump,Travel,fuel,Card,1,2170.0,0.0,,,,27NXQQO6168R1ZD,2170.0,False,False,
family-00170,family,2025-07-30,Wed,Gupta Kirana Store,Groceries,groceries,UPI,3,905.0,0.0,,,,,905.0,False,False,
family-00171,family,2025-07-30,Wed,Gupta Kirana Store,Groceries,groceries,UPI,4,847.0,0.0,,,,,847.0,False,False,
family-00172,family,2025-07-30,Wed,Haldiram's,Food & Dining,restaurant,UPI,3,490.0,24.5,12.25,12.25,5,27YHXRV3267W1ZD,514.0,False,False,
family-00173,family,2025-08-01,Fri,Gupta Kirana Store,Groceries,groceries,UPI,5,1110.0,0.0,,,,,1110.0,False,False,
family-00174,family,2025-08-03,Sun,Gupta Kirana Store,Groceries,groceries,UPI,3,616.0,0.0,,,,,616.0,False,False,
family-00175,family,2025-08-03,Sun,D-Mart,Groceries,groceries,UPI,3,680.0,34.0,17.0,17.0,5,27ZONZF0290F1ZF,714.0,False,False,
family-00176,family,2025-08-03,Sun,Zomato,Food & Dining,restaurant,UPI,3,575.0,28.75,14.38,14.38,5,27NHZNV1427X1ZJ,604.0,False,False,
family-00177,family,2025-08-03,Sun,Reliance Trends,Shopping,clothing,UPI,3,4097.0,491.64,245.82,245.82,12,27RJVGM3590P1ZR,4589.0,False,False,
family-00178,family,2025-08-06,Wed,Haldiram's,Food & Dining,restaurant,UPI,2,450.0,22.5,11.25,11.25,5,27YHXRV3267W1ZD,472.0,False,False,
family-00179,family,2025-08-07,Thu,Gupta Kirana Store,Groceries,groceries,UPI,3,1130.0,0.0,,,,,1130.0,False,False,
family-00180,family,2025-08-08,Fri,Tata Play,Entertainment,telecom,UPI,1,297.0,53.46,26.73,26.73,18,27XIVML5029E1Z4,350.0,True,False,
family-00181,family,2025-08-09,Sat,D-Mart,Groceries,groceries,UPI,6,1500.0,75.0,37.5,37.5,5,27ZONZF0290F1ZF,1575.0,False,False,
family-00182,family,2025-08-10,Sun,HP Petrol Pump,Travel,fuel,UPI,1,2339.0,0.0,,,,27NXQQO6168R1ZD,2339.0,False,False,
family-00183,family,2025-08-11,Mon,Haldiram's,Food & Dining,restaurant,UPI,3,780.0,39.0,19.5,19.5,5,27YHXRV3267W1ZD,819.0,False,False,
family-00184,family,2025-08-13,Wed,Zomato,Food & Dining,restaurant,Cash,2,570.0,28.5,14.25,14.25,5,27NHZNV1427X1ZJ,598.0,False,False,
family-00185,family,2025-08-14,Thu,Haldiram's,Food & Dining,restaurant,UPI,2,340.0,17.0,8.5,8.5,5,27YHXRV3267W1ZD,357.0,False,False,
family-00186,family,2025-08-14,Thu,HP Petrol Pump,Travel,fuel,UPI,1,2080.0,0.0,,,,27NXQQO6168R1ZD,2080.0,False,False,
family-00187,family,2025-08-14,Thu,Maruti Service Centre,Travel,professional,UPI,1,22924.0,4126.32,2063.16,2063.16,18,27MXFKZ4260N1Z6,27050.0,False,True,unusual_merchant
family-00188,family,2025-08-15,Fri,Haldiram's,Food & Dining,restaurant,UPI,4,790.0,39.5,19.75,19.75,5,27YHXRV3267W1ZD,830.0,False,False,
family-00189,family,2025-08-15,Fri,Dr. Joshi Clinic,Health,healthcare,UPI,1,624.0,0.0,,,,27YKZCP9121B1ZV,624.0,False,False,
family-00190,family,2025-08-16,Sat,HP Petrol Pump,Travel,fuel,Cash,1,1503.0,0.0,,,,27NXQQO6168R1ZD,1503.0,False,False,
family-00191,family,2025-08-17,Sun,HP Petrol Pump,Travel,fuel,UPI,1,1352.0,0.0,,,,27NXQQO6168R1ZD,1352.0,False,False,
family-00192,family,2025-08-18,Mon,Gupta Kirana Store,Groceries,groceries,Cash,5,1160.0,0.0,,,,,1160.0,False,False,
family-00193,family,2025-08-18,Mon,Gupta Kirana Store,Groceries,groceries,UPI,2,306.0,0.0,,,,,306.0,False,False,
family-00194,family,2025-08-20,Wed,MSEDCL,Bills & Utilities,electricity,UPI,1,3832.0,0.0,,,,27OLUNG1885L1ZS,3832.0,True,False,
family-00195,family,2025-08-21,Thu,MedPlus,Health,medicine,UPI,2,480.0,57.6,28.8,28.8,12,27VZFXS6687M1ZS,538.0,False,False,
family-00196,family,2025-08-22,Fri,Gupta Kirana Store,Groceries,groceries,Card,2,445.0,0.0,,,,,445.0,False,False,
family-00197,family,2025-08-22,Fri,Gupta Kirana Store,Groceries,groceries,Cash,4,731.0,0.0,,,,,731.0,False,False,
family-00198,family,2025-08-23,Sat,Gupta Kirana Store,Groceries,groceries,Card,3,506.0,0.0,,,,,506.0,False,False,
family-00199,family,2025-08-23,Sat,HP Petrol Pump,Travel,fuel,UPI,1,1393.0,0.0,,,,27NXQQO6168R1ZD,1393.0,False,False,
family-00200,family,2025-08-24,Sun,Gupta Kirana Store,Groceries,groceries,UPI,2,456.0,0.0,,,,,456.0,False,False,
family-00201,family,2025-08-25,Mon,Jio Postpaid,Bills & Utilities,telecom,UPI,1,508.0,91.44,45.72,45.72,18,27RKMHB9573J1ZN,599.0,True,False,
family-00202,family,2025-08-26,Tue,Gupta Kirana Store,Groceries,groceries,Cash,5,1136.0,0.0,,,,,1136.0,False,False,
family-00203,family,2025-08-26,Tue,D-Mart,Groceries,groceries,UPI,5,1380.0,69.0,34.5,34.5,5,27ZONZF0290F1ZF,1449.0,False,False,
family-00204,family,2025-08-28,Thu,HP Petrol Pump,Travel,fuel,Cash,1,2292.0,0.0,,,,27NXQQO6168R1ZD,2292.0,False,False,
family-00205,family,2025-08-29,Fri,Gupta Kirana Store,Groceries,groceries,Cash,3,835.0,0.0,,,,,835.0,False,False,
family-00206,family,2025-08-29,Fri,Dr. Joshi Clinic,Health,healthcare,UPI,1,731.0,0.0,,,,27YKZCP9121B1ZV,731.0,False,False,
family-00207,family,2025-08-29,Fri,Gupta Kirana Store,Groceries,groceries,Cash,3,835.0,0.0,,,,,835.0,False,True,duplicate
family-00208,family,2025-08-30,Sat,Gupta Kirana Store,Groceries,groceries,UPI,5,1482.0,0.0,,,,,1482.0,False,False,
family-00209,family,2025-08-30,Sat,Gupta Kirana Store,Groceries,groceries,UPI,5,1217.0,0.0,,,,,1217.0,False,False,
family-00210,family,2025-08-30,Sat,Gupta Kirana Store,Groceries,groceries,UPI,2,472.0,0.0,,,,,472.0,False,False,
family-00211,family,2025-08-31,Sun,Gupta Kirana Store,Groceries,groceries,UPI,4,879.0,0.0,,,,,879.0,False,False,
family-00212,family,2025-09-05,Fri,Gupta Kirana Store,Groceries,groceries,Cash,2,740.0,0.0,,,,,740.0,False,False,
family-00213,family,2025-09-06,Sat,D-Mart,Groceries,groceries,UPI,3,670.0,33.5,16.75,16.75,5,27ZONZF0290F1ZF,704.0,False,False,
family-00214,family,2025-09-06,Sat,HP Petrol Pump,Travel,fuel,UPI,1,1620.0,0.0,,,,27NXQQO6168R1ZD,1620.0,False,False,
family-00215,family,2025-09-07,Sun,Haldiram's,Food & Dining,restaurant,Cash,2,490.0,24.5,12.25,12.25,5,27YHXRV3267W1ZD,514.0,False,False,
family-00216,family,2025-09-07,Sun,Haldiram's,Food & Dining,restaurant,UPI,2,480.0,24.0,12.0,12.0,5,27YHXRV3267W1ZD,504.0,False,False,
family-00217,family,2025-09-07,Sun,Zomato,Food & Dining,restaurant,Card,3,855.0,42.75,21.38,21.38,5,27NHZNV1427X1ZJ,898.0,False,False,
family-00218,family,2025-09-07,Sun,HP Petrol Pump,Travel,fuel,Cash,1,1120.0,0.0,,,,27NXQQO6168R1ZD,1120.0,False,False,
family-00219,family,2025-09-08,Mon,Gupta Kirana Store,Groceries,groceries,Card,2,211.0,0.0,,,,,211.0,False,False,
family-00220,family,2025-09-08,Mon,Tata Play,Entertainment,telecom,UPI,1,297.0,53.46,26.73,26.73,18,27XIVML5029E1Z4,350.0,True,False,
family-00221,family,2025-09-09,Tue,HP Petrol Pump,Travel,fuel,UPI,1,1730.0,0.0,,,,27NXQQO6168R1ZD,1730.0,False,False,
family-00222,family,2025-09-11,Thu,Gupta Kirana Store,Groceries,groceries,Cash,5,1037.0,0.0,,,,,1037.0,False,False,
family-00223,family,2025-09-13,Sat,Gupta Kirana Store,Groceries,groceries,Cash,3,1035.0,0.0,,,,,1035.0,False,False,
family-00224,family,2025-09-13,Sat,HP Petrol Pump,Travel,fuel,UPI,1,1948.0,0.0,,,,27NXQQO6168R1ZD,1948.0,False,False,
family-00225,family,2025-09-14,Sun,Zomato,Food & Dining,restaurant,Card,2,590.0,29.5,14.75,14.75,5,27NHZNV1427X1ZJ,620.0,False,False,
family-00226,family,2025-09-14,Sun,Dr. Joshi Clinic,Health,healthcare,Card,1,708.0,0.0,,,,27YKZCP9121B1ZV,708.0,False,False,
family-00227,family,2025-09-16,Tue,Zomato,Food & Dining,restaurant,Card,4,920.0,46.0,23.0,23.0,5,27NHZNV1427X1ZJ,966.0,False,False,
family-00228,family,2025-09-16,Tue,HP Petrol Pump,Travel,fuel,UPI,1,1112.0,0.0,,,,27NXQQO6168R1ZD,1112.0,False,False,
family-00229,family,2025-09-16,Tue,MedPlus,Health,medicine,UPI,1,60.0,7.2,3.6,3.6,12,27VZFXS6687M1ZS,67.0,False,False,
family-00230,family,2025-09-17,Wed,D-Mart,Groceries,groceries,Cash,4,1230.0,61.5,30.75,30.75,5,27ZONZF0290F1ZF,1292.0,False,False,
family-00231,family,2025-09-17,Wed,Reliance Trends,Shopping,clothing,UPI,1,899.0,44.95,22.48,22.48,5,27RJVGM3590P1ZR,944.0,False,False,
family-00232,family,2025-09-18,Thu,HP Petrol Pump,Travel,fuel,UPI,1,1920.0,0.0,,,,27NXQQO6168R1ZD,1920.0,False,False,
family-00233,family,2025-09-19,Fri,HP Petrol Pump,Travel,fuel,UPI,1,1495.0,0.0,,,,27NXQQO6168R1ZD,1495.0,False,False,
family-00234,family,2025-09-19,Fri,HP Petrol Pump,Travel,fuel,UPI,1,2055.0,0.0,,,,27NXQQO6168R1ZD,2055.0,False,False,
family-00235,family,2025-09-20,Sat,D-Mart,Groceries,groceries,Cash,3,650.0,32.5,16.25,16.25,5,27ZONZF0290F1ZF,682.0,False,False,
family-00236,family,2025-09-20,Sat,Haldiram's,Food & Dining,restaurant,Card,4,1180.0,59.0,29.5,29.5,5,27YHXRV3267W1ZD,1239.0,False,False,
family-00237,family,2025-09-20,Sat,MSEDCL,Bills & Utilities,electricity,UPI,1,2446.0,0.0,,,,27OLUNG1885L1ZS,2446.0,True,False,
family-00238,family,2025-09-21,Sun,D-Mart,Groceries,groceries,Card,5,880.0,44.0,22.0,22.0,5,27ZONZF0290F1ZF,924.0,False,False,
family-00239,family,2025-09-23,Tue,Zomato,Food & Dining,restaurant,UPI,4,1180.0,59.0,29.5,29.5,5,27NHZNV1427X1ZJ,1239.0,False,False,
family-00240,family,2025-09-23,Tue,Maruti Service Centre,Travel,professional,UPI,1,18791.0,3382.38,1691.19,1691.19,18,27MXFKZ4260N1Z6,22173.0,False,True,unusual_merchant
family-00241,family,2025-09-25,Thu,Gupta Kirana Store,Groceries,groceries,UPI,4,786.0,0.0,,,,,786.0,False,False,
family-00242,family,2025-09-25,Thu,Jio Postpaid,Bills & Utilities,telecom,UPI,1,508.0,91.44,45.72,45.72,18,27RKMHB9573J1ZN,599.0,True,False,
family-00243,family,2025-09-26,Fri,Gupta Kirana Store,Groceries,groceries,UPI,3,486.0,0.0,,,,,486.0,False,False,
family-00244,family,2025-09-26,Fri,Gupta Kirana Store,Groceries,groceries,Cash,5,887.0,0.0,,,,,887.0,False,False,
family-00245,family,2025-09-26,Fri,Gupta Kirana Store,Groceries,groceries,Cash,4,861.0,0.0,,,,,861.0,False,False,
family-00246,family,2025-09-26,Fri,Gupta Kirana Store,Groceries,groceries,Card,4,656.0,0.0,,,,,656.0,False,False,
family-00247,family,2025-09-27,Sat,Gupta Kirana Store,Groceries,groceries,UPI,4,1081.0,0.0,,,,,1081.0,False,False,
family-00248,family,2025-09-27,Sat,D-Mart,Groceries,groceries,Cash,6,1500.0,75.0,37.5,37.5,5,27ZONZF0290F1ZF,1575.0,False,False,
family-00249,family,2025-09-28,Sun,Gupta Kirana Store,Groceries,groceries,UPI,5,1046.0,0.0,,,,,1046.0,False,False,
family-00250,family,2025-09-28,Sun,D-Mart,Groceries,groceries,Card,3,1180.0,59.0,29.5,29.5,5,27ZONZF0290F1ZF,1239.0,False,False,
family-00251,family,2025-09-28,Sun,D-Mart,Groceries,groceries,UPI,4,500.0,25.0,12.5,12.5,5,27ZONZF0290F1ZF,525.0,False,False,
family-00252,family,2025-09-28,Sun,MedPlus,Health,medicine,UPI,2,480.0,24.0,12.0,12.0,5,27VZFXS6687M1ZS,504.0,False,False,
family-00253,family,2025-09-28,Sun,Reliance Trends,Shopping,clothing,Card,3,2497.0,124.85,62.42,62.42,5,27RJVGM3590P1ZR,2622.0,False,False,
family-00254,family,2025-09-28,Sun,Gupta Kirana Store,Groceries,groceries,UPI,5,1046.0,0.0,,,,,1046.0,False,True,duplicate
family-00255,family,2025-09-29,Mon,Gupta Kirana Store,Groceries,groceries,UPI,4,1220.0,0.0,,,,,1220.0,False,False,
family-00256,family,2025-09-29,Mon,Gupta Kirana Store,Groceries,groceries,UPI,3,450.0,0.0,,,,,450.0,False,False,
family-00257,family,2025-09-29,Mon,HP Petrol Pump,Travel,fuel,Card,1,1808.0,0.0,,,,27NXQQO6168R1ZD,1808.0,False,False,
family-00258,family,2025-09-30,Tue,Gupta Kirana Store,Groceries,groceries,UPI,5,1136.0,0.0,,,,,1136.0,False,False,
family-00259,family,2025-09-30,Tue,Gupta Kirana Store,Groceries,groceries,UPI,5,1136.0,0.0,,,,,1136.0,False,False,
family-00260,family,2025-10-02,Thu,Zomato,Food & Dining,restaurant,UPI,4,885.0,44.25,22.12,22.12,5,27NHZNV1427X1ZJ,929.0,False,False,
family-00261,family,2025-10-03,Fri,Gupta Kirana Store,Groceries,groceries,UPI,2,345.0,0.0,,,,,345.0,False,False,
family-00262,family,2025-10-04,Sat,Gupta Kirana Store,Groceries,groceries,Card,4,1384.0,0.0,,,,,1384.0,False,False,
family-00263,family,2025-10-04,Sat,D-Mart,Groceries,groceries,UPI,5,1120.0,56.0,28.0,28.0,5,27ZONZF0290F1ZF,1176.0,False,False,
family-00264,family,2025-10-04,Sat,Zomato,Food & Dining,restaurant,UPI,3,575.0,28.75,14.38,14.38,5,27NHZNV1427X1ZJ,604.0,False,False,
family-00265,family,2025-10-05,Sun,Gupta Kirana Store,Groceries,groceries,UPI,3,610.0,0.0,,,,,610.0,False,False,
family-00266,family,2025-10-05,Sun,Gupta Kirana Store,Groceries,groceries,UPI,5,904.0,0.0,,,,,904.0,False,False,
family-00267,family,2025-10-05,Sun,HP Petrol Pump,Travel,fuel,UPI,1,1729.0,0.0,,,,27NXQQO6168R1ZD,1729.0,False,False,
family-00268,family,2025-10-05,Sun,St. Xavier's School,Bills & Utilities,other,UPI,1,18000.0,0.0,,,,,18000.0,True,False,
family-00269,family,2025-10-06,Mon,Gupta Kirana Store,Groceries,groceries,Cash,2,526.0,0.0,,,,,526.0,False,False,
family-00270,family,2025-10-08,Wed,Reliance Trends,Shopping,clothing,UPI,2,1298.0,64.9,32.45,32.45,5,27RJVGM3590P1ZR,1363.0,False,False,
family-00271,family,2025-10-08,Wed,Tata Play,Entertainment,telecom,UPI,1,297.0,53.46,26.73,26.73,18,27XIVML5029E1Z4,350.0,True,False,
family-00272,family,2025-10-08,Wed,Reliance Trends,Shopping,clothing,UPI,2,1298.0,64.9,32.45,32.45,5,27RJVGM3590P1ZR,1363.0,False,True,duplicate
family-00273,family,2025-10-10,Fri,Gupta Kirana Store,Groceries,groceries,Card,5,812.0,0.0,,,,,812.0,False,False,
family-00274,family,2025-10-10,Fri,Gupta Kirana Store,Groceries,groceries,Cash,4,881.0,0.0,,,,,881.0,False,False,
family-00275,family,2025-10-10,Fri,HP Petrol Pump,Travel,fuel,UPI,1,1071.0,0.0,,,,27NXQQO6168R1ZD,1071.0,False,False,
family-00276,family,2025-10-10,Fri,LIC,Bills & Utilities,insurance,UPI,1,12500.0,0.0,,,,27OITUA1120K1ZK,12500.0,True,False,
family-00277,family,2025-10-11,Sat,Gupta Kirana Store,Groceries,groceries,Card,2,238.0,0.0,,,,,238.0,False,False,
family-00278,family,2025-10-11,Sat,Gupta Kirana Store,Groceries,groceries,Card,5,1046.0,0.0,,,,,1046.0,False,False,
family-00279,family,2025-10-13,Mon,Gupta Kirana Store,Groceries,groceries,UPI,5,1266.0,0.0,,,,,1266.0,False,False,
family-00280,family,2025-10-13,Mon,HP Petrol Pump,Travel,fuel,UPI,1,1195.0,0.0,,,,27NXQQO6168R1ZD,1195.0,False,False,
family-00281,family,2025-10-15,Wed,Zomato,Food & Dining,restaurant,Card,4,885.0,44.25,22.12,22.12,5,27NHZNV1427X1ZJ,929.0,False,False,
family-00282,family,2025-10-15,Wed,HP Petrol Pump,Travel,fuel,UPI,1,1496.0,0.0,,,,27NXQQO6168R1ZD,1496.0,False,False,
family-00283,family,2025-10-15,Wed,HP Petrol Pump,Travel,fuel,Cash,1,2495.0,0.0,,,,27NXQQO6168R1ZD,2495.0,False,False,
family-00284,family,2025-10-18,Sat,D-Mart,Groceries,groceries,UPI,5,1390.0,69.5,34.75,34.75,5,27ZONZF0290F1ZF,1460.0,False,False,
family-00285,family,2025-10-19,Sun,D-Mart,Groceries,groceries,UPI,5,880.0,44.0,22.0,22.0,5,27ZONZF0290F1ZF,924.0,False,False,
family-00286,family,2025-10-20,Mon,Zomato,Food & Dining,restaurant,Cash,3,950.0,47.5,23.75,23.75,5,27NHZNV1427X1ZJ,998.0,False,False,
family-00287,family,2025-10-20,Mon,MedPlus,Health,medicine,Card,1,280.0,14.0,7.0,7.0,5,27VZFXS6687M1ZS,294.0,False,False,
family-00288,family,2025-10-20,Mon,MSEDCL,Bills & Utilities,electricity,UPI,1,3925.0,0.0,,,,27OLUNG1885L1ZS,3925.0,True,False,
family-00289,family,2025-10-22,Wed,D-Mart,Groceries,groceries,Cash,4,1010.0,50.5,25.25,25.25,5,27ZONZF0290F1ZF,1060.0,False,False,
family-00290,family,2025-10-24,Fri,D-Mart,Groceries,groceries,UPI,4,1300.0,65.0,32.5,32.5,5,27ZONZF0290F1ZF,1365.0,False,False,
family-00291,family,2025-10-25,Sat,Gupta Kirana Store,Groceries,groceries,Card,2,370.0,0.0,,,,,370.0,False,False,
family-00292,family,2025-10-25,Sat,Gupta Kirana Store,Groceries,groceries,Card,4,656.0,0.0,,,,,656.0,False,False,
family-00293,family,2025-10-25,Sat,Gupta Kirana Store,Groceries,groceries,UPI,3,835.0,0.0,,,,,835.0,False,False,
family-00294,family,2025-10-25,Sat,Jio Postpaid,Bills & Utilities,telecom,UPI,1,508.0,91.44,45.72,45.72,18,27RKMHB9573J1ZN,599.0,True,False,
family-00295,family,2025-10-26,Sun,Tanishq,Shopping,jewellery,Cash,1,58157.0,1744.71,872.36,872.36,3,27VOBCL7727P1ZM,59902.0,False,False,
family-00296,family,2025-10-27,Mon,Apple Store,Shopping,electronics,UPI,1,79900.0,14382.0,7191.0,7191.0,18,27HBLZY9877K1Z1,94282.0,False,True,unusual_merchant
family-00297,family,2025-10-28,Tue,Gupta Kirana Store,Groceries,groceries,Card,5,1427.0,0.0,,,,,1427.0,False,False,
family-00298,family,2025-10-28,Tue,Reliance Trends,Shopping,clothing,Cash,2,1298.0,64.9,32.45,32.45,5,27RJVGM3590P1ZR,1363.0,False,False,
family-00299,family,2025-10-30,Thu,Gupta Kirana Store,Groceries,groceries,UPI,2,526.0,0.0,,,,,526.0,False,False,
family-00300,family,2025-10-30,Thu,Zomato,Food & Dining,restaurant,Cash,3,605.0,30.25,15.12,15.12,5,27NHZNV1427X1ZJ,635.0,False,False,
family-00301,family,2025-11-01,Sat,Gupta Kirana Store,Groceries,groceries,UPI,2,645.0,0.0,,,,,645.0,False,False,
family-00302,family,2025-11-02,Sun,Gupta Kirana Store,Groceries,groceries,UPI,3,1130.0,0.0,,,,,1130.0,False,False,
family-00303,family,2025-11-03,Mon,D-Mart,Groceries,groceries,UPI,6,1500.0,75.0,37.5,37.5,5,27ZONZF0290F1ZF,1575.0,False,False,
family-00304,family,2025-11-03,Mon,D-Mart,Groceries,groceries,Cash,5,1320.0,66.0,33.0,33.0,5,27ZONZF0290F1ZF,1386.0,False,False,
family-00305,family,2025-11-03,Mon,Zomato,Food & Dining,restaurant,Cash,4,885.0,44.25,22.12,22.12,5,27NHZNV1427X1ZJ,929.0,False,False,
family-00306,family,2025-11-05,Wed,HP Petrol Pump,Travel,fuel,Card,1,2440.0,0.0,,,,27NXQQO6168R1ZD,2440.0,False,False,
family-00307,family,2025-11-06,Thu,Gupta Kirana Store,Groceries,groceries,UPI,4,1220.0,0.0,,,,,1220.0,False,False,
family-00308,family,2025-11-06,Thu,Zomato,Food & Dining,restaurant,UPI,2,880.0,44.0,22.0,22.0,5,27NHZNV1427X1ZJ,924.0,False,False,
family-00309,family,2025-11-06,Thu,HP Petrol Pump,Travel,fuel,UPI,1,1652.0,0.0,,,,27NXQQO6168R1ZD,1652.0,False,False,
family-00310,family,2025-11-07,Fri,Reliance Trends,Shopping,clothing,UPI,2,3698.0,184.9,92.45,92.45,5,27RJVGM3590P1ZR,3883.0,False,False,
family-00311,family,2025-11-08,Sat,Tata Play,Entertainment,telecom,UPI,1,297.0,53.46,26.73,26.73,18,27XIVML5029E1Z4,350.0,True,False,
family-00312,family,2025-11-09,Sun,MedPlus,Health,medicine,UPI,2,480.0,24.0,12.0,12.0,5,27VZFXS6687M1ZS,504.0,False,False,
family-00313,family,2025-11-11,Tue,Haldiram's,Food & Dining,restaurant,UPI,4,810.0,40.5,20.25,20.25,5,27YHXRV3267W1ZD,850.0,False,False,
family-00314,family,2025-11-12,Wed,Gupta Kirana Store,Groceries,groceries,Card,3,925.0,0.0,,,,,925.0,False,False,
family-00315,family,2025-11-12,Wed,Haldiram's,Food & Dining,restaurant,Card,2,600.0,30.0,15.0,15.0,5,27YHXRV3267W1ZD,630.0,False,False,
family-00316,family,2025-11-13,Thu,Gupta Kirana Store,Groceries,groceries,UPI,3,696.0,0.0,,,,,696.0,False,False,
family-00317,family,2025-11-14,Fri,HP Petrol Pump,Travel,fuel,Cash,1,1664.0,0.0,,,,27NXQQO6168R1ZD,1664.0,False,False,
family-00318,family,2025-11-14,Fri,HP Petrol Pump,Travel,fuel,UPI,1,1931.0,0.0,,,,27NXQQO6168R1ZD,1931.0,False,False,
family-00319,family,2025-11-14,Fri,Reliance Trends,Shopping,clothing,Cash,1,2499.0,124.95,62.48,62.48,5,27RJVGM3590P1ZR,2624.0,False,False,
family-00320,family,2025-11-17,Mon,Haldiram's,Food & Dining,restaurant,Cash,2,330.0,16.5,8.25,8.25,5,27YHXRV3267W1ZD,346.0,False,False,
family-00321,family,2025-11-18,Tue,Haldiram's,Food & Dining,restaurant,Cash,3,640.0,32.0,16.0,16.0,5,27YHXRV3267W1ZD,672.0,False,False,
family-00322,family,2025-11-18,Tue,Reliance Trends,Shopping,clothing,UPI,3,4597.0,229.85,114.92,114.92,5,27RJVGM3590P1ZR,4827.0,False,False,
family-00323,family,2025-11-20,Thu,Gupta Kirana Store,Groceries,groceries,UPI,5,1220.0,0.0,,,,,1220.0,False,False,
family-00324,family,2025-11-20,Thu,MSEDCL,Bills & Utilities,electricity,UPI,1,3944.0,0.0,,,,27OLUNG1885L1ZS,3944.0,True,False,
family-00325,family,2025-11-21,Fri,Gupta Kirana Store,Groceries,groceries,UPI,3,901.0,0.0,,,,,901.0,False,False,
family-00326,family,2025-11-21,Fri,Zomato,Food & Dining,restaurant,UPI,4,1165.0,58.25,29.12,29.12,5,27NHZNV1427X1ZJ,1223.0,False,False,
family-00327,family,2025-11-21,Fri,Reliance Trends,Shopping,clothing,UPI,2,3398.0,169.9,84.95,84.95,5,27RJVGM3590P1ZR,3568.0,False,False,
family-00328,family,2025-11-22,Sat,Gupta Kirana Store,Groceries,groceries,UPI,3,742.0,0.0,,,,,742.0,False,False,
family-00329,family,2025-11-22,Sat,D-Mart,Groceries,groceries,UPI,4,500.0,25.0,12.5,12.5,5,27ZONZF0290F1ZF,525.0,False,False,
family-00330,family,2025-11-25,Tue,Gupta Kirana Store,Groceries,groceries,Card,2,507.0,0.0,,,,,507.0,False,False,
family-00331,family,2025-11-25,Tue,Jio Postpaid,Bills & Utilities,telecom,UPI,1,508.0,91.44,45.72,45.72,18,27RKMHB9573J1ZN,599.0,True,False,
family-00332,family,2025-11-26,Wed,D-Mart,Groceries,groceries,UPI,6,1500.0,75.0,37.5,37.5,5,27ZONZF0290F1ZF,1575.0,False,False,
family-00333,family,2025-11-26,Wed,MedPlus,Health,medicine,Cash,2,340.0,17.0,8.5,8.5,5,27VZFXS6687M1ZS,357.0,False,False,
family-00334,family,2025-11-27,Thu,Gupta Kirana Store,Groceries,groceries,Cash,4,1176.0,0.0,,,,,1176.0,False,False,
family-00335,family,2025-11-29,Sat,Gupta Kirana Store,Groceries,groceries,UPI,4,1282.0,0.0,,,,,1282.0,False,False,
family-00336,family,2025-11-29,Sat,D-Mart,Groceries,groceries,UPI,6,1500.0,75.0,37.5,37.5,5,27ZONZF0290F1ZF,1575.0,False,False,
family-00337,family,2025-11-29,Sat,D-Mart,Groceries,groceries,UPI,3,590.0,29.5,14.75,14.75,5,27ZONZF0290F1ZF,620.0,False,False,
family-00338,family,2025-11-30,Sun,D-Mart,Groceries,groceries,UPI,6,1500.0,75.0,37.5,37.5,5,27ZONZF0290F1ZF,1575.0,False,False,
family-00339,family,2025-12-01,Mon,Gupta Kirana Store,Groceries,groceries,UPI,5,1087.0,0.0,,,,,1087.0,False,False,
family-00340,family,2025-12-01,Mon,HP Petrol Pump,Travel,fuel,UPI,1,2371.0,0.0,,,,27NXQQO6168R1ZD,2371.0,False,False,
family-00341,family,2025-12-02,Tue,Gupta Kirana Store,Groceries,groceries,UPI,3,449.0,0.0,,,,,449.0,False,False,
family-00342,family,2025-12-02,Tue,Gupta Kirana Store,Groceries,groceries,UPI,4,1315.0,0.0,,,,,1315.0,False,False,
family-00343,family,2025-12-02,Tue,Gupta Kirana Store,Groceries,groceries,Card,2,483.0,0.0,,,,,483.0,False,False,
family-00344,family,2025-12-02,Tue,Haldiram's,Food & Dining,restaurant,Card,3,810.0,40.5,20.25,20.25,5,27YHXRV3267W1ZD,850.0,False,False,
family-00345,family,2025-12-02,Tue,Zomato,Food & Dining,restaurant,UPI,3,915.0,45.75,22.88,22.88,5,27NHZNV1427X1ZJ,961.0,False,False,
family-00346,family,2025-12-04,Thu,D-Mart,Groceries,groceries,UPI,6,1500.0,75.0,37.5,37.5,5,27ZONZF0290F1ZF,1575.0,False,False,
family-00347,family,2025-12-07,Sun,MedPlus,Health,medicine,UPI,2,340.0,17.0,8.5,8.5,5,27VZFXS6687M1ZS,357.0,False,False,
family-00348,family,2025-12-08,Mon,Tata Play,Entertainment,telecom,UPI,1,297.0,53.46,26.73,26.73,18,27XIVML5029E1Z4,350.0,True,False,
family-00349,family,2025-12-12,Fri,Gupta Kirana Store,Groceries,groceries,UPI,4,876.0,0.0,,,,,876.0,False,False,
family-00350,family,2025-12-13,Sat,Gupta Kirana Store,Groceries,groceries,UPI,5,989.0,0.0,,,,,989.0,False,False,
family-00351,family,2025-12-13,Sat,Zomato,Food & Dining,restaurant,Cash,2,540.0,27.0,13.5,13.5,5,27NHZNV1427X1ZJ,567.0,False,False,
family-00352,family,2025-12-14,Sun,D-Mart,Groceries,groceries,UPI,5,1390.0,69.5,34.75,34.75,5,27ZONZF0290F1ZF,1460.0,False,False,
family-00353,family,2025-12-15,Mon,Gupta Kirana Store,Groceries,groceries,UPI,4,748.0,0.0,,,,,748.0,False,False,
family-00354,family,2025-12-15,Mon,Zomato,Food & Dining,restaurant,UPI,2,295.0,14.75,7.38,7.38,5,27NHZNV1427X1ZJ,310.0,False,False,
family-00355,family,2025-12-16,Tue,Gupta Kirana Store,Groceries,groceries,UPI,3,740.0,0.0,,,,,740.0,False,False,
family-00356,family,2025-12-17,Wed,Gupta Kirana Store,Groceries,groceries,UPI,4,1000.0,0.0,,,,,1000.0,False,False,
family-00357,family,2025-12-17,Wed,HP Petrol Pump,Travel,fuel,UPI,1,1222.0,0.0,,,,27NXQQO6168R1ZD,1222.0,False,False,
family-00358,family,2025-12-17,Wed,MedPlus,Health,medicine,Card,2,340.0,17.0,8.5,8.5,5,27VZFXS6687M1ZS,357.0,False,False,
family-00359,family,2025-12-20,Sat,Gupta Kirana Store,Groceries,groceries,UPI,3,905.0,0.0,,,,,905.0,False,False,
family-00360,family,2025-12-20,Sat,HP Petrol Pump,Travel,fuel,UPI,1,1887.0,0.0,,,,27NXQQO6168R1ZD,1887.0,False,False,
family-00361,family,2025-12-20,Sat,MSEDCL,Bills & Utilities,electricity,UPI,1,2008.0,0.0,,,,27OLUNG1885L1ZS,2008.0,True,False,
family-00362,family,2025-12-23,Tue,D-Mart,Groceries,groceries,UPI,5,1320.0,66.0,33.0,33.0,5,27ZONZF0290F1ZF,1386.0,False,False,
family-00363,family,2025-12-25,Thu,MedPlus,Health,medicine,UPI,2,240.0,12.0,6.0,6.0,5,27VZFXS6687M1ZS,252.0,False,False,
family-00364,family,2025-12-25,Thu,Jio Postpaid,Bills & Utilities,telecom,UPI,1,508.0,91.44,45.72,45.72,18,27RKMHB9573J1ZN,599.0,True,False,
family-00365,family,2025-12-27,Sat,HP Petrol Pump,Travel,fuel,Card,1,2362.0,0.0,,,,27NXQQO6168R1ZD,2362.0,False,False,
family-00366,family,2025-12-28,Sun,Gupta Kirana Store,Groceries,groceries,UPI,5,899.0,0.0,,,,,899.0,False,False,
family-00367,family,2025-12-28,Sun,Gupta Kirana Store,Groceries,groceries,UPI,2,583.0,0.0,,,,,583.0,False,False,
family-00368,family,2025-12-28,Sun,D-Mart,Groceries,groceries,Cash,6,1500.0,75.0,37.5,37.5,5,27ZONZF0290F1ZF,1575.0,False,False,
family-00369,family,2025-12-29,Mon,Gupta Kirana Store,Groceries,groceries,Cash,4,913.0,0.0,,,,,913.0,False,False,
family-00370,family,2026-01-02,Fri,Zomato,Food & Dining,restaurant,UPI,3,935.0,46.75,23.38,23.38,5,27NHZNV1427X1ZJ,982.0,False,False,
family-00371,family,2026-01-04,Sun,Apple Store,Shopping,electronics,UPI,1,79900.0,14382.0,7191.0,7191.0,18,27HBLZY9877K1Z1,94282.0,False,True,unusual_merchant
family-00372,family,2026-01-05,Mon,St. Xavier's School,Bills & Utilities,other,UPI,1,18000.0,0.0,,,,,18000.0,True,False,
family-00373,family,2026-01-06,Tue,Gupta Kirana Store,Groceries,groceries,UPI,3,396.0,0.0,,,,,396.0,False,False,
family-00374,family,2026-01-07,Wed,Gupta Kirana Store,Groceries,groceries,Cash,4,971.0,0.0,,,,,971.0,False,False,
family-00375,family,2026-01-08,Thu,Gupta Kirana Store,Groceries,groceries,Cash,2,425.0,0.0,,,,,425.0,False,False,
family-00376,family,2026-01-08,Thu,Zomato,Food & Dining,restaurant,UPI,3,970.0,48.5,24.25,24.25,5,27NHZNV1427X1ZJ,1018.0,False,False,
family-00377,family,2026-01-08,Thu,HP Petrol Pump,Travel,fuel,Cash,1,2497.0,0.0,,,,27NXQQO6168R1ZD,2497.0,False,False,
family-00378,family,2026-01-08,Thu,Tata Play,Entertainment,telecom,UPI,1,297.0,53.46,26.73,26.73,18,27XIVML5029E1Z4,350.0,True,False,
family-00379,family,2026-01-10,Sat,LIC,Bills & Utilities,insurance,UPI,1,12500.0,0.0,,,,27OITUA1120K1ZK,12500.0,True,False,
family-00380,family,2026-01-11,Sun,Gupta Kirana Store,Groceries,groceries,Cash,3,730.0,0.0,,,,,730.0,False,False,
family-00381,family,2026-01-11,Sun,Gupta Kirana Store,Groceries,groceries,Card,3,925.0,0.0,,,,,925.0,False,False,
family-00382,family,2026-01-11,Sun,Haldiram's,Food & Dining,restaurant,Cash,3,4794,239.7,119.85,119.85,5,27YHXRV3267W1ZD,5034.0,False,True,spike
family-00383,family,2026-01-12,Mon,D-Mart,Groceries,groceries,UPI,5,1120.0,56.0,28.0,28.0,5,27ZONZF0290F1ZF,1176.0,False,False,
family-00384,family,2026-01-12,Mon,D-Mart,Groceries,groceries,UPI,4,1200.0,60.0,30.0,30.0,5,27ZONZF0290F1ZF,1260.0,False,False,
family-00385,family,2026-01-13,Tue,Gupta Kirana Store,Groceries,groceries,Cash,3,916.0,0.0,,,,,916.0,False,False,
family-00386,family,2026-01-13,Tue,Gupta Kirana Store,Groceries,groceries,Cash,2,306.0,0.0,,,,,306.0,False,False,
family-00387,family,2026-01-15,Thu,Gupta Kirana Store,Groceries,groceries,UPI,3,925.0,0.0,,,,,925.0,False,False,
family-00388,family,2026-01-17,Sat,Reliance Trends,Shopping,clothing,Cash,1,399.0,19.95,9.97,9.97,5,27RJVGM3590P1ZR,419.0,False,False,
family-00389,family,2026-01-18,Sun,D-Mart,Groceries,groceries,UPI,4,940.0,47.0,23.5,23.5,5,27ZONZF0290F1ZF,987.0,False,False,
family-00390,family,2026-01-18,Sun,Haldiram's,Food & Dining,restaurant,UPI,2,460.0,23.0,11.5,11.5,5,27YHXRV3267W1ZD,483.0,False,False,
family-00391,family,2026-01-18,Sun,Zomato,Food & Dining,restaurant,UPI,4,885.0,44.25,22.12,22.12,5,27NHZNV1427X1ZJ,929.0,False,False,
family-00392,family,2026-01-20,Tue,Gupta Kirana Store,Groceries,groceries,UPI,5,1594.0,0.0,,,,,1594.0,False,False,
family-00393,family,2026-01-20,Tue,HP Petrol Pump,Travel,fuel,Cash,1,1196.0,0.0,,,,27NXQQO6168R1ZD,1196.0,False,False,
family-00394,family,2026-01-20,Tue,MSEDCL,Bills & Utilities,electricity,UPI,1,2138.0,0.0,,,,27OLUNG1885L1ZS,2138.0,True,False,
family-00395,family,2026-01-21,Wed,Gupta Kirana Store,Groceries,groceries,UPI,5,1341.0,0.0,,,,,1341.0,False,False,
family-00396,family,2026-01-21,Wed,Gupta Kirana Store,Groceries,groceries,UPI,5,1046.0,0.0,,,,,1046.0,False,False,
family-00397,family,2026-01-21,Wed,Zomato,Food & Dining,restaurant,Cash,4,1145.0,57.25,28.62,28.62,5,27NHZNV1427X1ZJ,1202.0,False,False,
family-00398,family,2026-01-21,Wed,Gupta Kirana Store,Groceries,groceries,UPI,5,1046.0,0.0,,,,,1046.0,False,True,duplicate
family-00399,family,2026-01-22,Thu,MedPlus,Health,medicine,Cash,1,280.0,14.0,7.0,7.0,5,27VZFXS6687M1ZS,294.0,False,False,
family-00400,family,2026-01-23,Fri,Gupta Kirana Store,Groceries,groceries,Card,3,1137.0,0.0,,,,,1137.0,False,False,
family-00401,family,2026-01-24,Sat,Zomato,Food & Dining,restaurant,UPI,4,1180.0,59.0,29.5,29.5,5,27NHZNV1427X1ZJ,1239.0,False,False,
family-00402,family,2026-01-24,Sat,Zomato,Food & Dining,restaurant,Card,2,540.0,27.0,13.5,13.5,5,27NHZNV1427X1ZJ,567.0,False,False,
family-00403,family,2026-01-25,Sun,Gupta Kirana Store,Groceries,groceries,UPI,4,881.0,0.0,,,,,881.0,False,False,
family-00404,family,2026-01-25,Sun,D-Mart,Groceries,groceries,Cash,3,410.0,20.5,10.25,10.25,5,27ZONZF0290F1ZF,430.0,False,False,
family-00405,family,2026-01-25,Sun,Jio Postpaid,Bills & Utilities,telecom,UPI,1,508.0,91.44,45.72,45.72,18,27RKMHB9573J1ZN,599.0,True,False,
family-00406,family,2026-01-26,Mon,Zomato,Food & Dining,restaurant,UPI,4,920.0,46.0,23.0,23.0,5,27NHZNV1427X1ZJ,966.0,False,False,
family-00407,family,2026-01-27,Tue,Zomato,Food & Dining,restaurant,Card,3,625.0,31.25,15.62,15.62,5,27NHZNV1427X1ZJ,656.0,False,False,
family-00408,family,2026-01-28,Wed,Gupta Kirana Store,Groceries,groceries,Card,2,645.0,0.0,,,,,645.0,False,False,
family-00409,family,2026-01-28,Wed,Gupta Kirana Store,Groceries,groceries,Card,2,645.0,0.0,,,,,645.0,False,True,duplicate
family-00410,family,2026-01-30,Fri,HP Petrol Pump,Travel,fuel,UPI,1,1497.0,0.0,,,,27NXQQO6168R1ZD,1497.0,False,False,
family-00411,family,2026-01-30,Fri,HP Petrol Pump,Travel,fuel,UPI,1,1986.0,0.0,,,,27NXQQO6168R1ZD,1986.0,False,False,
family-00412,family,2026-01-31,Sat,Gupta Kirana Store,Groceries,groceries,UPI,3,471.0,0.0,,,,,471.0,False,False,
family-00413,family,2026-01-31,Sat,Reliance Trends,Shopping,clothing,UPI,3,4597.0,229.85,114.92,114.92,5,27RJVGM3590P1ZR,4827.0,False,False,
family-00414,family,2026-02-01,Sun,Gupta Kirana Store,Groceries,groceries,UPI,2,211.0,0.0,,,,,211.0,False,False,
family-00415,family,2026-02-01,Sun,D-Mart,Groceries,groceries,Cash,6,1500.0,75.0,37.5,37.5,5,27ZONZF0290F1ZF,1575.0,False,False,
family-00416,family,2026-02-02,Mon,Gupta Kirana Store,Groceries,groceries,UPI,5,1436.0,0.0,,,,,1436.0,False,False,
family-00417,family,2026-02-03,Tue,Gupta Kirana Store,Groceries,groceries,UPI,4,861.0,0.0,,,,,861.0,False,False,
family-00418,family,2026-02-03,Tue,D-Mart,Groceries,groceries,Cash,4,1200.0,60.0,30.0,30.0,5,27ZONZF0290F1ZF,1260.0,False,False,
family-00419,family,2026-02-04,Wed,HP Petrol Pump,Travel,fuel,UPI,1,1377.0,0.0,,,,27NXQQO6168R1ZD,1377.0,False,False,
family-00420,family,2026-02-05,Thu,D-Mart,Groceries,groceries,Cash,5,9681,484.05,242.03,242.03,5,27ZONZF0290F1ZF,10165.0,False,True,spike
family-00421,family,2026-02-05,Thu,D-Mart,Groceries,groceries,Card,5,1410.0,70.5,35.25,35.25,5,27ZONZF0290F1ZF,1480.0,False,False,
family-00422,family,2026-02-08,Sun,D-Mart,Groceries,groceries,UPI,3,1090.0,54.5,27.25,27.25,5,27ZONZF0290F1ZF,1144.0,False,False,
family-00423,family,2026-02-08,Sun,Tata Play,Entertainment,telecom,UPI,1,297.0,53.46,26.73,26.73,18,27XIVML5029E1Z4,350.0,True,False,
family-00424,family,2026-02-09,Mon,Gupta Kirana Store,Groceries,groceries,Cash,5,1136.0,0.0,,,,,1136.0,False,False,
family-00425,family,2026-02-09,Mon,HP Petrol Pump,Travel,fuel,Cash,1,2472.0,0.0,,,,27NXQQO6168R1ZD,2472.0,False,False,
family-00426,family,2026-02-10,Tue,HP Petrol Pump,Travel,fuel,Cash,1,2103.0,0.0,,,,27NXQQO6168R1ZD,2103.0,False,False,
family-00427,family,2026-02-11,Wed,Haldiram's,Food & Dining,restaurant,Cash,3,820.0,41.0,20.5,20.5,5,27YHXRV3267W1ZD,861.0,False,False,
family-00428,family,2026-02-12,Thu,D-Mart,Groceries,groceries,UPI,5,880.0,44.0,22.0,22.0,5,27ZONZF0290F1ZF,924.0,False,False,
family-00429,family,2026-02-12,Thu,Reliance Trends,Shopping,clothing,UPI,2,3398.0,169.9,84.95,84.95,5,27RJVGM3590P1ZR,3568.0,False,False,
family-00430,family,2026-02-13,Fri,Haldiram's,Food & Dining,restaurant,UPI,3,670.0,33.5,16.75,16.75,5,27YHXRV3267W1ZD,704.0,False,False,
family-00431,family,2026-02-14,Sat,Haldiram's,Food & Dining,restaurant,Card,3,490.0,24.5,12.25,12.25,5,27YHXRV3267W1ZD,514.0,False,False,
family-00432,family,2026-02-14,Sat,MedPlus,Health,medicine,Cash,1,420.0,21.0,10.5,10.5,5,27VZFXS6687M1ZS,441.0,False,False,
family-00433,family,2026-02-15,Sun,Gupta Kirana Store,Groceries,groceries,UPI,5,1480.0,0.0,,,,,1480.0,False,False,
family-00434,family,2026-02-15,Sun,D-Mart,Groceries,groceries,UPI,5,1390.0,69.5,34.75,34.75,5,27ZONZF0290F1ZF,1460.0,False,False,
family-00435,family,2026-02-16,Mon,Gupta Kirana Store,Groceries,groceries,UPI,5,969.0,0.0,,,,,969.0,False,False,
family-00436,family,2026-02-16,Mon,Zomato,Food & Dining,restaurant,Cash,2,900.0,45.0,22.5,22.5,5,27NHZNV1427X1ZJ,945.0,False,False,
family-00437,family,2026-02-17,Tue,HP Petrol Pump,Travel,fuel,Cash,1,1281.0,0.0,,,,27NXQQO6168R1ZD,1281.0,False,False,
family-00438,family,2026-02-18,Wed,D-Mart,Groceries,groceries,Card,6,1500.0,75.0,37.5,37.5,5,27ZONZF0290F1ZF,1575.0,False,False,
family-00439,family,2026-02-18,Wed,HP Petrol Pump,Travel,fuel,Card,1,13722,0.0,,,,27NXQQO6168R1ZD,13722.0,False,True,spike
family-00440,family,2026-02-18,Wed,MedPlus,Health,medicine,UPI,1,1597,79.85,39.92,39.92,5,27VZFXS6687M1ZS,1677.0,False,True,spike
family-00441,family,2026-02-18,Wed,MedPlus,Health,medicine,UPI,2,460.0,23.0,11.5,11.5,5,27VZFXS6687M1ZS,483.0,False,False,
family-00442,family,2026-02-18,Wed,Reliance Trends,Shopping,clothing,UPI,1,1199.0,59.95,29.98,29.98,5,27RJVGM3590P1ZR,1259.0,False,False,
family-00443,family,2026-02-19,Thu,Gupta Kirana Store,Groceries,groceries,Card,4,1112.0,0.0,,,,,1112.0,False,False,
family-00444,family,2026-02-19,Thu,Gupta Kirana Store,Groceries,groceries,Cash,4,886.0,0.0,,,,,886.0,False,False,
family-00445,family,2026-02-19,Thu,D-Mart,Groceries,groceries,UPI,6,1500.0,75.0,37.5,37.5,5,27ZONZF0290F1ZF,1575.0,False,False,
family-00446,family,2026-02-20,Fri,MSEDCL,Bills & Utilities,electricity,UPI,1,3538.0,0.0,,,,27OLUNG1885L1ZS,3538.0,True,False,
family-00447,family,2026-02-22,Sun,D-Mart,Groceries,groceries,Card,5,1390.0,69.5,34.75,34.75,5,27ZONZF0290F1ZF,1460.0,False,False,
family-00448,family,2026-02-23,Mon,Gupta Kirana Store,Groceries,groceries,UPI,2,211.0,0.0,,,,,211.0,False,False,
family-00449,family,2026-02-23,Mon,Gupta Kirana Store,Groceries,groceries,UPI,5,1102.0,0.0,,,,,1102.0,False,False,
family-00450,family,2026-02-23,Mon,Gupta Kirana Store,Groceries,groceries,Cash,3,609.0,0.0,,,,,609.0,False,False,
family-00451,family,2026-02-23,Mon,Gupta Kirana Store,Groceries,groceries,UPI,5,921.0,0.0,,,,,921.0,False,False,
family-00452,family,2026-02-23,Mon,D-Mart,Groceries,groceries,UPI,4,760.0,38.0,19.0,19.0,5,27ZONZF0290F1ZF,798.0,False,False,
family-00453,family,2026-02-25,Wed,Gupta Kirana Store,Groceries,groceries,UPI,5,1228.0,0.0,,,,,1228.0,False,False,
family-00454,family,2026-02-25,Wed,D-Mart,Groceries,groceries,UPI,5,880.0,44.0,22.0,22.0,5,27ZONZF0290F1ZF,924.0,False,False,
family-00455,family,2026-02-25,Wed,Jio Postpaid,Bills & Utilities,telecom,UPI,1,508.0,91.44,45.72,45.72,18,27RKMHB9573J1ZN,599.0,True,False,
family-00456,family,2026-02-26,Thu,HP Petrol Pump,Travel,fuel,UPI,1,1424.0,0.0,,,,27NXQQO6168R1ZD,1424.0,False,False,
family-00457,family,2026-03-01,Sun,Haldiram's,Food & Dining,restaurant,UPI,4,1150.0,57.5,28.75,28.75,5,27YHXRV3267W1ZD,1208.0,False,False,
family-00458,family,2026-03-02,Mon,Gupta Kirana Store,Groceries,groceries,Cash,5,1046.0,0.0,,,,,1046.0,False,False,
family-00459,family,2026-03-02,Mon,HP Petrol Pump,Travel,fuel,Cash,1,1290.0,0.0,,,,27NXQQO6168R1ZD,1290.0,False,False,
family-00460,family,2026-03-03,Tue,MedPlus,Health,medicine,Cash,1,60.0,3.0,1.5,1.5,5,27VZFXS6687M1ZS,63.0,False,False,
family-00461,family,2026-03-04,Wed,Gupta Kirana Store,Groceries,groceries,Card,4,1090.0,0.0,,,,,1090.0,False,False,
family-00462,family,2026-03-04,Wed,HP Petrol Pump,Travel,fuel,UPI,1,1584.0,0.0,,,,27NXQQO6168R1ZD,1584.0,False,False,
family-00463,family,2026-03-05,Thu,HP Petrol Pump,Travel,fuel,Cash,1,2142.0,0.0,,,,27NXQQO6168R1ZD,2142.0,False,False,
family-00464,family,2026-03-07,Sat,D-Mart,Groceries,groceries,UPI,5,1320.0,66.0,33.0,33.0,5,27ZONZF0290F1ZF,1386.0,False,False,
family-00465,family,2026-03-07,Sat,Haldiram's,Food & Dining,restaurant,Cash,3,640.0,32.0,16.0,16.0,5,27YHXRV3267W1ZD,672.0,False,False,
family-00466,family,2026-03-07,Sat,Zomato,Food & Dining,restaurant,Card,4,885.0,44.25,22.12,22.12,5,27NHZNV1427X1ZJ,929.0,False,False,
family-00467,family,2026-03-08,Sun,Tata Play,Entertainment,telecom,UPI,1,297.0,53.46,26.73,26.73,18,27XIVML5029E1Z4,350.0,True,False,
family-00468,family,2026-03-09,Mon,HP Petrol Pump,Travel,fuel,UPI,1,1178.0,0.0,,,,27NXQQO6168R1ZD,1178.0,False,False,
family-00469,family,2026-03-10,Tue,Zomato,Food & Dining,restaurant,UPI,3,625.0,31.25,15.62,15.62,5,27NHZNV1427X1ZJ,656.0,False,False,
family-00470,family,2026-03-11,Wed,Gupta Kirana Store,Groceries,groceries,UPI,3,4509,0.0,,,,,4509.0,False,True,spike
family-00471,family,2026-03-13,Fri,HP Petrol Pump,Travel,fuel,UPI,1,1411.0,0.0,,,,27NXQQO6168R1ZD,1411.0,False,False,
family-00472,family,2026-03-14,Sat,Gupta Kirana Store,Groceries,groceries,UPI,5,1255.0,0.0,,,,,1255.0,False,False,
family-00473,family,2026-03-14,Sat,Haldiram's,Food & Dining,restaurant,Cash,2,800.0,40.0,20.0,20.0,5,27YHXRV3267W1ZD,840.0,False,False,
family-00474,family,2026-03-15,Sun,Gupta Kirana Store,Groceries,groceries,UPI,3,778.0,0.0,,,,,778.0,False,False,
family-00475,family,2026-03-15,Sun,D-Mart,Groceries,groceries,UPI,5,1120.0,56.0,28.0,28.0,5,27ZONZF0290F1ZF,1176.0,False,False,
family-00476,family,2026-03-16,Mon,Gupta Kirana Store,Groceries,groceries,Cash,2,211.0,0.0,,,,,211.0,False,False,
family-00477,family,2026-03-16,Mon,Gupta Kirana Store,Groceries,groceries,UPI,3,1011.0,0.0,,,,,1011.0,False,False,
family-00478,family,2026-03-16,Mon,Maruti Service Centre,Travel,professional,UPI,1,23428.0,4217.04,2108.52,2108.52,18,27MXFKZ4260N1Z6,27645.0,False,True,unusual_merchant
family-00479,family,2026-03-17,Tue,Gupta Kirana Store,Groceries,groceries,UPI,4,788.0,0.0,,,,,788.0,False,False,
family-00480,family,2026-03-17,Tue,Reliance Trends,Shopping,clothing,UPI,1,1199.0,59.95,29.98,29.98,5,27RJVGM3590P1ZR,1259.0,False,False,
family-00481,family,2026-03-17,Tue,Gupta Kirana Store,Groceries,groceries,UPI,4,788.0,0.0,,,,,788.0,False,True,duplicate
family-00482,family,2026-03-18,Wed,Gupta Kirana Store,Groceries,groceries,UPI,2,400.0,0.0,,,,,400.0,False,False,
family-00483,family,2026-03-19,Thu,HP Petrol Pump,Travel,fuel,UPI,1,1707.0,0.0,,,,27NXQQO6168R1ZD,1707.0,False,False,
family-00484,family,2026-03-20,Fri,Gupta Kirana Store,Groceries,groceries,UPI,2,526.0,0.0,,,,,526.0,False,False,
family-00485,family,2026-03-20,Fri,MSEDCL,Bills & Utilities,electricity,UPI,1,2226.0,0.0,,,,27OLUNG1885L1ZS,2226.0,True,False,
family-00486,family,2026-03-22,Sun,Gupta Kirana Store,Groceries,groceries,Cash,3,916.0,0.0,,,,,916.0,False,False,
family-00487,family,2026-03-22,Sun,D-Mart,Groceries,groceries,UPI,3,920.0,46.0,23.0,23.0,5,27ZONZF0290F1ZF,966.0,False,False,
family-00488,family,2026-03-25,Wed,Gupta Kirana Store,Groceries,groceries,Card,3,596.0,0.0,,,,,596.0,False,False,
family-00489,family,2026-03-25,Wed,Gupta Kirana Store,Groceries,groceries,UPI,5,1266.0,0.0,,,,,1266.0,False,False,
family-00490,family,2026-03-25,Wed,HP Petrol Pump,Travel,fuel,UPI,1,1657.0,0.0,,,,27NXQQO6168R1ZD,1657.0,False,False,
family-00491,family,2026-03-25,Wed,Jio Postpaid,Bills & Utilities,telecom,UPI,1,508.0,91.44,45.72,45.72,18,27RKMHB9573J1ZN,599.0,True,False,
family-00492,family,2026-03-27,Fri,Gupta Kirana Store,Groceries,groceries,Card,3,784.0,0.0,,,,,784.0,False,False,
family-00493,family,2026-03-29,Sun,D-Mart,Groceries,groceries,UPI,3,850.0,42.5,21.25,21.25,5,27ZONZF0290F1ZF,892.0,False,False,
family-00494,family,2026-03-30,Mon,D-Mart,Groceries,groceries,Cash,4,760.0,38.0,19.0,19.0,5,27ZONZF0290F1ZF,798.0,False,False,
family-00495,family,2026-03-31,Tue,D-Mart,Groceries,groceries,UPI,3,890.0,44.5,22.25,22.25,5,27ZONZF0290F1ZF,934.0,False,False,
family-00496,family,2026-03-31,Tue,Zomato,Food & Dining,restaurant,UPI,4,885.0,44.25,22.12,22.12,5,27NHZNV1427X1ZJ,929.0,False,False,
family-00497,family,2026-04-02,Thu,Gupta Kirana Store,Groceries,groceries,Cash,4,915.0,0.0,,,,,915.0,False,False,
family-00498,family,2026-04-02,Thu,D-Mart,Groceries,groceries,Card,6,1500.0,75.0,37.5,37.5,5,27ZONZF0290F1ZF,1575.0,False,False,
family-00499,family,2026-04-03,Fri,Gupta Kirana Store,Groceries,groceries,UPI,3,601.0,0.0,,,,,601.0,False,False,
family-00500,family,2026-04-03,Fri,Gupta Kirana Store,Groceries,groceries,UPI,2,870.0,0.0,,,,,870.0,False,False,
family-00501,family,2026-04-03,Fri,D-Mart,Groceries,groceries,UPI,6,1500.0,75.0,37.5,37.5,5,27ZONZF0290F1ZF,1575.0,False,False,
family-00502,family,2026-04-04,Sat,Zomato,Food & Dining,restaurant,UPI,4,1165.0,58.25,29.12,29.12,5,27NHZNV1427X1ZJ,1223.0,False,False,
family-00503,family,2026-04-05,Sun,Gupta Kirana Store,Groceries,groceries,UPI,4,1444.0,0.0,,,,,1444.0,False,False,
family-00504,family,2026-04-05,Sun,St. Xavier's School,Bills & Utilities,other,UPI,1,18000.0,0.0,,,,,18000.0,True,False,
family-00505,family,2026-04-07,Tue,Gupta Kirana Store,Groceries,groceries,UPI,5,1005.0,0.0,,,,,1005.0,False,False,
family-00506,family,2026-04-07,Tue,Haldiram's,Food & Dining,restaurant,UPI,2,450.0,22.5,11.25,11.25,5,27YHXRV3267W1ZD,472.0,False,False,
family-00507,family,2026-04-08,Wed,Tata Play,Entertainment,telecom,UPI,1,297.0,53.46,26.73,26.73,18,27XIVML5029E1Z4,350.0,True,False,
family-00508,family,2026-04-09,Thu,Reliance Trends,Shopping,clothing,UPI,2,3698.0,184.9,92.45,92.45,5,27RJVGM3590P1ZR,3883.0,False,False,
family-00509,family,2026-04-10,Fri,Gupta Kirana Store,Groceries,groceries,UPI,5,1330.0,0.0,,,,,1330.0,False,False,
family-00510,family,2026-04-10,Fri,LIC,Bills & Utilities,insurance,UPI,1,12500.0,0.0,,,,27OITUA1120K1ZK,12500.0,True,False,
family-00511,family,2026-04-11,Sat,Gupta Kirana Store,Groceries,groceries,UPI,5,6759,0.0,,,,,6759.0,False,True,spike
family-00512,family,2026-04-11,Sat,Gupta Kirana Store,Groceries,groceries,UPI,4,824.0,0.0,,,,,824.0,False,False,
family-00513,family,2026-04-11,Sat,Gupta Kirana Store,Groceries,groceries,Card,5,1339.0,0.0,,,,,1339.0,False,False,
family-00514,family,2026-04-12,Sun,D-Mart,Groceries,groceries,UPI,3,320.0,16.0,8.0,8.0,5,27ZONZF0290F1ZF,336.0,False,False,
family-00515,family,2026-04-12,Sun,Haldiram's,Food & Dining,restaurant,Cash,3,940.0,47.0,23.5,23.5,5,27YHXRV3267W1ZD,987.0,False,False,
family-00516,family,2026-04-12,Sun,MedPlus,Health,medicine,Card,1,420.0,21.0,10.5,10.5,5,27VZFXS6687M1ZS,441.0,False,False,
family-00517,family,2026-04-14,Tue,Taj Exotica Goa,Travel,hotel_stay,Card,1,11340.0,2041.2,1020.6,1020.6,18,27ELKJQ9750O1ZS,13381.0,False,True,unusual_merchant
family-00518,family,2026-04-17,Fri,Gupta Kirana Store,Groceries,groceries,Cash,2,615.0,0.0,,,,,615.0,False,False,
family-00519,family,2026-04-17,Fri,Gupta Kirana Store,Groceries,groceries,UPI,5,7801,0.0,,,,,7801.0,False,True,spike
family-00520,family,2026-04-18,Sat,Haldiram's,Food & Dining,restaurant,UPI,2,500.0,25.0,12.5,12.5,5,27YHXRV3267W1ZD,525.0,False,False,
family-00521,family,2026-04-20,Mon,Gupta Kirana Store,Groceries,groceries,Card,5,1046.0,0.0,,,,,1046.0,False,False,
family-00522,family,2026-04-20,Mon,Gupta Kirana Store,Groceries,groceries,Card,3,740.0,0.0,,,,,740.0,False,False,
family-00523,family,2026-04-20,Mon,MSEDCL,Bills & Utilities,electricity,UPI,1,2403.0,0.0,,,,27OLUNG1885L1ZS,2403.0,True,False,
family-00524,family,2026-04-21,Tue,Gupta Kirana Store,Groceries,groceries,UPI,3,601.0,0.0,,,,,601.0,False,False,
family-00525,family,2026-04-21,Tue,Gupta Kirana Store,Groceries,groceries,Card,4,1292.0,0.0,,,,,1292.0,False,False,
family-00526,family,2026-04-21,Tue,D-Mart,Groceries,groceries,UPI,5,880.0,44.0,22.0,22.0,5,27ZONZF0290F1ZF,924.0,False,False,
family-00527,family,2026-04-21,Tue,Haldiram's,Food & Dining,restaurant,UPI,4,1130.0,56.5,28.25,28.25,5,27YHXRV3267W1ZD,1186.0,False,False,
family-00528,family,2026-04-22,Wed,HP Petrol Pump,Travel,fuel,UPI,1,1172.0,0.0,,,,27NXQQO6168R1ZD,1172.0,False,False,
family-00529,family,2026-04-23,Thu,Gupta Kirana Store,Groceries,groceries,Card,2,306.0,0.0,,,,,306.0,False,False,
family-00530,family,2026-04-23,Thu,HP Petrol Pump,Travel,fuel,UPI,1,1207.0,0.0,,,,27NXQQO6168R1ZD,1207.0,False,False,
family-00531,family,2026-04-24,Fri,Gupta Kirana Store,Groceries,groceries,UPI,3,1035.0,0.0,,,,,1035.0,False,False,
family-00532,family,2026-04-25,Sat,Reliance Trends,Shopping,clothing,Cash,3,2497.0,124.85,62.42,62.42,5,27RJVGM3590P1ZR,2622.0,False,False,
family-00533,family,2026-04-25,Sat,Jio Postpaid,Bills & Utilities,telecom,UPI,1,508.0,91.44,45.72,45.72,18,27RKMHB9573J1ZN,599.0,True,False,
family-00534,family,2026-04-27,Mon,Gupta Kirana Store,Groceries,groceries,UPI,2,306.0,0.0,,,,,306.0,False,False,
family-00535,family,2026-04-28,Tue,Gupta Kirana Store,Groceries,groceries,UPI,2,380.0,0.0,,,,,380.0,False,False,
family-00536,family,2026-04-28,Tue,Gupta Kirana Store,Groceries,groceries,Cash,4,1085.0,0.0,,,,,1085.0,False,False,
family-00537,family,2026-04-28,Tue,Haldiram's,Food & Dining,restaurant,UPI,3,640.0,32.0,16.0,16.0,5,27YHXRV3267W1ZD,672.0,False,False,
family-00538,family,2026-04-28,Tue,Haldiram's,Food & Dining,restaurant,UPI,2,490.0,24.5,12.25,12.25,5,27YHXRV3267W1ZD,514.0,False,False,
family-00539,family,2026-04-29,Wed,Gupta Kirana Store,Groceries,groceries,UPI,2,231.0,0.0,,,,,231.0,False,False,
family-00540,family,2026-04-29,Wed,Haldiram's,Food & Dining,restaurant,UPI,4,990.0,49.5,24.75,24.75,5,27YHXRV3267W1ZD,1040.0,False,False,
family-00541,family,2026-04-30,Thu,Gupta Kirana Store,Groceries,groceries,UPI,5,1449.0,0.0,,,,,1449.0,False,False,
family-00542,family,2026-05-01,Fri,D-Mart,Groceries,groceries,UPI,5,1320.0,66.0,33.0,33.0,5,27ZONZF0290F1ZF,1386.0,False,False,
family-00543,family,2026-05-01,Fri,D-Mart,Groceries,groceries,UPI,4,700.0,35.0,17.5,17.5,5,27ZONZF0290F1ZF,735.0,False,False,
family-00544,family,2026-05-01,Fri,D-Mart,Groceries,groceries,Card,6,1500.0,75.0,37.5,37.5,5,27ZONZF0290F1ZF,1575.0,False,False,
family-00545,family,2026-05-01,Fri,Zomato,Food & Dining,restaurant,UPI,3,625.0,31.25,15.62,15.62,5,27NHZNV1427X1ZJ,656.0,False,False,
family-00546,family,2026-05-02,Sat,Gupta Kirana Store,Groceries,groceries,UPI,4,890.0,0.0,,,,,890.0,False,False,
family-00547,family,2026-05-02,Sat,Haldiram's,Food & Dining,restaurant,UPI,2,500.0,25.0,12.5,12.5,5,27YHXRV3267W1ZD,525.0,False,False,
family-00548,family,2026-05-02,Sat,HP Petrol Pump,Travel,fuel,UPI,1,1390.0,0.0,,,,27NXQQO6168R1ZD,1390.0,False,False,
family-00549,family,2026-05-03,Sun,Gupta Kirana Store,Groceries,groceries,Cash,3,740.0,0.0,,,,,740.0,False,False,
family-00550,family,2026-05-03,Sun,Reliance Trends,Shopping,clothing,UPI,3,2497.0,124.85,62.42,62.42,5,27RJVGM3590P1ZR,2622.0,False,False,
family-00551,family,2026-05-05,Tue,Gupta Kirana Store,Groceries,groceries,UPI,3,740.0,0.0,,,,,740.0,False,False,
family-00552,family,2026-05-06,Wed,HP Petrol Pump,Travel,fuel,Card,1,1350.0,0.0,,,,27NXQQO6168R1ZD,1350.0,False,False,
family-00553,family,2026-05-07,Thu,Gupta Kirana Store,Groceries,groceries,UPI,5,1297.0,0.0,,,,,1297.0,False,False,
family-00554,family,2026-05-07,Thu,Zomato,Food & Dining,restaurant,UPI,3,605.0,30.25,15.12,15.12,5,27NHZNV1427X1ZJ,635.0,False,False,
family-00555,family,2026-05-08,Fri,D-Mart,Groceries,groceries,UPI,3,610.0,30.5,15.25,15.25,5,27ZONZF0290F1ZF,640.0,False,False,
family-00556,family,2026-05-08,Fri,Tata Play,Entertainment,telecom,UPI,1,297.0,53.46,26.73,26.73,18,27XIVML5029E1Z4,350.0,True,False,
family-00557,family,2026-05-10,Sun,D-Mart,Groceries,groceries,UPI,4,1010.0,50.5,25.25,25.25,5,27ZONZF0290F1ZF,1060.0,False,False,
family-00558,family,2026-05-13,Wed,Gupta Kirana Store,Groceries,groceries,Card,5,1046.0,0.0,,,,,1046.0,False,False,
family-00559,family,2026-05-13,Wed,HP Petrol Pump,Travel,fuel,Card,1,1070.0,0.0,,,,27NXQQO6168R1ZD,1070.0,False,False,
family-00560,family,2026-05-14,Thu,Gupta Kirana Store,Groceries,groceries,Cash,3,983.0,0.0,,,,,983.0,False,False,
family-00561,family,2026-05-14,Thu,Gupta Kirana Store,Groceries,groceries,UPI,5,1515.0,0.0,,,,,1515.0,False,False,
family-00562,family,2026-05-14,Thu,D-Mart,Groceries,groceries,Cash,5,1390.0,69.5,34.75,34.75,5,27ZONZF0290F1ZF,1460.0,False,False,
family-00563,family,2026-05-14,Thu,Maruti Service Centre,Travel,professional,UPI,1,25381.0,4568.58,2284.29,2284.29,18,27MXFKZ4260N1Z6,29950.0,False,True,unusual_merchant
family-00564,family,2026-05-15,Fri,Gupta Kirana Store,Groceries,groceries,Cash,5,1571.0,0.0,,,,,1571.0,False,False,
family-00565,family,2026-05-15,Fri,Taj Exotica Goa,Travel,hotel_stay,UPI,1,10158.0,1828.44,914.22,914.22,18,27ELKJQ9750O1ZS,11986.0,False,True,unusual_merchant
family-00566,family,2026-05-16,Sat,D-Mart,Groceries,groceries,UPI,3,850.0,42.5,21.25,21.25,5,27ZONZF0290F1ZF,892.0,False,False,
family-00567,family,2026-05-16,Sat,Zomato,Food & Dining,restaurant,UPI,4,885.0,44.25,22.12,22.12,5,27NHZNV1427X1ZJ,929.0,False,False,
family-00568,family,2026-05-16,Sat,HP Petrol Pump,Travel,fuel,Cash,1,1392.0,0.0,,,,27NXQQO6168R1ZD,1392.0,False,False,
family-00569,family,2026-05-17,Sun,Gupta Kirana Store,Groceries,groceries,Cash,5,802.0,0.0,,,,,802.0,False,False,
family-00570,family,2026-05-18,Mon,Gupta Kirana Store,Groceries,groceries,UPI,4,7082,0.0,,,,,7082.0,False,True,spike
family-00571,family,2026-05-18,Mon,D-Mart,Groceries,groceries,UPI,4,940.0,47.0,23.5,23.5,5,27ZONZF0290F1ZF,987.0,False,False,
family-00572,family,2026-05-19,Tue,Zomato,Food & Dining,restaurant,Cash,3,625.0,31.25,15.62,15.62,5,27NHZNV1427X1ZJ,656.0,False,False,
family-00573,family,2026-05-19,Tue,Zomato,Food & Dining,restaurant,UPI,3,850.0,42.5,21.25,21.25,5,27NHZNV1427X1ZJ,892.0,False,False,
family-00574,family,2026-05-20,Wed,Gupta Kirana Store,Groceries,groceries,UPI,4,656.0,0.0,,,,,656.0,False,False,
family-00575,family,2026-05-20,Wed,MSEDCL,Bills & Utilities,electricity,UPI,1,3330.0,0.0,,,,27OLUNG1885L1ZS,3330.0,True,False,
family-00576,family,2026-05-22,Fri,Gupta Kirana Store,Groceries,groceries,UPI,5,1393.0,0.0,,,,,1393.0,False,False,
family-00577,family,2026-05-23,Sat,Reliance Trends,Shopping,clothing,UPI,1,1199.0,59.95,29.98,29.98,5,27RJVGM3590P1ZR,1259.0,False,False,
family-00578,family,2026-05-25,Mon,D-Mart,Groceries,groceries,UPI,5,1390.0,69.5,34.75,34.75,5,27ZONZF0290F1ZF,1460.0,False,False,
family-00579,family,2026-05-25,Mon,HP Petrol Pump,Travel,fuel,UPI,1,2191.0,0.0,,,,27NXQQO6168R1ZD,2191.0,False,False,
family-00580,family,2026-05-25,Mon,Dr. Joshi Clinic,Health,healthcare,UPI,1,786.0,0.0,,,,27YKZCP9121B1ZV,786.0,False,False,
family-00581,family,2026-05-25,Mon,Jio Postpaid,Bills & Utilities,telecom,UPI,1,508.0,91.44,45.72,45.72,18,27RKMHB9573J1ZN,599.0,True,False,
family-00582,family,2026-05-29,Fri,Zomato,Food & Dining,restaurant,Cash,2,800.0,40.0,20.0,20.0,5,27NHZNV1427X1ZJ,840.0,False,False,
family-00583,family,2026-05-30,Sat,Gupta Kirana Store,Groceries,groceries,Cash,3,396.0,0.0,,,,,396.0,False,False,
family-00584,family,2026-05-31,Sun,D-Mart,Groceries,groceries,UPI,6,1500.0,75.0,37.5,37.5,5,27ZONZF0290F1ZF,1575.0,False,False,
family-00585,family,2026-05-31,Sun,D-Mart,Groceries,groceries,UPI,6,1500.0,75.0,37.5,37.5,5,27ZONZF0290F1ZF,1575.0,False,True,duplicate
family-00586,family,2026-06-02,Tue,Gupta Kirana Store,Groceries,groceries,Cash,5,1104.0,0.0,,,,,1104.0,False,False,
family-00587,family,2026-06-02,Tue,Gupta Kirana Store,Groceries,groceries,Cash,5,1104.0,0.0,,,,,1104.0,False,True,duplicate
family-00588,family,2026-06-04,Thu,HP Petrol Pump,Travel,fuel,Cash,1,2446.0,0.0,,,,27NXQQO6168R1ZD,2446.0,False,False,
family-00589,family,2026-06-06,Sat,Gupta Kirana Store,Groceries,groceries,UPI,3,344.0,0.0,,,,,344.0,False,False,
family-00590,family,2026-06-06,Sat,D-Mart,Groceries,groceries,UPI,3,680.0,34.0,17.0,17.0,5,27ZONZF0290F1ZF,714.0,False,False,
family-00591,family,2026-06-06,Sat,D-Mart,Groceries,groceries,Card,4,790.0,39.5,19.75,19.75,5,27ZONZF0290F1ZF,830.0,False,False,
family-00592,family,2026-06-06,Sat,Haldiram's,Food & Dining,restaurant,UPI,4,830.0,41.5,20.75,20.75,5,27YHXRV3267W1ZD,872.0,False,False,
family-00593,family,2026-06-07,Sun,Gupta Kirana Store,Groceries,groceries,UPI,5,1136.0,0.0,,,,,1136.0,False,False,
family-00594,family,2026-06-07,Sun,Haldiram's,Food & Dining,restaurant,Cash,3,660.0,33.0,16.5,16.5,5,27YHXRV3267W1ZD,693.0,False,False,
family-00595,family,2026-06-08,Mon,Gupta Kirana Store,Groceries,groceries,UPI,2,332.0,0.0,,,,,332.0,False,False,
family-00596,family,2026-06-08,Mon,Tata Play,Entertainment,telecom,UPI,1,297.0,53.46,26.73,26.73,18,27XIVML5029E1Z4,350.0,True,False,
family-00597,family,2026-06-09,Tue,Gupta Kirana Store,Groceries,groceries,UPI,4,876.0,0.0,,,,,876.0,False,False,
family-00598,family,2026-06-09,Tue,D-Mart,Groceries,groceries,UPI,3,1110.0,55.5,27.75,27.75,5,27ZONZF0290F1ZF,1166.0,False,False,
family-00599,family,2026-06-11,Thu,HP Petrol Pump,Travel,fuel,Cash,1,2394.0,0.0,,,,27NXQQO6168R1ZD,2394.0,False,False,
family-00600,family,2026-06-12,Fri,MedPlus,Health,medicine,Card,2,460.0,23.0,11.5,11.5,5,27VZFXS6687M1ZS,483.0,False,False,
family-00601,family,2026-06-12,Fri,MedPlus,Health,medicine,Card,2,460.0,23.0,11.5,11.5,5,27VZFXS6687M1ZS,483.0,False,True,duplicate
family-00602,family,2026-06-13,Sat,Haldiram's,Food & Dining,restaurant,UPI,4,1110.0,55.5,27.75,27.75,5,27YHXRV3267W1ZD,1166.0,False,False,
family-00603,family,2026-06-13,Sat,HP Petrol Pump,Travel,fuel,Card,1,2236.0,0.0,,,,27NXQQO6168R1ZD,2236.0,False,False,
family-00604,family,2026-06-14,Sun,Haldiram's,Food & Dining,restaurant,UPI,3,670.0,33.5,16.75,16.75,5,27YHXRV3267W1ZD,704.0,False,False,
family-00605,family,2026-06-15,Mon,Gupta Kirana Store,Groceries,groceries,UPI,4,786.0,0.0,,,,,786.0,False,False,
family-00606,family,2026-06-16,Tue,HP Petrol Pump,Travel,fuel,UPI,1,1009.0,0.0,,,,27NXQQO6168R1ZD,1009.0,False,False,
family-00607,family,2026-06-16,Tue,Reliance Trends,Shopping,clothing,Card,1,1199.0,59.95,29.98,29.98,5,27RJVGM3590P1ZR,1259.0,False,False,
family-00608,family,2026-06-17,Wed,Gupta Kirana Store,Groceries,groceries,UPI,2,436.0,0.0,,,,,436.0,False,False,
family-00609,family,2026-06-18,Thu,Gupta Kirana Store,Groceries,groceries,Cash,3,840.0,0.0,,,,,840.0,False,False,
family-00610,family,2026-06-18,Thu,Reliance Trends,Shopping,clothing,Card,1,1199.0,59.95,29.98,29.98,5,27RJVGM3590P1ZR,1259.0,False,False,
family-00611,family,2026-06-19,Fri,Gupta Kirana Store,Groceries,groceries,Cash,3,728.0,0.0,,,,,728.0,False,False,
family-00612,family,2026-06-20,Sat,Gupta Kirana Store,Groceries,groceries,UPI,2,439.0,0.0,,,,,439.0,False,False,
family-00613,family,2026-06-20,Sat,Reliance Trends,Shopping,clothing,Cash,2,1598.0,79.9,39.95,39.95,5,27RJVGM3590P1ZR,1678.0,False,False,
family-00614,family,2026-06-20,Sat,MSEDCL,Bills & Utilities,electricity,UPI,1,3699.0,0.0,,,,27OLUNG1885L1ZS,3699.0,True,False,
family-00615,family,2026-06-22,Mon,D-Mart,Groceries,groceries,UPI,5,1320.0,66.0,33.0,33.0,5,27ZONZF0290F1ZF,1386.0,False,False,
family-00616,family,2026-06-22,Mon,Haldiram's,Food & Dining,restaurant,UPI,4,1280.0,64.0,32.0,32.0,5,27YHXRV3267W1ZD,1344.0,False,False,
family-00617,family,2026-06-24,Wed,Gupta Kirana Store,Groceries,groceries,Card,5,917.0,0.0,,,,,917.0,False,False,
family-00618,family,2026-06-24,Wed,Gupta Kirana Store,Groceries,groceries,Cash,4,1146.0,0.0,,,,,1146.0,False,False,
family-00619,family,2026-06-25,Thu,Gupta Kirana Store,Groceries,groceries,Card,2,798.0,0.0,,,,,798.0,False,False,
family-00620,family,2026-06-25,Thu,D-Mart,Groceries,groceries,Cash,4,1290.0,64.5,32.25,32.25,5,27ZONZF0290F1ZF,1354.0,False,False,
family-00621,family,2026-06-25,Thu,Jio Postpaid,Bills & Utilities,telecom,UPI,1,508.0,91.44,45.72,45.72,18,27RKMHB9573J1ZN,599.0,True,False,
family-00622,family,2026-06-26,Fri,Haldiram's,Food & Dining,restaurant,Cash,2,490.0,24.5,12.25,12.25,5,27YHXRV3267W1ZD,514.0,False,False,
family-00623,family,2026-06-27,Sat,Gupta Kirana Store,Groceries,groceries,Cash,2,306.0,0.0,,,,,306.0,False,False,
family-00624,family,2026-06-27,Sat,HP Petrol Pump,Travel,fuel,UPI,1,2373.0,0.0,,,,27NXQQO6168R1ZD,2373.0,False,False,
family-00625,family,2026-06-28,Sun,D-Mart,Groceries,groceries,Cash,6,1500.0,75.0,37.5,37.5,5,27ZONZF0290F1ZF,1575.0,False,False,
family-00626,family,2026-06-29,Mon,Gupta Kirana Store,Groceries,groceries,Card,3,910.0,0.0,,,,,910.0,False,False,
family-00627,family,2026-07-02,Thu,Gupta Kirana Store,Groceries,groceries,Cash,2,650.0,0.0,,,,,650.0,False,False,
family-00628,family,2026-07-02,Thu,Gupta Kirana Store,Groceries,groceries,UPI,2,211.0,0.0,,,,,211.0,False,False,
family-00629,family,2026-07-02,Thu,Haldiram's,Food & Dining,restaurant,Cash,4,1100.0,55.0,27.5,27.5,5,27YHXRV3267W1ZD,1155.0,False,False,
family-00630,family,2026-07-03,Fri,Gupta Kirana Store,Groceries,groceries,UPI,5,6508,0.0,,,,,6508.0,False,True,spike
family-00631,family,2026-07-03,Fri,Gupta Kirana Store,Groceries,groceries,UPI,2,445.0,0.0,,,,,445.0,False,False,
family-00632,family,2026-07-04,Sat,Reliance Digital,Shopping,electronics,Cash,1,27990.0,5038.2,2519.1,2519.1,18,27JOAWX9772V1Z6,33028.0,False,False,
family-00633,family,2026-07-05,Sun,D-Mart,Groceries,groceries,UPI,3,1090.0,54.5,27.25,27.25,5,27ZONZF0290F1ZF,1144.0,False,False,
family-00634,family,2026-07-05,Sun,St. Xavier's School,Bills & Utilities,other,UPI,1,18000.0,0.0,,,,,18000.0,True,False,
family-00635,family,2026-07-06,Mon,Gupta Kirana Store,Groceries,groceries,UPI,5,947.0,0.0,,,,,947.0,False,False,
family-00636,family,2026-07-06,Mon,D-Mart,Groceries,groceries,Cash,5,1390.0,69.5,34.75,34.75,5,27ZONZF0290F1ZF,1460.0,False,False,
family-00637,family,2026-07-08,Wed,Tata Play,Entertainment,telecom,UPI,1,297.0,53.46,26.73,26.73,18,27XIVML5029E1Z4,350.0,True,False,
family-00638,family,2026-07-10,Fri,LIC,Bills & Utilities,insurance,UPI,1,12500.0,0.0,,,,27OITUA1120K1ZK,12500.0,True,False,
family-00639,family,2026-07-11,Sat,D-Mart,Groceries,groceries,UPI,4,760.0,38.0,19.0,19.0,5,27ZONZF0290F1ZF,798.0,False,False,
family-00640,family,2026-07-12,Sun,Haldiram's,Food & Dining,restaurant,UPI,4,810.0,40.5,20.25,20.25,5,27YHXRV3267W1ZD,850.0,False,False,
family-00641,family,2026-07-12,Sun,MedPlus,Health,medicine,Cash,1,60.0,3.0,1.5,1.5,5,27VZFXS6687M1ZS,63.0,False,False,
family-00642,family,2026-07-14,Tue,Haldiram's,Food & Dining,restaurant,UPI,3,630.0,31.5,15.75,15.75,5,27YHXRV3267W1ZD,662.0,False,False,
family-00643,family,2026-07-14,Tue,HP Petrol Pump,Travel,fuel,UPI,1,2190.0,0.0,,,,27NXQQO6168R1ZD,2190.0,False,False,
family-00644,family,2026-07-17,Fri,HP Petrol Pump,Travel,fuel,Card,1,1377.0,0.0,,,,27NXQQO6168R1ZD,1377.0,False,False,
family-00645,family,2026-07-18,Sat,Gupta Kirana Store,Groceries,groceries,UPI,5,979.0,0.0,,,,,979.0,False,False,
family-00646,family,2026-07-18,Sat,Haldiram's,Food & Dining,restaurant,Cash,2,340.0,17.0,8.5,8.5,5,27YHXRV3267W1ZD,357.0,False,False,
family-00647,family,2026-07-18,Sat,Zomato,Food & Dining,restaurant,Cash,3,605.0,30.25,15.12,15.12,5,27NHZNV1427X1ZJ,635.0,False,False,
family-00648,family,2026-07-19,Sun,Gupta Kirana Store,Groceries,groceries,Card,3,531.0,0.0,,,,,531.0,False,False,
family-00649,family,2026-07-19,Sun,Haldiram's,Food & Dining,restaurant,Card,4,960.0,48.0,24.0,24.0,5,27YHXRV3267W1ZD,1008.0,False,False,
family-00650,family,2026-07-20,Mon,MedPlus,Health,medicine,UPI,2,340.0,17.0,8.5,8.5,5,27VZFXS6687M1ZS,357.0,False,False,
family-00651,family,2026-07-20,Mon,MSEDCL,Bills & Utilities,electricity,UPI,1,2762.0,0.0,,,,27OLUNG1885L1ZS,2762.0,True,False,
family-00652,family,2026-07-22,Wed,Gupta Kirana Store,Groceries,groceries,UPI,3,916.0,0.0,,,,,916.0,False,False,
family-00653,family,2026-07-22,Wed,Gupta Kirana Store,Groceries,groceries,UPI,2,555.0,0.0,,,,,555.0,False,False,
family-00654,family,2026-07-23,Thu,Reliance Digital,Shopping,electronics,UPI,1,27990.0,5038.2,2519.1,2519.1,18,27JOAWX9772V1Z6,33028.0,False,False,
family-00655,family,2026-07-25,Sat,Jio Postpaid,Bills & Utilities,telecom,UPI,1,508.0,91.44,45.72,45.72,18,27RKMHB9573J1ZN,599.0,True,False,
family-00656,family,2026-07-26,Sun,Zomato,Food & Dining,restaurant,UPI,2,590.0,29.5,14.75,14.75,5,27NHZNV1427X1ZJ,620.0,False,False,
family-00657,family,2026-07-26,Sun,Reliance Trends,Shopping,clothing,Cash,1,1199.0,59.95,29.98,29.98,5,27RJVGM3590P1ZR,1259.0,False,False,
family-00658,family,2026-07-27,Mon,Reliance Trends,Shopping,clothing,UPI,3,4097.0,204.85,102.42,102.42,5,27RJVGM3590P1ZR,4302.0,False,False,
family-00659,family,2026-07-28,Tue,MedPlus,Health,medicine,UPI,1,60.0,3.0,1.5,1.5,5,27VZFXS6687M1ZS,63.0,False,False,
family-00660,family,2026-07-29,Wed,D-Mart,Groceries,groceries,UPI,5,1410.0,70.5,35.25,35.25,5,27ZONZF0290F1ZF,1480.0,False,False,
family-00661,family,2026-07-30,Thu,Gupta Kirana Store,Groceries,groceries,Cash,5,1161.0,0.0,,,,,1161.0,False,False,
family-00662,family,2026-08-02,Sun,Zomato,Food & Dining,restaurant,UPI,4,885.0,44.25,22.12,22.12,5,27NHZNV1427X1ZJ,929.0,False,False,
family-00663,family,2026-08-02,Sun,HP Petrol Pump,Travel,fuel,UPI,1,1948.0,0.0,,,,27NXQQO6168R1ZD,1948.0,False,False,
family-00664,family,2026-08-04,Tue,Gupta Kirana Store,Groceries,groceries,UPI,4,793.0,0.0,,,,,793.0,False,False,
family-00665,family,2026-08-04,Tue,HP Petrol Pump,Travel,fuel,UPI,1,1621.0,0.0,,,,27NXQQO6168R1ZD,1621.0,False,False,
family-00666,family,2026-08-05,Wed,Gupta Kirana Store,Groceries,groceries,UPI,5,781.0,0.0,,,,,781.0,False,False,
family-00667,family,2026-08-06,Thu,Gupta Kirana Store,Groceries,groceries,Cash,5,1480.0,0.0,,,,,1480.0,False,False,
family-00668,family,2026-08-08,Sat,Gupta Kirana Store,Groceries,groceries,Cash,5,1075.0,0.0,,,,,1075.0,False,False,
family-00669,family,2026-08-08,Sat,Tata Play,Entertainment,telecom,UPI,1,297.0,53.46,26.73,26.73,18,27XIVML5029E1Z4,350.0,True,False,
family-00670,family,2026-08-10,Mon,Haldiram's,Food & Dining,restaurant,Card,2,520.0,26.0,13.0,13.0,5,27YHXRV3267W1ZD,546.0,False,False,
family-00671,family,2026-08-10,Mon,Zomato,Food & Dining,restaurant,UPI,3,605.0,30.25,15.12,15.12,5,27NHZNV1427X1ZJ,635.0,False,False,
family-00672,family,2026-08-11,Tue,Gupta Kirana Store,Groceries,groceries,Cash,5,1420.0,0.0,,,,,1420.0,False,False,
family-00673,family,2026-08-11,Tue,HP Petrol Pump,Travel,fuel,UPI,1,2189.0,0.0,,,,27NXQQO6168R1ZD,2189.0,False,False,
family-00674,family,2026-08-12,Wed,Gupta Kirana Store,Groceries,groceries,UPI,4,1090.0,0.0,,,,,1090.0,False,False,
family-00675,family,2026-08-12,Wed,Gupta Kirana Store,Groceries,groceries,UPI,3,891.0,0.0,,,,,891.0,False,False,
family-00676,family,2026-08-12,Wed,D-Mart,Groceries,groceries,UPI,3,380.0,19.0,9.5,9.5,5,27ZONZF0290F1ZF,399.0,False,False,
family-00677,family,2026-08-14,Fri,Gupta Kirana Store,Groceries,groceries,Cash,3,1046.0,0.0,,,,,1046.0,False,False,
family-00678,family,2026-08-15,Sat,HP Petrol Pump,Travel,fuel,UPI,1,1703.0,0.0,,,,27NXQQO6168R1ZD,1703.0,False,False,
family-00679,family,2026-08-16,Sun,Gupta Kirana Store,Groceries,groceries,Cash,2,436.0,0.0,,,,,436.0,False,False,
family-00680,family,2026-08-16,Sun,Gupta Kirana Store,Groceries,groceries,UPI,4,1345.0,0.0,,,,,1345.0,False,False,
family-00681,family,2026-08-16,Sun,D-Mart,Groceries,groceries,UPI,3,680.0,34.0,17.0,17.0,5,27ZONZF0290F1ZF,714.0,False,False,
family-00682,family,2026-08-17,Mon,HP Petrol Pump,Travel,fuel,UPI,1,1524.0,0.0,,,,27NXQQO6168R1ZD,1524.0,False,False,
family-00683,family,2026-08-19,Wed,Gupta Kirana Store,Groceries,groceries,Card,4,881.0,0.0,,,,,881.0,False,False,
family-00684,family,2026-08-20,Thu,D-Mart,Groceries,groceries,UPI,3,920.0,46.0,23.0,23.0,5,27ZONZF0290F1ZF,966.0,False,False,
family-00685,family,2026-08-20,Thu,MSEDCL,Bills & Utilities,electricity,UPI,1,3735.0,0.0,,,,27OLUNG1885L1ZS,3735.0,True,False,
family-00686,family,2026-08-21,Fri,Gupta Kirana Store,Groceries,groceries,UPI,3,905.0,0.0,,,,,905.0,False,False,
family-00687,family,2026-08-24,Mon,Gupta Kirana Store,Groceries,groceries,UPI,2,211.0,0.0,,,,,211.0,False,False,
family-00688,family,2026-08-24,Mon,Gupta Kirana Store,Groceries,groceries,UPI,2,231.0,0.0,,,,,231.0,False,False,
family-00689,family,2026-08-24,Mon,Zomato,Food & Dining,restaurant,UPI,3,605.0,30.25,15.12,15.12,5,27NHZNV1427X1ZJ,635.0,False,False,
family-00690,family,2026-08-24,Mon,Reliance Trends,Shopping,clothing,UPI,2,1298.0,64.9,32.45,32.45,5,27RJVGM3590P1ZR,1363.0,False,False,
family-00691,family,2026-08-25,Tue,Zomato,Food & Dining,restaurant,UPI,2,590.0,29.5,14.75,14.75,5,27NHZNV1427X1ZJ,620.0,False,False,
family-00692,family,2026-08-25,Tue,Jio Postpaid,Bills & Utilities,telecom,UPI,1,508.0,91.44,45.72,45.72,18,27RKMHB9573J1ZN,599.0,True,False,
family-00693,family,2026-08-26,Wed,Gupta Kirana Store,Groceries,groceries,Cash,2,494.0,0.0,,,,,494.0,False,False,
family-00694,family,2026-08-26,Wed,D-Mart,Groceries,groceries,UPI,3,1120.0,56.0,28.0,28.0,5,27ZONZF0290F1ZF,1176.0,False,False,
family-00695,family,2026-08-27,Thu,Gupta Kirana Store,Groceries,groceries,Card,4,1000.0,0.0,,,,,1000.0,False,False,
family-00696,family,2026-08-27,Thu,D-Mart,Groceries,groceries,Card,5,1410.0,70.5,35.25,35.25,5,27ZONZF0290F1ZF,1480.0,False,False,
family-00697,family,2026-08-27,Thu,Zomato,Food & Dining,restaurant,Cash,4,1165.0,58.25,29.12,29.12,5,27NHZNV1427X1ZJ,1223.0,False,False,
family-00698,family,2026-08-27,Thu,HP Petrol Pump,Travel,fuel,UPI,1,2184.0,0.0,,,,27NXQQO6168R1ZD,2184.0,False,False,
family-00699,family,2026-08-28,Fri,HP Petrol Pump,Travel,fuel,UPI,1,2073.0,0.0,,,,27NXQQO6168R1ZD,2073.0,False,False,
family-00700,family,2026-08-29,Sat,Gupta Kirana Store,Groceries,groceries,UPI,4,1134.0,0.0,,,,,1134.0,False,False,
family-00701,family,2026-09-01,Tue,D-Mart,Groceries,groceries,Card,6,1500.0,75.0,37.5,37.5,5,27ZONZF0290F1ZF,1575.0,False,False,
family-00702,family,2026-09-01,Tue,Haldiram's,Food & Dining,restaurant,Cash,4,990.0,49.5,24.75,24.75,5,27YHXRV3267W1ZD,1040.0,False,False,
family-00703,family,2026-09-01,Tue,HP Petrol Pump,Travel,fuel,UPI,1,1897.0,0.0,,,,27NXQQO6168R1ZD,1897.0,False,False,
family-00704,family,2026-09-05,Sat,Gupta Kirana Store,Groceries,groceries,UPI,5,1480.0,0.0,,,,,1480.0,False,False,
family-00705,family,2026-09-05,Sat,D-Mart,Groceries,groceries,UPI,6,1500.0,75.0,37.5,37.5,5,27ZONZF0290F1ZF,1575.0,False,False,
family-00706,family,2026-09-05,Sat,Haldiram's,Food & Dining,restaurant,Cash,2,490.0,24.5,12.25,12.25,5,27YHXRV3267W1ZD,514.0,False,False,
family-00707,family,2026-09-06,Sun,HP Petrol Pump,Travel,fuel,UPI,1,2391.0,0.0,,,,27NXQQO6168R1ZD,2391.0,False,False,
family-00708,family,2026-09-07,Mon,Haldiram's,Food & Dining,restaurant,Card,3,620.0,31.0,15.5,15.5,5,27YHXRV3267W1ZD,651.0,False,False,
family-00709,family,2026-09-08,Tue,D-Mart,Groceries,groceries,Card,3,650.0,32.5,16.25,16.25,5,27ZONZF0290F1ZF,682.0,False,False,
family-00710,family,2026-09-08,Tue,Tata Play,Entertainment,telecom,UPI,1,297.0,53.46,26.73,26.73,18,27XIVML5029E1Z4,350.0,True,False,
family-00711,family,2026-09-11,Fri,Zomato,Food & Dining,restaurant,UPI,2,330.0,16.5,8.25,8.25,5,27NHZNV1427X1ZJ,346.0,False,False,
family-00712,family,2026-09-11,Fri,HP Petrol Pump,Travel,fuel,UPI,1,2223.0,0.0,,,,27NXQQO6168R1ZD,2223.0,False,False,
family-00713,family,2026-09-13,Sun,Gupta Kirana Store,Groceries,groceries,Card,5,995.0,0.0,,,,,995.0,False,False,
family-00714,family,2026-09-13,Sun,D-Mart,Groceries,groceries,UPI,6,1500.0,75.0,37.5,37.5,5,27ZONZF0290F1ZF,1575.0,False,False,
family-00715,family,2026-09-13,Sun,Haldiram's,Food & Dining,restaurant,UPI,3,510.0,25.5,12.75,12.75,5,27YHXRV3267W1ZD,536.0,False,False,
family-00716,family,2026-09-14,Mon,Gupta Kirana Store,Groceries,groceries,UPI,2,507.0,0.0,,,,,507.0,False,False,
family-00717,family,2026-09-14,Mon,Zomato,Food & Dining,restaurant,UPI,3,1130.0,56.5,28.25,28.25,5,27NHZNV1427X1ZJ,1186.0,False,False,
family-00718,family,2026-09-14,Mon,Zomato,Food & Dining,restaurant,UPI,3,850.0,42.5,21.25,21.25,5,27NHZNV1427X1ZJ,892.0,False,False,
family-00719,family,2026-09-15,Tue,Reliance Trends,Shopping,clothing,UPI,3,4097.0,204.85,102.42,102.42,5,27RJVGM3590P1ZR,4302.0,False,False,
family-00720,family,2026-09-16,Wed,D-Mart,Groceries,groceries,UPI,4,760.0,38.0,19.0,19.0,5,27ZONZF0290F1ZF,798.0,False,False,
family-00721,family,2026-09-17,Thu,Gupta Kirana Store,Groceries,groceries,UPI,3,949.0,0.0,,,,,949.0,False,False,
family-00722,family,2026-09-17,Thu,D-Mart,Groceries,groceries,UPI,6,1500.0,75.0,37.5,37.5,5,27ZONZF0290F1ZF,1575.0,False,False,
family-00723,family,2026-09-18,Fri,Reliance Trends,Shopping,clothing,UPI,1,899.0,44.95,22.48,22.48,5,27RJVGM3590P1ZR,944.0,False,False,
family-00724,family,2026-09-19,Sat,Haldiram's,Food & Dining,restaurant,Card,2,440.0,22.0,11.0,11.0,5,27YHXRV3267W1ZD,462.0,False,False,
family-00725,family,2026-09-20,Sun,MSEDCL,Bills & Utilities,electricity,UPI,1,3325.0,0.0,,,,27OLUNG1885L1ZS,3325.0,True,False,
family-00726,family,2026-09-22,Tue,D-Mart,Groceries,groceries,UPI,5,880.0,44.0,22.0,22.0,5,27ZONZF0290F1ZF,924.0,False,False,
family-00727,family,2026-09-22,Tue,Reliance Trends,Shopping,clothing,UPI,2,3698.0,184.9,92.45,92.45,5,27RJVGM3590P1ZR,3883.0,False,False,
family-00728,family,2026-09-23,Wed,Gupta Kirana Store,Groceries,groceries,UPI,3,396.0,0.0,,,,,396.0,False,False,
family-00729,family,2026-09-24,Thu,Gupta Kirana Store,Groceries,groceries,UPI,5,1462.0,0.0,,,,,1462.0,False,False,
family-00730,family,2026-09-24,Thu,D-Mart,Groceries,groceries,Cash,3,610.0,30.5,15.25,15.25,5,27ZONZF0290F1ZF,640.0,False,False,
family-00731,family,2026-09-24,Thu,Haldiram's,Food & Dining,restaurant,UPI,2,460.0,23.0,11.5,11.5,5,27YHXRV3267W1ZD,483.0,False,False,
family-00732,family,2026-09-24,Thu,Zomato,Food & Dining,restaurant,Cash,2,590.0,29.5,14.75,14.75,5,27NHZNV1427X1ZJ,620.0,False,False,
family-00733,family,2026-09-25,Fri,D-Mart,Groceries,groceries,Card,4,1000.0,50.0,25.0,25.0,5,27ZONZF0290F1ZF,1050.0,False,False,
family-00734,family,2026-09-25,Fri,Jio Postpaid,Bills & Utilities,telecom,UPI,1,508.0,91.44,45.72,45.72,18,27RKMHB9573J1ZN,599.0,True,False,
family-00735,family,2026-09-26,Sat,D-Mart,Groceries,groceries,UPI,4,700.0,35.0,17.5,17.5,5,27ZONZF0290F1ZF,735.0,False,False,
family-00736,family,2026-09-26,Sat,Haldiram's,Food & Dining,restaurant,UPI,2,320.0,16.0,8.0,8.0,5,27YHXRV3267W1ZD,336.0,False,False,
family-00737,family,2026-09-26,Sat,Zomato,Food & Dining,restaurant,Cash,3,1110.0,55.5,27.75,27.75,5,27NHZNV1427X1ZJ,1166.0,False,False,
family-00738,family,2026-09-26,Sat,HP Petrol Pump,Travel,fuel,Cash,1,1581.0,0.0,,,,27NXQQO6168R1ZD,1581.0,False,False,
family-00739,family,2026-09-26,Sat,Reliance Trends,Shopping,clothing,UPI,1,899.0,44.95,22.48,22.48,5,27RJVGM3590P1ZR,944.0,False,False,
family-00740,family,2026-09-27,Sun,Reliance Trends,Shopping,clothing,Card,1,2499.0,124.95,62.48,62.48,5,27RJVGM3590P1ZR,2624.0,False,False,
family-00741,family,2026-09-28,Mon,Zomato,Food & Dining,restaurant,UPI,2,590.0,29.5,14.75,14.75,5,27NHZNV1427X1ZJ,620.0,False,False,
